{"leaf": true, "dir": "snapshots/hybrid_3d_crf/0318/0/1", "n_nets": 1, "name": "Hybrid3DCRF_0_1", "ari": [0.8349618911743164], "miou": [0.6411805748939514], "accuracy": [0.9385278820991516], "n_params": [691951], "n_iterations": 32400}