{"leaf": true, "dir": "snapshots/random_hybrid_3d/0424/56/0", "n_nets": 1, "name": "Hybrid3DCRF_56_1", "ari": [0.8293031454086304], "miou": [0.6149765849113464], "accuracy": [0.937075138092041], "n_params": [3225911], "n_iterations": 55200}