{"leaf": true, "dir": "snapshots/random_hybrid_3d/0416/246/1", "n_nets": 1, "name": "Hybrid3DCRF_246_0", "ari": [0.8388405442237854], "miou": [0.5749616026878357], "accuracy": [0.942478597164154], "n_params": [333205], "n_iterations": 368}