{"ari": {"min": 0.8410574197769165, "max": 0.8417080640792847, "mean": 0.8413827419281006, "dir": "snapshots/random_hybrid_3d/0416/240/0"}, "miou": {"min": 0.5693454742431641, "max": 0.5745131373405457, "mean": 0.5719293057918549, "dir": "snapshots/random_hybrid_3d/0416/240/0"}, "accuracy": {"min": 0.942969024181366, "max": 0.9431196451187134, "mean": 0.9430443346500397, "dir": "snapshots/random_hybrid_3d/0416/240/0"}, "n_params": {"min": 18360402, "max": 18360402, "mean": 18360402.0, "dir": "snapshots/random_hybrid_3d/0416/240/1"}, "leaf": false, "n_nets": 2}