{"ari": {"min": 0.5363702178001404, "max": 0.5363702178001404, "mean": 0.5363702178001404, "dir": "snapshots/random_2d_ed_dense/0410/208/1"}, "miou": {"min": 0.21598981320858002, "max": 0.21598981320858002, "mean": 0.21598981320858002, "dir": "snapshots/random_2d_ed_dense/0410/208/1"}, "accuracy": {"min": 0.6949259042739868, "max": 0.6949259042739868, "mean": 0.6949259042739868, "dir": "snapshots/random_2d_ed_dense/0410/208/1"}, "n_params": {"min": 27109085, "max": 27109085, "mean": 27109085.0, "dir": "snapshots/random_2d_ed_dense/0410/208/1"}, "leaf": false, "n_nets": 1}