{"ari": {"min": -2.1408600577536056e-18, "max": 0.8055555820465088, "mean": 0.42343338005817854, "dir": "snapshots/multi_binary/1220/5/0"}, "miou": {"min": 0.23688258230686188, "max": 0.4998261332511902, "mean": 0.4749235866161493, "dir": "snapshots/multi_binary/1220/5/0"}, "accuracy": {"min": 0.47376516461372375, "max": 0.9996520280838013, "mean": 0.9498467697547033, "dir": "snapshots/multi_binary/1220/5/0"}, "n_params": {"min": 31030658, "max": 31030658, "mean": 31030658.0, "dir": "snapshots/multi_binary/1220/0/0"}, "leaf": false, "n_nets": 13}