{"ari": {"min": 0.7994179725646973, "max": 0.8291540145874023, "mean": 0.8142859935760498, "dir": "snapshots/random_hybrid_3d/0424/249/1"}, "miou": {"min": 0.5454807281494141, "max": 0.621125340461731, "mean": 0.5833030343055725, "dir": "snapshots/random_hybrid_3d/0424/249/1"}, "accuracy": {"min": 0.9221917986869812, "max": 0.9369304776191711, "mean": 0.9295611381530762, "dir": "snapshots/random_hybrid_3d/0424/249/1"}, "n_params": {"min": 21735, "max": 21735, "mean": 21735.0, "dir": "snapshots/random_hybrid_3d/0424/249/0"}, "leaf": false, "n_nets": 2}