{"leaf": true, "dir": "snapshots/random_2d_ed/1210/43/2", "n_nets": 1, "name": "RandomUnet2D_43_4", "ari": [0.8197463154792786], "miou": [0.4264950752258301], "accuracy": [0.9246467351913452], "n_params": [23348310], "n_iterations": 14400}