{"leaf": true, "dir": "snapshots/random_2d_ed_dense/0410/47/1", "n_nets": 1, "name": "RandomUnet2D_47_0", "ari": [0.2017885446548462], "miou": [0.03895283490419388], "accuracy": [0.23423166573047638], "n_params": [7840065], "n_iterations": 19800}