{"ari": {"min": 0.8291507959365845, "max": 0.8300932049751282, "mean": 0.8296220004558563, "dir": "snapshots/random_hybrid_3d/0424/17/0"}, "miou": {"min": 0.544672429561615, "max": 0.6180383563041687, "mean": 0.5813553929328918, "dir": "snapshots/random_hybrid_3d/0424/17/0"}, "accuracy": {"min": 0.9369065165519714, "max": 0.9374769926071167, "mean": 0.9371917545795441, "dir": "snapshots/random_hybrid_3d/0424/17/0"}, "n_params": {"min": 4278971, "max": 4278971, "mean": 4278971.0, "dir": "snapshots/random_hybrid_3d/0424/17/1"}, "leaf": false, "n_nets": 2}