{"ari": {"min": 0.8284842371940613, "max": 0.8287831544876099, "mean": 0.8286336958408356, "dir": "snapshots/random_hybrid_3d/0424/172/0"}, "miou": {"min": 0.6158341765403748, "max": 0.6189407706260681, "mean": 0.6173874735832214, "dir": "snapshots/random_hybrid_3d/0424/172/0"}, "accuracy": {"min": 0.9363569021224976, "max": 0.9366512298583984, "mean": 0.936504065990448, "dir": "snapshots/random_hybrid_3d/0424/172/0"}, "n_params": {"min": 991601, "max": 993624, "mean": 992612.5, "dir": "snapshots/random_hybrid_3d/0424/172/0"}, "leaf": false, "n_nets": 2}