{"leaf": true, "dir": "snapshots/random_2d_ed_dense/0503/299/1", "n_nets": 1, "name": "RandomUnet2D_299_1", "ari": [0.14911969006061554], "miou": [0.03279874101281166], "accuracy": [0.14155098795890808], "n_params": [6529852], "n_iterations": 13750}