{"ari": {"min": 0.1454763114452362, "max": 0.8250678777694702, "mean": 0.664770632982254, "dir": "snapshots/random_2d_ed/1216/39/1"}, "miou": {"min": 0.17187687754631042, "max": 0.5730125308036804, "mean": 0.3971529632806778, "dir": "snapshots/random_2d_ed/1216/39/1"}, "accuracy": {"min": 0.5249336361885071, "max": 0.9228808879852295, "mean": 0.8332801342010498, "dir": "snapshots/random_2d_ed/1216/39/1"}, "n_params": {"min": 6895552, "max": 6895552, "mean": 6895552.0, "dir": "snapshots/random_2d_ed/1216/39/0"}, "leaf": false, "n_nets": 5}