{"ari": {"min": -6.765410968397707e-18, "max": 0.8293700218200684, "mean": 0.4146850109100342, "dir": "snapshots/random_hybrid_3d/0424/35/1"}, "miou": {"min": 0.0677533894777298, "max": 0.6243252158164978, "mean": 0.3460393026471138, "dir": "snapshots/random_hybrid_3d/0424/35/1"}, "accuracy": {"min": 0.4742737412452698, "max": 0.936880886554718, "mean": 0.7055773138999939, "dir": "snapshots/random_hybrid_3d/0424/35/1"}, "n_params": {"min": 1287559, "max": 1287559, "mean": 1287559.0, "dir": "snapshots/random_hybrid_3d/0424/35/0"}, "leaf": false, "n_nets": 2}