{"ari": {"min": -6.765410968397707e-18, "max": 0.830328643321991, "mean": 0.4151643216609955, "dir": "snapshots/random_hybrid_3d/0424/35/1"}, "miou": {"min": 0.0677533894777298, "max": 0.6200966238975525, "mean": 0.34392500668764114, "dir": "snapshots/random_hybrid_3d/0424/35/1"}, "accuracy": {"min": 0.4742737412452698, "max": 0.9373660087585449, "mean": 0.7058198750019073, "dir": "snapshots/random_hybrid_3d/0424/35/1"}, "n_params": {"min": 1287559, "max": 1287559, "mean": 1287559.0, "dir": "snapshots/random_hybrid_3d/0424/35/0"}, "leaf": false, "n_nets": 2}