{"ari": {"min": 0.6327444314956665, "max": 0.8092389702796936, "mean": 0.731817901134491, "dir": "snapshots/random_2d_ed/1210/18/3"}, "miou": {"min": 0.25324732065200806, "max": 0.5491252541542053, "mean": 0.3960502505302429, "dir": "snapshots/random_2d_ed/1210/18/3"}, "accuracy": {"min": 0.8419694900512695, "max": 0.924928605556488, "mean": 0.8904437780380249, "dir": "snapshots/random_2d_ed/1210/18/3"}, "n_params": {"min": 28513233, "max": 28513233, "mean": 28513233.0, "dir": "snapshots/random_2d_ed/1210/18/0"}, "leaf": false, "n_nets": 5}