{"leaf": true, "dir": "snapshots/random_hybrid_3d/0424/92/1", "n_nets": 1, "name": "Hybrid3DCRF_92_1", "ari": [0.8289080262184143], "miou": [0.6113147735595703], "accuracy": [0.9367360472679138], "n_params": [5096147], "n_iterations": 55200}