{"ari": {"min": -2.4345193081724342e-18, "max": 0.80705326795578, "mean": 0.5604262769222259, "dir": "snapshots/random_2d_ed/1210/55/2"}, "miou": {"min": 0.06855042278766632, "max": 0.41241326928138733, "mean": 0.2793913662433624, "dir": "snapshots/random_2d_ed/1210/55/0"}, "accuracy": {"min": 0.47985297441482544, "max": 0.9200029373168945, "mean": 0.7998283982276917, "dir": "snapshots/random_2d_ed/1210/55/2"}, "n_params": {"min": 13980982, "max": 13980982, "mean": 13980982.0, "dir": "snapshots/random_2d_ed/1210/55/0"}, "leaf": false, "n_nets": 5}