{"ari": {"min": 0.20954583585262299, "max": 0.20954583585262299, "mean": 0.20954583585262299, "dir": "snapshots/random_2d_ed_dense/0410/244/1"}, "miou": {"min": 0.14943896234035492, "max": 0.14943896234035492, "mean": 0.14943896234035492, "dir": "snapshots/random_2d_ed_dense/0410/244/1"}, "accuracy": {"min": 0.6832202672958374, "max": 0.6832202672958374, "mean": 0.6832202672958374, "dir": "snapshots/random_2d_ed_dense/0410/244/1"}, "n_params": {"min": 5391978, "max": 5391978, "mean": 5391978.0, "dir": "snapshots/random_2d_ed_dense/0410/244/1"}, "leaf": false, "n_nets": 1}