{"ari": {"min": 0.781532347202301, "max": 0.8293927311897278, "mean": 0.8054625391960144, "dir": "snapshots/random_hybrid_3d/0424/137/0"}, "miou": {"min": 0.3419947028160095, "max": 0.4903787076473236, "mean": 0.41618670523166656, "dir": "snapshots/random_hybrid_3d/0424/137/0"}, "accuracy": {"min": 0.9141579270362854, "max": 0.9369502067565918, "mean": 0.9255540668964386, "dir": "snapshots/random_hybrid_3d/0424/137/0"}, "n_params": {"min": 240177, "max": 240177, "mean": 240177.0, "dir": "snapshots/random_hybrid_3d/0424/137/0"}, "leaf": false, "n_nets": 2}