{"ari": {"min": 0.7930259704589844, "max": 0.7930259704589844, "mean": 0.7930259704589844, "dir": "snapshots/random_2d_ed_dense/0410/216/1"}, "miou": {"min": 0.5256326198577881, "max": 0.5256326198577881, "mean": 0.5256326198577881, "dir": "snapshots/random_2d_ed_dense/0410/216/1"}, "accuracy": {"min": 0.9165328741073608, "max": 0.9165328741073608, "mean": 0.9165328741073608, "dir": "snapshots/random_2d_ed_dense/0410/216/1"}, "n_params": {"min": 558368, "max": 558368, "mean": 558368.0, "dir": "snapshots/random_2d_ed_dense/0410/216/1"}, "leaf": false, "n_nets": 1}