{"leaf": true, "dir": "snapshots/random_2d_ed/1210/67/0", "n_nets": 1, "name": "RandomUnet2D_67_0", "ari": [0.8217427730560303], "miou": [0.5709784626960754], "accuracy": [0.9309535622596741], "n_params": [16138544], "n_iterations": 25000}