{"ari": {"min": 0.7958098649978638, "max": 0.8423270583152771, "mean": 0.8190684616565704, "dir": "snapshots/random_hybrid_3d/0416/234/1"}, "miou": {"min": 0.3901668190956116, "max": 0.5731962323188782, "mean": 0.4816815257072449, "dir": "snapshots/random_hybrid_3d/0416/234/1"}, "accuracy": {"min": 0.9266603589057922, "max": 0.9433588981628418, "mean": 0.935009628534317, "dir": "snapshots/random_hybrid_3d/0416/234/1"}, "n_params": {"min": 5657535, "max": 5657535, "mean": 5657535.0, "dir": "snapshots/random_hybrid_3d/0416/234/1"}, "leaf": false, "n_nets": 2}