{"ari": {"min": 0.8260872960090637, "max": 0.8266324996948242, "mean": 0.826414942741394, "dir": "snapshots/hybrid_3d_crf/0404/13/0"}, "miou": {"min": 0.6313380002975464, "max": 0.6391826868057251, "mean": 0.6363900601863861, "dir": "snapshots/hybrid_3d_crf/0404/13/3"}, "accuracy": {"min": 0.9358409643173218, "max": 0.9359884858131409, "mean": 0.9359267801046371, "dir": "snapshots/hybrid_3d_crf/0404/13/2"}, "n_params": {"min": 1743930, "max": 1743930, "mean": 1743930.0, "dir": "snapshots/hybrid_3d_crf/0404/13/0"}, "leaf": false, "n_nets": 4}