{"ari": {"min": 0.8269725441932678, "max": 0.8300202488899231, "mean": 0.8284963965415955, "dir": "snapshots/random_hybrid_3d/0418/4/0"}, "miou": {"min": 0.48941928148269653, "max": 0.5581924319267273, "mean": 0.5238058567047119, "dir": "snapshots/random_hybrid_3d/0418/4/0"}, "accuracy": {"min": 0.9358834624290466, "max": 0.9374644756317139, "mean": 0.9366739690303802, "dir": "snapshots/random_hybrid_3d/0418/4/0"}, "n_params": {"min": 223945, "max": 224092, "mean": 224018.5, "dir": "snapshots/random_hybrid_3d/0418/4/0"}, "leaf": false, "n_nets": 2}