{"leaf": true, "dir": "snapshots/random_2d_ed/1210/22/4", "n_nets": 1, "name": "RandomUnet2D_22_2", "ari": [0.557110607624054], "miou": [0.2795259356498718], "accuracy": [0.884691059589386], "n_params": [57430773], "n_iterations": 22400}