{"leaf": true, "dir": "snapshots/random_hybrid_3d/0424/77/1", "n_nets": 1, "name": "Hybrid3DCRF_77_1", "ari": [0.8299707174301147], "miou": [0.6271926760673523], "accuracy": [0.9379459023475647], "n_params": [13841524], "n_iterations": 55200}