{"ari": {"min": 0.6825985908508301, "max": 0.7548907399177551, "mean": 0.7235451817512513, "dir": "snapshots/random_2d_ed/1210/53/3"}, "miou": {"min": 0.2654027044773102, "max": 0.4137392044067383, "mean": 0.36997805833816527, "dir": "snapshots/random_2d_ed/1210/53/1"}, "accuracy": {"min": 0.8656920194625854, "max": 0.8929139375686646, "mean": 0.8789324760437012, "dir": "snapshots/random_2d_ed/1210/53/3"}, "n_params": {"min": 1676845, "max": 1676845, "mean": 1676845.0, "dir": "snapshots/random_2d_ed/1210/53/0"}, "leaf": false, "n_nets": 5}