{"leaf": true, "dir": "snapshots/random_2d_ed/1216/24/0", "n_nets": 1, "name": "RandomUnet2D_24_0", "ari": [0.6629942655563354], "miou": [0.20742236077785492], "accuracy": [0.8641864657402039], "n_params": [2595144], "n_iterations": 24475}