{"ari": {"min": 0.8172869086265564, "max": 0.8290238380432129, "mean": 0.8231553733348846, "dir": "snapshots/random_hybrid_3d/0424/161/0"}, "miou": {"min": 0.4740254580974579, "max": 0.544277548789978, "mean": 0.509151503443718, "dir": "snapshots/random_hybrid_3d/0424/161/0"}, "accuracy": {"min": 0.9307958483695984, "max": 0.936610758304596, "mean": 0.9337033033370972, "dir": "snapshots/random_hybrid_3d/0424/161/0"}, "n_params": {"min": 140735, "max": 140735, "mean": 140735.0, "dir": "snapshots/random_hybrid_3d/0424/161/0"}, "leaf": false, "n_nets": 2}