{"ari": {"min": 0.8291417360305786, "max": 0.8293284177780151, "mean": 0.8292350769042969, "dir": "snapshots/random_hybrid_3d/0424/48/0"}, "miou": {"min": 0.6172171235084534, "max": 0.6228213906288147, "mean": 0.620019257068634, "dir": "snapshots/random_hybrid_3d/0424/48/1"}, "accuracy": {"min": 0.9368614554405212, "max": 0.9372138977050781, "mean": 0.9370376765727997, "dir": "snapshots/random_hybrid_3d/0424/48/0"}, "n_params": {"min": 7100671, "max": 7100671, "mean": 7100671.0, "dir": "snapshots/random_hybrid_3d/0424/48/0"}, "leaf": false, "n_nets": 2}