{"ari": {"min": 1.1091392480011564e-06, "max": 0.5942646265029907, "mean": 0.29713286782111936, "dir": "snapshots/random_2d_ed_dense/0410/45/0"}, "miou": {"min": 0.05904637649655342, "max": 0.2307361662387848, "mean": 0.1448912713676691, "dir": "snapshots/random_2d_ed_dense/0410/45/0"}, "accuracy": {"min": 0.4133073389530182, "max": 0.8524113893508911, "mean": 0.6328593641519547, "dir": "snapshots/random_2d_ed_dense/0410/45/0"}, "n_params": {"min": 666510, "max": 666510, "mean": 666510.0, "dir": "snapshots/random_2d_ed_dense/0410/45/0"}, "leaf": false, "n_nets": 2}