{"ari": {"min": 0.6634467840194702, "max": 0.7507762312889099, "mean": 0.7071115076541901, "dir": "snapshots/random_2d_ed_dense/0408/0/0"}, "miou": {"min": 0.2663123309612274, "max": 0.4086589217185974, "mean": 0.3374856263399124, "dir": "snapshots/random_2d_ed_dense/0408/0/0"}, "accuracy": {"min": 0.870888888835907, "max": 0.8924288749694824, "mean": 0.8816588819026947, "dir": "snapshots/random_2d_ed_dense/0408/0/0"}, "n_params": {"min": 198864, "max": 198864, "mean": 198864.0, "dir": "snapshots/random_2d_ed_dense/0408/0/0"}, "leaf": false, "n_nets": 2}