{"leaf": true, "dir": "snapshots/random_2d_ed/1216/65/1", "n_nets": 1, "name": "RandomUnet2D_65_1", "ari": [0.511864185333252], "miou": [0.21390298008918762], "accuracy": [0.8535621166229248], "n_params": [11451947], "n_iterations": 62656}