{"ari": {"min": 0.5820465683937073, "max": 0.8220841884613037, "mean": 0.7020653784275055, "dir": "snapshots/random_2d_ed_dense/0503/108/0"}, "miou": {"min": 0.26781928539276123, "max": 0.6310322880744934, "mean": 0.4494257867336273, "dir": "snapshots/random_2d_ed_dense/0503/108/0"}, "accuracy": {"min": 0.8524599075317383, "max": 0.933795690536499, "mean": 0.8931277990341187, "dir": "snapshots/random_2d_ed_dense/0503/108/0"}, "n_params": {"min": 6540865, "max": 6540865, "mean": 6540865.0, "dir": "snapshots/random_2d_ed_dense/0503/108/1"}, "leaf": false, "n_nets": 2}