{"ari": {"min": 0.6569919586181641, "max": 0.6569919586181641, "mean": 0.6569919586181641, "dir": "snapshots/random_2d_ed_dense/0410/299/0"}, "miou": {"min": 0.13047944009304047, "max": 0.13047944009304047, "mean": 0.13047944009304047, "dir": "snapshots/random_2d_ed_dense/0410/299/0"}, "accuracy": {"min": 0.4641489088535309, "max": 0.4641489088535309, "mean": 0.4641489088535309, "dir": "snapshots/random_2d_ed_dense/0410/299/0"}, "n_params": {"min": 6529951, "max": 6529951, "mean": 6529951.0, "dir": "snapshots/random_2d_ed_dense/0410/299/0"}, "leaf": false, "n_nets": 1}