{"ari": {"min": 0.6721303462982178, "max": 0.8197585344314575, "mean": 0.7803113698959351, "dir": "snapshots/random_2d_ed/1216/76/2"}, "miou": {"min": 0.20938701927661896, "max": 0.4949245750904083, "mean": 0.39083132445812224, "dir": "snapshots/random_2d_ed/1216/76/2"}, "accuracy": {"min": 0.8675097227096558, "max": 0.9210290312767029, "mean": 0.9056391835212707, "dir": "snapshots/random_2d_ed/1216/76/2"}, "n_params": {"min": 2780189, "max": 2780189, "mean": 2780189.0, "dir": "snapshots/random_2d_ed/1216/76/0"}, "leaf": false, "n_nets": 5}