{"ari": {"min": 0.7816177606582642, "max": 0.8297678828239441, "mean": 0.8056928217411041, "dir": "snapshots/random_hybrid_3d/0416/15/1"}, "miou": {"min": 0.34164074063301086, "max": 0.4490472376346588, "mean": 0.39534398913383484, "dir": "snapshots/random_hybrid_3d/0416/15/1"}, "accuracy": {"min": 0.9173431396484375, "max": 0.9355531930923462, "mean": 0.9264481663703918, "dir": "snapshots/random_hybrid_3d/0416/15/1"}, "n_params": {"min": 3824539, "max": 3824910, "mean": 3824724.5, "dir": "snapshots/random_hybrid_3d/0416/15/1"}, "leaf": false, "n_nets": 2}