{"ari": {"min": 0.6788361668586731, "max": 0.7677155137062073, "mean": 0.7232758402824402, "dir": "snapshots/random_2d_ed_dense/0410/74/1"}, "miou": {"min": 0.2771420180797577, "max": 0.4242871105670929, "mean": 0.3507145643234253, "dir": "snapshots/random_2d_ed_dense/0410/74/1"}, "accuracy": {"min": 0.8671205639839172, "max": 0.9027679562568665, "mean": 0.8849442601203918, "dir": "snapshots/random_2d_ed_dense/0410/74/1"}, "n_params": {"min": 500793, "max": 500793, "mean": 500793.0, "dir": "snapshots/random_2d_ed_dense/0410/74/0"}, "leaf": false, "n_nets": 2}