{"ari": {"min": 0.5609598159790039, "max": 0.7662303447723389, "mean": 0.6275189965963364, "dir": "snapshots/random_2d_ed/1216/22/0"}, "miou": {"min": 0.2027968019247055, "max": 0.3785621225833893, "mean": 0.2596371918916702, "dir": "snapshots/random_2d_ed/1216/22/0"}, "accuracy": {"min": 0.8496131896972656, "max": 0.9129369854927063, "mean": 0.8675979971885681, "dir": "snapshots/random_2d_ed/1216/22/0"}, "n_params": {"min": 17463387, "max": 17463387, "mean": 17463387.0, "dir": "snapshots/random_2d_ed/1216/22/0"}, "leaf": false, "n_nets": 4}