{"ari": {"min": 0.5660060048103333, "max": 0.7662303447723389, "mean": 0.6285904794931412, "dir": "snapshots/random_2d_ed/1216/22/0"}, "miou": {"min": 0.20377995073795319, "max": 0.3785621225833893, "mean": 0.2639339044690132, "dir": "snapshots/random_2d_ed/1216/22/0"}, "accuracy": {"min": 0.8508836030960083, "max": 0.9129369854927063, "mean": 0.8671089708805084, "dir": "snapshots/random_2d_ed/1216/22/0"}, "n_params": {"min": 17463387, "max": 17463387, "mean": 17463387.0, "dir": "snapshots/random_2d_ed/1216/22/0"}, "leaf": false, "n_nets": 4}