{"ari": {"min": 0.8279331922531128, "max": 0.8282606601715088, "mean": 0.8280969262123108, "dir": "snapshots/random_hybrid_3d/0424/44/0"}, "miou": {"min": 0.6151847839355469, "max": 0.6234768033027649, "mean": 0.6193307936191559, "dir": "snapshots/random_hybrid_3d/0424/44/1"}, "accuracy": {"min": 0.9364576935768127, "max": 0.9366596341133118, "mean": 0.9365586638450623, "dir": "snapshots/random_hybrid_3d/0424/44/0"}, "n_params": {"min": 3234062, "max": 3234062, "mean": 3234062.0, "dir": "snapshots/random_hybrid_3d/0424/44/0"}, "leaf": false, "n_nets": 2}