{"ari": {"min": 0.6241675615310669, "max": 0.7637537121772766, "mean": 0.7224565505981445, "dir": "snapshots/random_2d_ed/1216/44/0"}, "miou": {"min": 0.2368946075439453, "max": 0.44344276189804077, "mean": 0.3720605432987213, "dir": "snapshots/random_2d_ed/1216/44/0"}, "accuracy": {"min": 0.8429655432701111, "max": 0.8919385075569153, "mean": 0.8746561050415039, "dir": "snapshots/random_2d_ed/1216/44/0"}, "n_params": {"min": 640959, "max": 640959, "mean": 640959.0, "dir": "snapshots/random_2d_ed/1216/44/0"}, "leaf": false, "n_nets": 5}