{"leaf": true, "dir": "snapshots/random_2d_ed/1216/17/2", "n_nets": 1, "name": "RandomUnet2D_17_2", "ari": [0.5211134552955627], "miou": [0.20411032438278198], "accuracy": [0.8524811863899231], "n_params": [4738752], "n_iterations": 22784}