{"ari": {"min": 0.7326301336288452, "max": 0.8172280192375183, "mean": 0.7870512962341308, "dir": "snapshots/random_2d_ed/1216/52/4"}, "miou": {"min": 0.34610286355018616, "max": 0.5599851012229919, "mean": 0.4444841146469116, "dir": "snapshots/random_2d_ed/1216/52/4"}, "accuracy": {"min": 0.8769774436950684, "max": 0.9209063053131104, "mean": 0.9066011071205139, "dir": "snapshots/random_2d_ed/1216/52/4"}, "n_params": {"min": 7276783, "max": 7276783, "mean": 7276783.0, "dir": "snapshots/random_2d_ed/1216/52/0"}, "leaf": false, "n_nets": 5}