{"ari": {"min": 0.7326301336288452, "max": 0.8160252571105957, "mean": 0.7869772672653198, "dir": "snapshots/random_2d_ed/1216/52/4"}, "miou": {"min": 0.34610286355018616, "max": 0.5596299171447754, "mean": 0.4439067542552948, "dir": "snapshots/random_2d_ed/1216/52/4"}, "accuracy": {"min": 0.8769774436950684, "max": 0.9215750098228455, "mean": 0.906683087348938, "dir": "snapshots/random_2d_ed/1216/52/4"}, "n_params": {"min": 7276783, "max": 7276783, "mean": 7276783.0, "dir": "snapshots/random_2d_ed/1216/52/0"}, "leaf": false, "n_nets": 5}