{"ari": {"min": 0.7895604372024536, "max": 0.8295540809631348, "mean": 0.8095572590827942, "dir": "snapshots/random_hybrid_3d/0416/259/0"}, "miou": {"min": 0.2978498637676239, "max": 0.43728968501091003, "mean": 0.36756977438926697, "dir": "snapshots/random_hybrid_3d/0416/259/0"}, "accuracy": {"min": 0.9127122759819031, "max": 0.9367029070854187, "mean": 0.9247075915336609, "dir": "snapshots/random_hybrid_3d/0416/259/0"}, "n_params": {"min": 431428, "max": 431575, "mean": 431501.5, "dir": "snapshots/random_hybrid_3d/0416/259/0"}, "leaf": false, "n_nets": 2}