{"ari": {"min": 0.8300778865814209, "max": 0.8301313519477844, "mean": 0.8301046192646027, "dir": "snapshots/random_hybrid_3d/0418/31/1"}, "miou": {"min": 0.6238306760787964, "max": 0.6268531084060669, "mean": 0.6253418922424316, "dir": "snapshots/random_hybrid_3d/0418/31/0"}, "accuracy": {"min": 0.937260627746582, "max": 0.9374656081199646, "mean": 0.9373631179332733, "dir": "snapshots/random_hybrid_3d/0418/31/1"}, "n_params": {"min": 1124488, "max": 1124635, "mean": 1124561.5, "dir": "snapshots/random_hybrid_3d/0418/31/1"}, "leaf": false, "n_nets": 2}