{"ari": {"min": 0.8300156593322754, "max": 0.8309972286224365, "mean": 0.830506443977356, "dir": "snapshots/random_hybrid_3d/0418/31/1"}, "miou": {"min": 0.6231181025505066, "max": 0.6250750422477722, "mean": 0.6240965723991394, "dir": "snapshots/random_hybrid_3d/0418/31/0"}, "accuracy": {"min": 0.9373422265052795, "max": 0.9379951357841492, "mean": 0.9376686811447144, "dir": "snapshots/random_hybrid_3d/0418/31/1"}, "n_params": {"min": 1124488, "max": 1124635, "mean": 1124561.5, "dir": "snapshots/random_hybrid_3d/0418/31/1"}, "leaf": false, "n_nets": 2}