{"ari": {"min": 0.7572734355926514, "max": 0.8432844281196594, "mean": 0.8002789318561554, "dir": "snapshots/random_hybrid_3d/0416/75/1"}, "miou": {"min": 0.2529222369194031, "max": 0.5087129473686218, "mean": 0.38081759214401245, "dir": "snapshots/random_hybrid_3d/0416/75/1"}, "accuracy": {"min": 0.9072763323783875, "max": 0.9428005218505859, "mean": 0.9250384271144867, "dir": "snapshots/random_hybrid_3d/0416/75/1"}, "n_params": {"min": 1287432, "max": 1287432, "mean": 1287432.0, "dir": "snapshots/random_hybrid_3d/0416/75/1"}, "leaf": false, "n_nets": 2}