{"leaf": true, "dir": "snapshots/random_2d_ed_dense/0410/244/1", "n_nets": 1, "name": "RandomUnet2D_244_0", "ari": [0.20954583585262299], "miou": [0.14943896234035492], "accuracy": [0.6832202672958374], "n_params": [5391978], "n_iterations": 13750}