{"leaf": true, "dir": "snapshots/random_2d_ed/1210/63/3", "n_nets": 1, "name": "RandomUnet2D_63_3", "ari": [0.771016538143158], "miou": [0.4253780245780945], "accuracy": [0.9031338691711426], "n_params": [1829719], "n_iterations": 16000}