{"leaf": true, "dir": "snapshots/random_hybrid_3d/0424/293/1", "n_nets": 1, "name": "Hybrid3DCRF_293_1", "ari": [0.8291680812835693], "miou": [0.6192873120307922], "accuracy": [0.9368695616722107], "n_params": [1576073], "n_iterations": 55200}