{"ari": {"min": 0.8344523310661316, "max": 0.8362802863121033, "mean": 0.8353663086891174, "dir": "snapshots/random_hybrid_3d/0416/218/0"}, "miou": {"min": 0.4229959547519684, "max": 0.504865825176239, "mean": 0.4639308899641037, "dir": "snapshots/random_hybrid_3d/0416/218/0"}, "accuracy": {"min": 0.9352781176567078, "max": 0.9399484395980835, "mean": 0.9376132786273956, "dir": "snapshots/random_hybrid_3d/0416/218/0"}, "n_params": {"min": 2241159, "max": 2241306, "mean": 2241232.5, "dir": "snapshots/random_hybrid_3d/0416/218/0"}, "leaf": false, "n_nets": 2}