{"ari": {"min": 0.828620970249176, "max": 0.8297514915466309, "mean": 0.8291862308979034, "dir": "snapshots/random_hybrid_3d/0424/284/1"}, "miou": {"min": 0.6131379008293152, "max": 0.6218677163124084, "mean": 0.6175028085708618, "dir": "snapshots/random_hybrid_3d/0424/284/0"}, "accuracy": {"min": 0.9364195466041565, "max": 0.9376663565635681, "mean": 0.9370429515838623, "dir": "snapshots/random_hybrid_3d/0424/284/1"}, "n_params": {"min": 15166911, "max": 15169340, "mean": 15168125.5, "dir": "snapshots/random_hybrid_3d/0424/284/1"}, "leaf": false, "n_nets": 2}