{"leaf": true, "dir": "snapshots/random_hybrid_3d/0416/295/0", "n_nets": 1, "name": "Hybrid3DCRF_295_1", "ari": [0.7167288064956665], "miou": [0.2576614320278168], "accuracy": [0.8754496574401855], "n_params": [4410], "n_iterations": 368}