{"ari": {"min": 0.7042543888092041, "max": 0.807013750076294, "mean": 0.7565734505653381, "dir": "snapshots/random_2d_ed/1210/87/4"}, "miou": {"min": 0.26472097635269165, "max": 0.44692370295524597, "mean": 0.3538478255271912, "dir": "snapshots/random_2d_ed/1210/87/4"}, "accuracy": {"min": 0.8814730048179626, "max": 0.9226100444793701, "mean": 0.9018806576728821, "dir": "snapshots/random_2d_ed/1210/87/4"}, "n_params": {"min": 81117998, "max": 81117998, "mean": 81117998.0, "dir": "snapshots/random_2d_ed/1210/87/0"}, "leaf": false, "n_nets": 5}