{"leaf": true, "dir": "snapshots/random_hybrid_3d/0424/27/1", "n_nets": 1, "name": "Hybrid3DCRF_27_1", "ari": [0.8004192113876343], "miou": [0.4186423718929291], "accuracy": [0.9256426692008972], "n_params": [655939], "n_iterations": 55200}