{"ari": {"min": 0.7972279787063599, "max": 0.7972279787063599, "mean": 0.7972279787063599, "dir": "snapshots/random_hybrid_3d/0418/111/1"}, "miou": {"min": 0.5463476777076721, "max": 0.5463476777076721, "mean": 0.5463476777076721, "dir": "snapshots/random_hybrid_3d/0418/111/1"}, "accuracy": {"min": 0.9214577078819275, "max": 0.9214577078819275, "mean": 0.9214577078819275, "dir": "snapshots/random_hybrid_3d/0418/111/1"}, "n_params": {"min": 20615, "max": 20615, "mean": 20615.0, "dir": "snapshots/random_hybrid_3d/0418/111/1"}, "leaf": false, "n_nets": 1}