{"leaf": true, "dir": "snapshots/random_2d_ed/1210/9/2", "n_nets": 1, "name": "RandomUnet2D_9_2", "ari": [0.7792590856552124], "miou": [0.432779997587204], "accuracy": [0.9231250286102295], "n_params": [167629255], "n_iterations": 49000}