{"ari": {"min": 0.790002167224884, "max": 0.8333792090415955, "mean": 0.8116906881332397, "dir": "snapshots/random_hybrid_3d/0416/96/0"}, "miou": {"min": 0.3466590940952301, "max": 0.4260237514972687, "mean": 0.3863414227962494, "dir": "snapshots/random_hybrid_3d/0416/96/0"}, "accuracy": {"min": 0.916652262210846, "max": 0.9349992871284485, "mean": 0.9258257746696472, "dir": "snapshots/random_hybrid_3d/0416/96/0"}, "n_params": {"min": 11366366, "max": 11367619, "mean": 11366992.5, "dir": "snapshots/random_hybrid_3d/0416/96/0"}, "leaf": false, "n_nets": 2}