{"ari": {"min": 0.8295745253562927, "max": 0.8297571539878845, "mean": 0.8296658396720886, "dir": "snapshots/random_hybrid_3d/0424/11/0"}, "miou": {"min": 0.5457878708839417, "max": 0.6192986369132996, "mean": 0.5825432538986206, "dir": "snapshots/random_hybrid_3d/0424/11/1"}, "accuracy": {"min": 0.9367350935935974, "max": 0.9372942447662354, "mean": 0.9370146691799164, "dir": "snapshots/random_hybrid_3d/0424/11/0"}, "n_params": {"min": 505867, "max": 505867, "mean": 505867.0, "dir": "snapshots/random_hybrid_3d/0424/11/0"}, "leaf": false, "n_nets": 2}