{"ari": {"min": 0.8236956596374512, "max": 0.8236956596374512, "mean": 0.8236956596374512, "dir": "snapshots/random_2d_ed_dense/0410/218/0"}, "miou": {"min": 0.6090301871299744, "max": 0.6090301871299744, "mean": 0.6090301871299744, "dir": "snapshots/random_2d_ed_dense/0410/218/0"}, "accuracy": {"min": 0.9330191016197205, "max": 0.9330191016197205, "mean": 0.9330191016197205, "dir": "snapshots/random_2d_ed_dense/0410/218/0"}, "n_params": {"min": 11869389, "max": 11869389, "mean": 11869389.0, "dir": "snapshots/random_2d_ed_dense/0410/218/0"}, "leaf": false, "n_nets": 1}