{"ari": {"min": 0.8323906064033508, "max": 0.8410302996635437, "mean": 0.8367104530334473, "dir": "snapshots/random_hybrid_3d/0416/255/0"}, "miou": {"min": 0.47892165184020996, "max": 0.5608006119728088, "mean": 0.5198611319065094, "dir": "snapshots/random_hybrid_3d/0416/255/0"}, "accuracy": {"min": 0.9391575455665588, "max": 0.9424917697906494, "mean": 0.9408246576786041, "dir": "snapshots/random_hybrid_3d/0416/255/0"}, "n_params": {"min": 5369375, "max": 5370789, "mean": 5370082.0, "dir": "snapshots/random_hybrid_3d/0416/255/1"}, "leaf": false, "n_nets": 2}