{"ari": {"min": 0.7951937913894653, "max": 0.8255577683448792, "mean": 0.8103757798671722, "dir": "snapshots/random_hybrid_3d/0416/52/1"}, "miou": {"min": 0.3835891783237457, "max": 0.4330940246582031, "mean": 0.4083416014909744, "dir": "snapshots/random_hybrid_3d/0416/52/1"}, "accuracy": {"min": 0.9205941557884216, "max": 0.9353317618370056, "mean": 0.9279629588127136, "dir": "snapshots/random_hybrid_3d/0416/52/1"}, "n_params": {"min": 348607, "max": 348740, "mean": 348673.5, "dir": "snapshots/random_hybrid_3d/0416/52/1"}, "leaf": false, "n_nets": 2}