{"ari": {"min": 0.03304284065961838, "max": 0.72413170337677, "mean": 0.3785872720181942, "dir": "snapshots/random_hybrid_3d/0416/153/0"}, "miou": {"min": 0.117886982858181, "max": 0.3716910481452942, "mean": 0.2447890155017376, "dir": "snapshots/random_hybrid_3d/0416/153/0"}, "accuracy": {"min": 0.4693845510482788, "max": 0.9063594341278076, "mean": 0.6878719925880432, "dir": "snapshots/random_hybrid_3d/0416/153/0"}, "n_params": {"min": 247717, "max": 247864, "mean": 247790.5, "dir": "snapshots/random_hybrid_3d/0416/153/1"}, "leaf": false, "n_nets": 2}