{"ari": {"min": 0.8283124566078186, "max": 0.8288748264312744, "mean": 0.8285936415195465, "dir": "snapshots/random_hybrid_3d/0424/129/1"}, "miou": {"min": 0.6164590120315552, "max": 0.616754949092865, "mean": 0.6166069805622101, "dir": "snapshots/random_hybrid_3d/0424/129/0"}, "accuracy": {"min": 0.936315655708313, "max": 0.9365528225898743, "mean": 0.9364342391490936, "dir": "snapshots/random_hybrid_3d/0424/129/1"}, "n_params": {"min": 692319, "max": 693537, "mean": 692928.0, "dir": "snapshots/random_hybrid_3d/0424/129/0"}, "leaf": false, "n_nets": 2}