{"ari": {"min": 0.8285788893699646, "max": 0.829744815826416, "mean": 0.8291618525981903, "dir": "snapshots/random_hybrid_3d/0424/129/0"}, "miou": {"min": 0.6180064082145691, "max": 0.6264457702636719, "mean": 0.6222260892391205, "dir": "snapshots/random_hybrid_3d/0424/129/0"}, "accuracy": {"min": 0.9368533492088318, "max": 0.9373218417167664, "mean": 0.9370875954627991, "dir": "snapshots/random_hybrid_3d/0424/129/0"}, "n_params": {"min": 692319, "max": 693537, "mean": 692928.0, "dir": "snapshots/random_hybrid_3d/0424/129/0"}, "leaf": false, "n_nets": 2}