{"ari": {"min": 1.0713720841969241e-18, "max": 0.8384695649147034, "mean": 0.662188691397508, "dir": "snapshots/hybrid_3d_crf/0319/0/8"}, "miou": {"min": 0.06459560990333557, "max": 0.6519533395767212, "mean": 0.5155347809195518, "dir": "snapshots/hybrid_3d_crf/0319/0/7"}, "accuracy": {"min": 0.452169269323349, "max": 0.9400560259819031, "mean": 0.837737713009119, "dir": "snapshots/hybrid_3d_crf/0319/0/7"}, "n_params": {"min": 691951, "max": 691951, "mean": 691951.0, "dir": "snapshots/hybrid_3d_crf/0319/0/23"}, "leaf": false, "n_nets": 24}