{"ari": {"min": 0.8306865096092224, "max": 0.831250011920929, "mean": 0.8309682607650757, "dir": "snapshots/random_hybrid_3d/0416/117/0"}, "miou": {"min": 0.416599303483963, "max": 0.4244944453239441, "mean": 0.42054687440395355, "dir": "snapshots/random_hybrid_3d/0416/117/0"}, "accuracy": {"min": 0.9334532618522644, "max": 0.934953510761261, "mean": 0.9342033863067627, "dir": "snapshots/random_hybrid_3d/0416/117/0"}, "n_params": {"min": 891093, "max": 891093, "mean": 891093.0, "dir": "snapshots/random_hybrid_3d/0416/117/0"}, "leaf": false, "n_nets": 2}