{"leaf": true, "dir": "snapshots/random_hybrid_3d/0424/118/0", "n_nets": 1, "name": "Hybrid3DCRF_118_0", "ari": [0.829680323600769], "miou": [0.5432435274124146], "accuracy": [0.937208890914917], "n_params": [155598], "n_iterations": 55200}