{"ari": {"min": 0.8297173380851746, "max": 0.8302152156829834, "mean": 0.829966276884079, "dir": "snapshots/random_hybrid_3d/0424/290/1"}, "miou": {"min": 0.628519594669342, "max": 0.6338585019111633, "mean": 0.6311890482902527, "dir": "snapshots/random_hybrid_3d/0424/290/0"}, "accuracy": {"min": 0.9370253682136536, "max": 0.9377248287200928, "mean": 0.9373750984668732, "dir": "snapshots/random_hybrid_3d/0424/290/1"}, "n_params": {"min": 321937, "max": 322539, "mean": 322238.0, "dir": "snapshots/random_hybrid_3d/0424/290/1"}, "leaf": false, "n_nets": 2}