{"leaf": true, "dir": "snapshots/random_2d_ed/1210/5/3", "n_nets": 1, "name": "RandomUnet2D_5_2", "ari": [0.7467600703239441], "miou": [0.3261294960975647], "accuracy": [0.8975056409835815], "n_params": [108011], "n_iterations": 16000}