{"leaf": true, "dir": "snapshots/random_hybrid_3d/0416/242/0", "n_nets": 1, "name": "Hybrid3DCRF_242_0", "ari": [0.8257096409797668], "miou": [0.43475404381752014], "accuracy": [0.9346231818199158], "n_params": [4361807], "n_iterations": 368}