{"leaf": true, "dir": "snapshots/random_hybrid_3d/0416/170/1", "n_nets": 1, "name": "Hybrid3DCRF_170_0", "ari": [0.8397672772407532], "miou": [0.5104593634605408], "accuracy": [0.9422174692153931], "n_params": [4857012], "n_iterations": 368}