{"ari": {"min": 0.8292307257652283, "max": 0.8299195170402527, "mean": 0.8295751214027405, "dir": "snapshots/random_hybrid_3d/0418/28/1"}, "miou": {"min": 0.6208306550979614, "max": 0.6246234178543091, "mean": 0.6227270364761353, "dir": "snapshots/random_hybrid_3d/0418/28/0"}, "accuracy": {"min": 0.9370135068893433, "max": 0.9371922016143799, "mean": 0.9371028542518616, "dir": "snapshots/random_hybrid_3d/0418/28/1"}, "n_params": {"min": 4070631, "max": 4071443, "mean": 4071037.0, "dir": "snapshots/random_hybrid_3d/0418/28/0"}, "leaf": false, "n_nets": 2}