{"ari": {"min": 0.8292307257652283, "max": 0.8305642008781433, "mean": 0.8298974633216858, "dir": "snapshots/random_hybrid_3d/0418/28/1"}, "miou": {"min": 0.6233002543449402, "max": 0.6246234178543091, "mean": 0.6239618360996246, "dir": "snapshots/random_hybrid_3d/0418/28/0"}, "accuracy": {"min": 0.9370135068893433, "max": 0.937728226184845, "mean": 0.9373708665370941, "dir": "snapshots/random_hybrid_3d/0418/28/1"}, "n_params": {"min": 4070631, "max": 4071443, "mean": 4071037.0, "dir": "snapshots/random_hybrid_3d/0418/28/0"}, "leaf": false, "n_nets": 2}