{"ari": {"min": 0.827228307723999, "max": 0.8319603800773621, "mean": 0.8295943439006805, "dir": "snapshots/random_hybrid_3d/0416/82/0"}, "miou": {"min": 0.43506065011024475, "max": 0.4610840678215027, "mean": 0.4480723589658737, "dir": "snapshots/random_hybrid_3d/0416/82/0"}, "accuracy": {"min": 0.9364373683929443, "max": 0.936609148979187, "mean": 0.9365232586860657, "dir": "snapshots/random_hybrid_3d/0416/82/0"}, "n_params": {"min": 2939054, "max": 2940188, "mean": 2939621.0, "dir": "snapshots/random_hybrid_3d/0416/82/0"}, "leaf": false, "n_nets": 2}