{"ari": {"min": 0.6520102620124817, "max": 0.7453891038894653, "mean": 0.697972571849823, "dir": "snapshots/random_2d_ed/1216/42/3"}, "miou": {"min": 0.2591145634651184, "max": 0.3805199861526489, "mean": 0.30772188901901243, "dir": "snapshots/random_2d_ed/1216/42/3"}, "accuracy": {"min": 0.861786961555481, "max": 0.8974897265434265, "mean": 0.8793509483337403, "dir": "snapshots/random_2d_ed/1216/42/3"}, "n_params": {"min": 4018424, "max": 4018424, "mean": 4018424.0, "dir": "snapshots/random_2d_ed/1216/42/0"}, "leaf": false, "n_nets": 5}