{"ari": {"min": 0.8300252556800842, "max": 0.8303206562995911, "mean": 0.8301729559898376, "dir": "snapshots/random_hybrid_3d/0424/55/0"}, "miou": {"min": 0.5453555583953857, "max": 0.6250177621841431, "mean": 0.5851866602897644, "dir": "snapshots/random_hybrid_3d/0424/55/0"}, "accuracy": {"min": 0.937447726726532, "max": 0.9376140236854553, "mean": 0.9375308752059937, "dir": "snapshots/random_hybrid_3d/0424/55/1"}, "n_params": {"min": 824935, "max": 824935, "mean": 824935.0, "dir": "snapshots/random_hybrid_3d/0424/55/0"}, "leaf": false, "n_nets": 2}