{"ari": {"min": 0.8292890787124634, "max": 0.8294710516929626, "mean": 0.829380065202713, "dir": "snapshots/random_hybrid_3d/0424/281/0"}, "miou": {"min": 0.5419787168502808, "max": 0.6189083456993103, "mean": 0.5804435312747955, "dir": "snapshots/random_hybrid_3d/0424/281/0"}, "accuracy": {"min": 0.9369131922721863, "max": 0.9371442198753357, "mean": 0.937028706073761, "dir": "snapshots/random_hybrid_3d/0424/281/0"}, "n_params": {"min": 113974, "max": 113974, "mean": 113974.0, "dir": "snapshots/random_hybrid_3d/0424/281/1"}, "leaf": false, "n_nets": 2}