{"ari": {"min": 0.8289281129837036, "max": 0.8307744264602661, "mean": 0.8298512697219849, "dir": "snapshots/random_hybrid_3d/0418/1/1"}, "miou": {"min": 0.6136918663978577, "max": 0.6243902444839478, "mean": 0.6190410554409027, "dir": "snapshots/random_hybrid_3d/0418/1/0"}, "accuracy": {"min": 0.9365589022636414, "max": 0.9378930330276489, "mean": 0.9372259676456451, "dir": "snapshots/random_hybrid_3d/0418/1/1"}, "n_params": {"min": 5960382, "max": 5961831, "mean": 5961106.5, "dir": "snapshots/random_hybrid_3d/0418/1/1"}, "leaf": false, "n_nets": 2}