{"ari": {"min": 0.8281139731407166, "max": 0.838605523109436, "mean": 0.8333597481250763, "dir": "snapshots/random_hybrid_3d/0416/179/0"}, "miou": {"min": 0.4385502338409424, "max": 0.5056205987930298, "mean": 0.4720854163169861, "dir": "snapshots/random_hybrid_3d/0416/179/0"}, "accuracy": {"min": 0.935142457485199, "max": 0.9408376216888428, "mean": 0.9379900395870209, "dir": "snapshots/random_hybrid_3d/0416/179/0"}, "n_params": {"min": 12743217, "max": 12746052, "mean": 12744634.5, "dir": "snapshots/random_hybrid_3d/0416/179/1"}, "leaf": false, "n_nets": 2}