{"leaf": true, "dir": "snapshots/random_2d_ed/1210/26/4", "n_nets": 1, "name": "RandomUnet2D_26_4", "ari": [0.72149258852005], "miou": [0.2986707389354706], "accuracy": [0.8733406662940979], "n_params": [4316592], "n_iterations": 11200}