{"leaf": true, "dir": "snapshots/random_hybrid_3d/0416/216/0", "n_nets": 1, "name": "Hybrid3DCRF_216_1", "ari": [0.8377858400344849], "miou": [0.5082481503486633], "accuracy": [0.940716028213501], "n_params": [4348423], "n_iterations": 368}