{"ari": {"min": 0.8287786841392517, "max": 0.8291616439819336, "mean": 0.8289701640605927, "dir": "snapshots/random_hybrid_3d/0418/43/0"}, "miou": {"min": 0.6214975714683533, "max": 0.6286627650260925, "mean": 0.6250801682472229, "dir": "snapshots/random_hybrid_3d/0418/43/0"}, "accuracy": {"min": 0.9370875954627991, "max": 0.9372780323028564, "mean": 0.9371828138828278, "dir": "snapshots/random_hybrid_3d/0418/43/0"}, "n_params": {"min": 7847, "max": 7994, "mean": 7920.5, "dir": "snapshots/random_hybrid_3d/0418/43/1"}, "leaf": false, "n_nets": 2}