{"ari": {"min": 0.8293591141700745, "max": 0.8299315571784973, "mean": 0.8296453356742859, "dir": "snapshots/random_hybrid_3d/0418/43/0"}, "miou": {"min": 0.6163384318351746, "max": 0.6257759928703308, "mean": 0.6210572123527527, "dir": "snapshots/random_hybrid_3d/0418/43/1"}, "accuracy": {"min": 0.9372168779373169, "max": 0.9374076128005981, "mean": 0.9373122453689575, "dir": "snapshots/random_hybrid_3d/0418/43/0"}, "n_params": {"min": 7847, "max": 7994, "mean": 7920.5, "dir": "snapshots/random_hybrid_3d/0418/43/1"}, "leaf": false, "n_nets": 2}