{"ari": {"min": -2.2821420770924306e-06, "max": -4.032222435330152e-19, "mean": -9.92235685696218e-08, "dir": "snapshots/hybrid_3d_crf/0320/0/21"}, "miou": {"min": 0.06724902242422104, "max": 0.0672491043806076, "mean": 0.06724902598754219, "dir": "snapshots/hybrid_3d_crf/0320/0/17"}, "accuracy": {"min": 0.4707431495189667, "max": 0.4707431495189667, "mean": 0.4707431495189667, "dir": "snapshots/hybrid_3d_crf/0320/0/21"}, "n_params": {"min": 986002, "max": 986002, "mean": 986002.0, "dir": "snapshots/hybrid_3d_crf/0320/0/21"}, "leaf": false, "n_nets": 23}