{"ari": {"min": 0.8272825479507446, "max": 0.8288973569869995, "mean": 0.8280899524688721, "dir": "snapshots/random_hybrid_3d/0424/245/0"}, "miou": {"min": 0.6107019186019897, "max": 0.613918125629425, "mean": 0.6123100221157074, "dir": "snapshots/random_hybrid_3d/0424/245/1"}, "accuracy": {"min": 0.9357032775878906, "max": 0.936977744102478, "mean": 0.9363405108451843, "dir": "snapshots/random_hybrid_3d/0424/245/0"}, "n_params": {"min": 9837026, "max": 9838601, "mean": 9837813.5, "dir": "snapshots/random_hybrid_3d/0424/245/0"}, "leaf": false, "n_nets": 2}