{"leaf": true, "dir": "snapshots/random_hybrid_3d/0424/6/0", "n_nets": 1, "name": "Hybrid3DCRF_6_0", "ari": [0.8182016015052795], "miou": [0.47092339396476746], "accuracy": [0.9312016367912292], "n_params": [7860929], "n_iterations": 55200}