{"leaf": true, "dir": "snapshots/random_hybrid_3d/0424/6/0", "n_nets": 1, "name": "Hybrid3DCRF_6_0", "ari": [0.8161904215812683], "miou": [0.4701358675956726], "accuracy": [0.930304765701294], "n_params": [7860929], "n_iterations": 46000}