{"leaf": true, "dir": "snapshots/random_2d_ed/1210/13/2", "n_nets": 1, "name": "RandomUnet2D_13_1", "ari": [0.528197705745697], "miou": [0.32755544781684875], "accuracy": [0.8642035722732544], "n_params": [46196228], "n_iterations": 64000}