{"ari": {"min": 0.6770842671394348, "max": 0.8138584494590759, "mean": 0.7699751853942871, "dir": "snapshots/random_2d_ed/1210/82/1"}, "miou": {"min": 0.32127782702445984, "max": 0.5241056680679321, "mean": 0.44754968881607055, "dir": "snapshots/random_2d_ed/1210/82/2"}, "accuracy": {"min": 0.8814693093299866, "max": 0.9264340400695801, "mean": 0.9069395184516906, "dir": "snapshots/random_2d_ed/1210/82/1"}, "n_params": {"min": 2127827, "max": 2127827, "mean": 2127827.0, "dir": "snapshots/random_2d_ed/1210/82/0"}, "leaf": false, "n_nets": 5}