{"ari": {"min": 0.8164331912994385, "max": 0.8295019268989563, "mean": 0.8229675590991974, "dir": "snapshots/random_hybrid_3d/0424/263/0"}, "miou": {"min": 0.4696331024169922, "max": 0.5408254861831665, "mean": 0.5052292943000793, "dir": "snapshots/random_hybrid_3d/0424/263/0"}, "accuracy": {"min": 0.9306870102882385, "max": 0.9372795224189758, "mean": 0.9339832663536072, "dir": "snapshots/random_hybrid_3d/0424/263/0"}, "n_params": {"min": 10934243, "max": 10935048, "mean": 10934645.5, "dir": "snapshots/random_hybrid_3d/0424/263/0"}, "leaf": false, "n_nets": 2}