{"leaf": true, "dir": "snapshots/random_hybrid_3d/0418/18/1", "n_nets": 1, "name": "Hybrid3DCRF_18_0", "ari": [0.8287919759750366], "miou": [0.6215060353279114], "accuracy": [0.936789333820343], "n_params": [191334], "n_iterations": 55200}