{"ari": {"min": 0.8340305685997009, "max": 0.8377828001976013, "mean": 0.8359066843986511, "dir": "snapshots/random_hybrid_3d/0416/185/0"}, "miou": {"min": 0.4305100440979004, "max": 0.5006228685379028, "mean": 0.4655664563179016, "dir": "snapshots/random_hybrid_3d/0416/185/0"}, "accuracy": {"min": 0.9345625638961792, "max": 0.9401043057441711, "mean": 0.9373334348201752, "dir": "snapshots/random_hybrid_3d/0416/185/0"}, "n_params": {"min": 6270285, "max": 6270285, "mean": 6270285.0, "dir": "snapshots/random_hybrid_3d/0416/185/0"}, "leaf": false, "n_nets": 2}