{"ari": {"min": 0.8281870484352112, "max": 0.829791247844696, "mean": 0.8289891481399536, "dir": "snapshots/random_hybrid_3d/0418/278/0"}, "miou": {"min": 0.6184095740318298, "max": 0.6213153004646301, "mean": 0.61986243724823, "dir": "snapshots/random_hybrid_3d/0418/278/0"}, "accuracy": {"min": 0.936391294002533, "max": 0.937163233757019, "mean": 0.936777263879776, "dir": "snapshots/random_hybrid_3d/0418/278/0"}, "n_params": {"min": 2824626, "max": 2825606, "mean": 2825116.0, "dir": "snapshots/random_hybrid_3d/0418/278/0"}, "leaf": false, "n_nets": 2}