{"ari": {"min": 0.4296279847621918, "max": 0.7220640778541565, "mean": 0.6085103809833526, "dir": "snapshots/random_2d_ed/1210/92/3"}, "miou": {"min": 0.2555670142173767, "max": 0.33402127027511597, "mean": 0.30140129923820497, "dir": "snapshots/random_2d_ed/1210/92/1"}, "accuracy": {"min": 0.7806687355041504, "max": 0.9016437530517578, "mean": 0.8597148537635804, "dir": "snapshots/random_2d_ed/1210/92/3"}, "n_params": {"min": 44441806, "max": 44441806, "mean": 44441806.0, "dir": "snapshots/random_2d_ed/1210/92/0"}, "leaf": false, "n_nets": 5}