{"ari": {"min": 0.8284465074539185, "max": 0.8297001123428345, "mean": 0.8290733098983765, "dir": "snapshots/random_hybrid_3d/0424/197/0"}, "miou": {"min": 0.6201220750808716, "max": 0.6255197525024414, "mean": 0.6228209137916565, "dir": "snapshots/random_hybrid_3d/0424/197/0"}, "accuracy": {"min": 0.9366275668144226, "max": 0.9372410774230957, "mean": 0.9369343221187592, "dir": "snapshots/random_hybrid_3d/0424/197/0"}, "n_params": {"min": 148297, "max": 149193, "mean": 148745.0, "dir": "snapshots/random_hybrid_3d/0424/197/0"}, "leaf": false, "n_nets": 2}