{"ari": {"min": 0.8356584310531616, "max": 0.8436279296875, "mean": 0.8396431803703308, "dir": "snapshots/random_hybrid_3d/0416/208/1"}, "miou": {"min": 0.4260047376155853, "max": 0.5697604417800903, "mean": 0.49788258969783783, "dir": "snapshots/random_hybrid_3d/0416/208/1"}, "accuracy": {"min": 0.9355475306510925, "max": 0.9439182877540588, "mean": 0.9397329092025757, "dir": "snapshots/random_hybrid_3d/0416/208/1"}, "n_params": {"min": 5629807, "max": 5632047, "mean": 5630927.0, "dir": "snapshots/random_hybrid_3d/0416/208/0"}, "leaf": false, "n_nets": 2}