{"ari": {"min": 0.8276491761207581, "max": 0.829124391078949, "mean": 0.8283867835998535, "dir": "snapshots/random_hybrid_3d/0424/146/0"}, "miou": {"min": 0.4889591336250305, "max": 0.6185378432273865, "mean": 0.5537484884262085, "dir": "snapshots/random_hybrid_3d/0424/146/0"}, "accuracy": {"min": 0.9357177019119263, "max": 0.9366224408149719, "mean": 0.9361700713634491, "dir": "snapshots/random_hybrid_3d/0424/146/0"}, "n_params": {"min": 278003, "max": 278969, "mean": 278486.0, "dir": "snapshots/random_hybrid_3d/0424/146/1"}, "leaf": false, "n_nets": 2}