{"ari": {"min": 0.8295290470123291, "max": 0.8303743004798889, "mean": 0.829951673746109, "dir": "snapshots/random_hybrid_3d/0424/264/0"}, "miou": {"min": 0.6195216774940491, "max": 0.6207589507102966, "mean": 0.6201403141021729, "dir": "snapshots/random_hybrid_3d/0424/264/1"}, "accuracy": {"min": 0.9371913075447083, "max": 0.9380791783332825, "mean": 0.9376352429389954, "dir": "snapshots/random_hybrid_3d/0424/264/0"}, "n_params": {"min": 11985239, "max": 11985239, "mean": 11985239.0, "dir": "snapshots/random_hybrid_3d/0424/264/1"}, "leaf": false, "n_nets": 2}