{"ari": {"min": 0.8287367224693298, "max": 0.8293386101722717, "mean": 0.8290376663208008, "dir": "snapshots/random_hybrid_3d/0418/10/1"}, "miou": {"min": 0.6176498532295227, "max": 0.6206607818603516, "mean": 0.6191553175449371, "dir": "snapshots/random_hybrid_3d/0418/10/0"}, "accuracy": {"min": 0.936976969242096, "max": 0.9373305439949036, "mean": 0.9371537566184998, "dir": "snapshots/random_hybrid_3d/0418/10/0"}, "n_params": {"min": 2218771, "max": 2218771, "mean": 2218771.0, "dir": "snapshots/random_hybrid_3d/0418/10/0"}, "leaf": false, "n_nets": 2}