{"ari": {"min": 0.8375011086463928, "max": 0.8377211689949036, "mean": 0.8376111388206482, "dir": "snapshots/random_hybrid_3d/0416/24/1"}, "miou": {"min": 0.4290580749511719, "max": 0.559093713760376, "mean": 0.4940758943557739, "dir": "snapshots/random_hybrid_3d/0416/24/0"}, "accuracy": {"min": 0.9367759227752686, "max": 0.9412708878517151, "mean": 0.9390234053134918, "dir": "snapshots/random_hybrid_3d/0416/24/0"}, "n_params": {"min": 1137205, "max": 1137352, "mean": 1137278.5, "dir": "snapshots/random_hybrid_3d/0416/24/1"}, "leaf": false, "n_nets": 2}