{"ari": {"min": 0.025064736604690552, "max": 0.6513544321060181, "mean": 0.3382095843553543, "dir": "snapshots/random_2d_ed_dense/0503/153/0"}, "miou": {"min": 0.07401872426271439, "max": 0.29091930389404297, "mean": 0.18246901407837868, "dir": "snapshots/random_2d_ed_dense/0503/153/0"}, "accuracy": {"min": 0.31733644008636475, "max": 0.8700624108314514, "mean": 0.5936994254589081, "dir": "snapshots/random_2d_ed_dense/0503/153/0"}, "n_params": {"min": 1927220, "max": 1927220, "mean": 1927220.0, "dir": "snapshots/random_2d_ed_dense/0503/153/1"}, "leaf": false, "n_nets": 2}