{"leaf": true, "dir": "snapshots/random_hybrid_3d/0416/268/0", "n_nets": 1, "name": "Hybrid3DCRF_268_0", "ari": [0.8263206481933594], "miou": [0.43348392844200134], "accuracy": [0.9356657862663269], "n_params": [1101336], "n_iterations": 368}