{"leaf": true, "dir": "snapshots/random_hybrid_3d/0418/45/1", "n_nets": 1, "name": "Hybrid3DCRF_45_1", "ari": [0.7976186871528625], "miou": [0.5421909093856812], "accuracy": [0.9215520024299622], "n_params": [24199], "n_iterations": 55200}