{"leaf": true, "dir": "snapshots/random_2d_ed/1210/76/0", "n_nets": 1, "name": "RandomUnet2D_76_1", "ari": [0.7427780628204346], "miou": [0.384930282831192], "accuracy": [0.8992674946784973], "n_params": [59950744], "n_iterations": 5000}