{"leaf": true, "dir": "snapshots/random_2d_ed/1216/50/1", "n_nets": 1, "name": "RandomUnet2D_50_1", "ari": [0.7597963213920593], "miou": [0.4735901355743408], "accuracy": [0.8884328603744507], "n_params": [807571], "n_iterations": 42720}