{"ari": {"min": 5.845998890364404e-18, "max": 0.8011791110038757, "mean": 0.40058955550193787, "dir": "snapshots/random_2d_ed_dense/0503/271/0"}, "miou": {"min": 0.07870327681303024, "max": 0.4662837088108063, "mean": 0.27249349281191826, "dir": "snapshots/random_2d_ed_dense/0503/271/0"}, "accuracy": {"min": 0.47221967577934265, "max": 0.9229320287704468, "mean": 0.6975758522748947, "dir": "snapshots/random_2d_ed_dense/0503/271/0"}, "n_params": {"min": 3860188, "max": 3860188, "mean": 3860188.0, "dir": "snapshots/random_2d_ed_dense/0503/271/1"}, "leaf": false, "n_nets": 2}