{"ari": {"min": -0.0075821829959750175, "max": 0.06212149187922478, "mean": 0.02726965444162488, "dir": "snapshots/random_hybrid_3d/0416/85/0"}, "miou": {"min": 0.07152476161718369, "max": 0.13687779009342194, "mean": 0.10420127585530281, "dir": "snapshots/random_hybrid_3d/0416/85/0"}, "accuracy": {"min": 0.47410038113594055, "max": 0.6182857155799866, "mean": 0.5461930483579636, "dir": "snapshots/random_hybrid_3d/0416/85/0"}, "n_params": {"min": 73294, "max": 73441, "mean": 73367.5, "dir": "snapshots/random_hybrid_3d/0416/85/1"}, "leaf": false, "n_nets": 2}