{"leaf": true, "dir": "snapshots/random_hybrid_3d/0416/68/1", "n_nets": 1, "name": "Hybrid3DCRF_68_1", "ari": [0.842280924320221], "miou": [0.5159098505973816], "accuracy": [0.9430105686187744], "n_params": [1792499], "n_iterations": 368}