{"ari": {"min": 0.8289975523948669, "max": 0.843001127243042, "mean": 0.8359993398189545, "dir": "snapshots/random_hybrid_3d/0416/63/1"}, "miou": {"min": 0.4287208020687103, "max": 0.5707480311393738, "mean": 0.49973441660404205, "dir": "snapshots/random_hybrid_3d/0416/63/1"}, "accuracy": {"min": 0.9362917542457581, "max": 0.9434944987297058, "mean": 0.9398931264877319, "dir": "snapshots/random_hybrid_3d/0416/63/1"}, "n_params": {"min": 9116807, "max": 9116954, "mean": 9116880.5, "dir": "snapshots/random_hybrid_3d/0416/63/0"}, "leaf": false, "n_nets": 2}