{"ari": {"min": 0.8281930685043335, "max": 0.8296525478363037, "mean": 0.8289228081703186, "dir": "snapshots/random_hybrid_3d/0424/255/1"}, "miou": {"min": 0.5398802757263184, "max": 0.5996017456054688, "mean": 0.5697410106658936, "dir": "snapshots/random_hybrid_3d/0424/255/0"}, "accuracy": {"min": 0.9367077350616455, "max": 0.9369315505027771, "mean": 0.9368196427822113, "dir": "snapshots/random_hybrid_3d/0424/255/1"}, "n_params": {"min": 1244331, "max": 1244331, "mean": 1244331.0, "dir": "snapshots/random_hybrid_3d/0424/255/1"}, "leaf": false, "n_nets": 2}