{"leaf": true, "dir": "snapshots/random_hybrid_3d/0424/185/0", "n_nets": 1, "name": "Hybrid3DCRF_185_0", "ari": [0.8293944597244263], "miou": [0.6165498495101929], "accuracy": [0.93705815076828], "n_params": [67048], "n_iterations": 55200}