{"ari": {"min": 0.8261134624481201, "max": 0.8284422755241394, "mean": 0.8275805562734604, "dir": "snapshots/hybrid_3d_crf/0404/0/2"}, "miou": {"min": 0.6317457556724548, "max": 0.6387354731559753, "mean": 0.6365571022033691, "dir": "snapshots/hybrid_3d_crf/0404/0/2"}, "accuracy": {"min": 0.935808539390564, "max": 0.9369669556617737, "mean": 0.9365538507699966, "dir": "snapshots/hybrid_3d_crf/0404/0/2"}, "n_params": {"min": 1743930, "max": 1743930, "mean": 1743930.0, "dir": "snapshots/hybrid_3d_crf/0404/0/0"}, "leaf": false, "n_nets": 4}