{"leaf": true, "dir": "snapshots/random_2d_ed/1210/32/0", "n_nets": 1, "name": "RandomUnet2D_32_0", "ari": [0.7731797695159912], "miou": [0.5488168001174927], "accuracy": [0.9068297147750854], "n_params": [4459788], "n_iterations": 16000}