{"leaf": true, "dir": "snapshots/random_2d_ed/1210/32/0", "n_nets": 1, "name": "RandomUnet2D_32_0", "ari": [0.7512264847755432], "miou": [0.4643489420413971], "accuracy": [0.8880322575569153], "n_params": [4459788], "n_iterations": 4800}