{"ari": {"min": 0.8288989663124084, "max": 0.8291510939598083, "mean": 0.8290250301361084, "dir": "snapshots/random_hybrid_3d/0424/12/0"}, "miou": {"min": 0.5454209446907043, "max": 0.6033753156661987, "mean": 0.5743981301784515, "dir": "snapshots/random_hybrid_3d/0424/12/0"}, "accuracy": {"min": 0.9373599886894226, "max": 0.9377290606498718, "mean": 0.9375445246696472, "dir": "snapshots/random_hybrid_3d/0424/12/0"}, "n_params": {"min": 24093772, "max": 24093772, "mean": 24093772.0, "dir": "snapshots/random_hybrid_3d/0424/12/1"}, "leaf": false, "n_nets": 2}