{"ari": {"min": 0.8291510939598083, "max": 0.8293030858039856, "mean": 0.829227089881897, "dir": "snapshots/random_hybrid_3d/0424/12/1"}, "miou": {"min": 0.5446491837501526, "max": 0.6033753156661987, "mean": 0.5740122497081757, "dir": "snapshots/random_hybrid_3d/0424/12/0"}, "accuracy": {"min": 0.9372590780258179, "max": 0.9377290606498718, "mean": 0.9374940693378448, "dir": "snapshots/random_hybrid_3d/0424/12/0"}, "n_params": {"min": 24093772, "max": 24093772, "mean": 24093772.0, "dir": "snapshots/random_hybrid_3d/0424/12/1"}, "leaf": false, "n_nets": 2}