{"ari": {"min": 0.827465295791626, "max": 0.8306959271430969, "mean": 0.8290806114673615, "dir": "snapshots/random_hybrid_3d/0424/12/1"}, "miou": {"min": 0.5462855100631714, "max": 0.6152864694595337, "mean": 0.5807859897613525, "dir": "snapshots/random_hybrid_3d/0424/12/0"}, "accuracy": {"min": 0.9365205764770508, "max": 0.9375354051589966, "mean": 0.9370279908180237, "dir": "snapshots/random_hybrid_3d/0424/12/1"}, "n_params": {"min": 24093772, "max": 24093772, "mean": 24093772.0, "dir": "snapshots/random_hybrid_3d/0424/12/1"}, "leaf": false, "n_nets": 2}