{"leaf": true, "dir": "snapshots/random_hybrid_3d/0416/165/0", "n_nets": 1, "name": "Hybrid3DCRF_165_1", "ari": [0.8429284691810608], "miou": [0.5098874568939209], "accuracy": [0.942747950553894], "n_params": [3460391], "n_iterations": 368}