{"ari": {"min": 0.828985869884491, "max": 0.8290830850601196, "mean": 0.8290344774723053, "dir": "snapshots/random_hybrid_3d/0424/171/0"}, "miou": {"min": 0.6139949560165405, "max": 0.6198525428771973, "mean": 0.6169237494468689, "dir": "snapshots/random_hybrid_3d/0424/171/1"}, "accuracy": {"min": 0.9370765089988708, "max": 0.9374772906303406, "mean": 0.9372768998146057, "dir": "snapshots/random_hybrid_3d/0424/171/0"}, "n_params": {"min": 4973216, "max": 4973216, "mean": 4973216.0, "dir": "snapshots/random_hybrid_3d/0424/171/0"}, "leaf": false, "n_nets": 2}