{"ari": {"min": 0.7118869423866272, "max": 0.8367167115211487, "mean": 0.7743018269538879, "dir": "snapshots/random_hybrid_3d/0416/184/1"}, "miou": {"min": 0.24692197144031525, "max": 0.4291033148765564, "mean": 0.3380126431584358, "dir": "snapshots/random_hybrid_3d/0416/184/1"}, "accuracy": {"min": 0.8945410251617432, "max": 0.9369980096817017, "mean": 0.9157695174217224, "dir": "snapshots/random_hybrid_3d/0416/184/1"}, "n_params": {"min": 21322638, "max": 21322638, "mean": 21322638.0, "dir": "snapshots/random_hybrid_3d/0416/184/0"}, "leaf": false, "n_nets": 2}