{"leaf": true, "dir": "snapshots/random_2d_ed/1210/8/3", "n_nets": 1, "name": "RandomUnet2D_8_3", "ari": [0.7467027306556702], "miou": [0.3692018985748291], "accuracy": [0.88877272605896], "n_params": [8785339], "n_iterations": 16000}