{"leaf": true, "dir": "snapshots/random_2d_ed/1210/12/1", "n_nets": 1, "name": "RandomUnet2D_12_3", "ari": [0.7932258248329163], "miou": [0.4853997230529785], "accuracy": [0.9168280959129333], "n_params": [14260710], "n_iterations": 16000}