{"ari": {"min": 0.827785849571228, "max": 0.8305854797363281, "mean": 0.8291856646537781, "dir": "snapshots/random_hybrid_3d/0418/279/1"}, "miou": {"min": 0.6109380722045898, "max": 0.6135522127151489, "mean": 0.6122451424598694, "dir": "snapshots/random_hybrid_3d/0418/279/1"}, "accuracy": {"min": 0.9367800354957581, "max": 0.9376896619796753, "mean": 0.9372348487377167, "dir": "snapshots/random_hybrid_3d/0418/279/1"}, "n_params": {"min": 22743156, "max": 22744521, "mean": 22743838.5, "dir": "snapshots/random_hybrid_3d/0418/279/0"}, "leaf": false, "n_nets": 2}