{"leaf": true, "dir": "snapshots/random_hybrid_3d/0416/187/0", "n_nets": 1, "name": "Hybrid3DCRF_187_0", "ari": [0.835868775844574], "miou": [0.4572773575782776], "accuracy": [0.9377822279930115], "n_params": [4555392], "n_iterations": 368}