{"ari": {"min": 0.8287128210067749, "max": 0.8294880390167236, "mean": 0.8291004300117493, "dir": "snapshots/random_hybrid_3d/0424/22/1"}, "miou": {"min": 0.6010779142379761, "max": 0.6299740076065063, "mean": 0.6155259609222412, "dir": "snapshots/random_hybrid_3d/0424/22/1"}, "accuracy": {"min": 0.9364202618598938, "max": 0.9369805455207825, "mean": 0.9367004036903381, "dir": "snapshots/random_hybrid_3d/0424/22/1"}, "n_params": {"min": 2036284, "max": 2036284, "mean": 2036284.0, "dir": "snapshots/random_hybrid_3d/0424/22/1"}, "leaf": false, "n_nets": 2}