{"ari": {"min": 0.816271960735321, "max": 0.8300674557685852, "mean": 0.8231697082519531, "dir": "snapshots/random_hybrid_3d/0424/247/1"}, "miou": {"min": 0.42087215185165405, "max": 0.5429839491844177, "mean": 0.4819280505180359, "dir": "snapshots/random_hybrid_3d/0424/247/1"}, "accuracy": {"min": 0.9300794005393982, "max": 0.9374635815620422, "mean": 0.9337714910507202, "dir": "snapshots/random_hybrid_3d/0424/247/1"}, "n_params": {"min": 35546, "max": 35546, "mean": 35546.0, "dir": "snapshots/random_hybrid_3d/0424/247/1"}, "leaf": false, "n_nets": 2}