{"ari": {"min": 0.7681112289428711, "max": 0.8269598484039307, "mean": 0.7975355386734009, "dir": "snapshots/random_hybrid_3d/0424/196/1"}, "miou": {"min": 0.33952590823173523, "max": 0.4885537624359131, "mean": 0.41403983533382416, "dir": "snapshots/random_hybrid_3d/0424/196/1"}, "accuracy": {"min": 0.9100584983825684, "max": 0.9361904263496399, "mean": 0.9231244623661041, "dir": "snapshots/random_hybrid_3d/0424/196/1"}, "n_params": {"min": 240791, "max": 240791, "mean": 240791.0, "dir": "snapshots/random_hybrid_3d/0424/196/0"}, "leaf": false, "n_nets": 2}