{"ari": {"min": 0.4683561325073242, "max": 0.8111026287078857, "mean": 0.733189046382904, "dir": "snapshots/random_2d_ed/1216/95/4"}, "miou": {"min": 0.1834522932767868, "max": 0.5442180037498474, "mean": 0.4319142371416092, "dir": "snapshots/random_2d_ed/1216/95/2"}, "accuracy": {"min": 0.8087413907051086, "max": 0.9216865301132202, "mean": 0.8925285696983337, "dir": "snapshots/random_2d_ed/1216/95/2"}, "n_params": {"min": 2292994, "max": 2292994, "mean": 2292994.0, "dir": "snapshots/random_2d_ed/1216/95/0"}, "leaf": false, "n_nets": 5}