{"leaf": true, "dir": "snapshots/random_hybrid_3d/0424/76/1", "n_nets": 1, "name": "Hybrid3DCRF_76_1", "ari": [0.8284204006195068], "miou": [0.613695502281189], "accuracy": [0.9365976452827454], "n_params": [2302288], "n_iterations": 55200}