{"leaf": true, "dir": "snapshots/random_hybrid_3d/0416/48/0", "n_nets": 1, "name": "Hybrid3DCRF_48_1", "ari": [0.8408418297767639], "miou": [0.6572656631469727], "accuracy": [0.942779541015625], "n_params": [15015], "n_iterations": 368}