{"leaf": true, "dir": "snapshots/random_hybrid_3d/0418/1/0", "n_nets": 1, "name": "Hybrid3DCRF_1_1", "ari": [0.8289281129837036], "miou": [0.6243902444839478], "accuracy": [0.9365589022636414], "n_params": [5960382], "n_iterations": 55200}