{"ari": {"min": 0.8307079672813416, "max": 0.8309141993522644, "mean": 0.830811083316803, "dir": "snapshots/random_hybrid_3d/0416/118/1"}, "miou": {"min": 0.4161841571331024, "max": 0.42242690920829773, "mean": 0.4193055331707001, "dir": "snapshots/random_hybrid_3d/0416/118/0"}, "accuracy": {"min": 0.9328136444091797, "max": 0.9332180619239807, "mean": 0.9330158531665802, "dir": "snapshots/random_hybrid_3d/0416/118/0"}, "n_params": {"min": 218137, "max": 218137, "mean": 218137.0, "dir": "snapshots/random_hybrid_3d/0416/118/1"}, "leaf": false, "n_nets": 2}