{"leaf": true, "dir": "snapshots/random_hybrid_3d/0416/179/1", "n_nets": 1, "name": "Hybrid3DCRF_179_1", "ari": [0.8281139731407166], "miou": [0.4385502338409424], "accuracy": [0.935142457485199], "n_params": [12746052], "n_iterations": 368}