{"leaf": true, "dir": "snapshots/random_2d_ed/1210/70/3", "n_nets": 1, "name": "RandomUnet2D_70_4", "ari": [0.5573651790618896], "miou": [0.2864455282688141], "accuracy": [0.8782047033309937], "n_params": [8151091], "n_iterations": 35200}