{"ari": {"min": 0.8208389282226562, "max": 0.8326020836830139, "mean": 0.8267205059528351, "dir": "snapshots/random_hybrid_3d/0416/10/0"}, "miou": {"min": 0.43444666266441345, "max": 0.491958886384964, "mean": 0.4632027745246887, "dir": "snapshots/random_hybrid_3d/0416/10/0"}, "accuracy": {"min": 0.9334172010421753, "max": 0.9376815557479858, "mean": 0.9355493783950806, "dir": "snapshots/random_hybrid_3d/0416/10/0"}, "n_params": {"min": 2217609, "max": 2218771, "mean": 2218190.0, "dir": "snapshots/random_hybrid_3d/0416/10/1"}, "leaf": false, "n_nets": 2}