{"ari": {"min": 0.6604912877082825, "max": 0.8105671405792236, "mean": 0.7747667312622071, "dir": "snapshots/random_2d_ed/1210/1/2"}, "miou": {"min": 0.2794051766395569, "max": 0.5852746963500977, "mean": 0.46987476348876955, "dir": "snapshots/random_2d_ed/1210/1/0"}, "accuracy": {"min": 0.8537673354148865, "max": 0.9258275628089905, "mean": 0.9077090859413147, "dir": "snapshots/random_2d_ed/1210/1/2"}, "n_params": {"min": 6273536, "max": 6273536, "mean": 6273536.0, "dir": "snapshots/random_2d_ed/1210/1/0"}, "leaf": false, "n_nets": 5}