{"leaf": true, "dir": "snapshots/random_2d_ed/1216/72/0", "n_nets": 1, "name": "RandomUnet2D_72_1", "ari": [0.7144215703010559], "miou": [0.2871037423610687], "accuracy": [0.874726414680481], "n_params": [1081852], "n_iterations": 15664}