{"leaf": true, "dir": "snapshots/random_hybrid_3d/0424/86/0", "n_nets": 1, "name": "Hybrid3DCRF_86_0", "ari": [0.8276262283325195], "miou": [0.59760981798172], "accuracy": [0.9361127614974976], "n_params": [25434498], "n_iterations": 55200}