{"leaf": true, "dir": "snapshots/random_hybrid_3d/0424/18/0", "n_nets": 1, "name": "Hybrid3DCRF_18_0", "ari": [0.828046441078186], "miou": [0.6025957465171814], "accuracy": [0.9368993639945984], "n_params": [12403882], "n_iterations": 55200}