{"leaf": true, "dir": "snapshots/random_hybrid_3d/0424/18/0", "n_nets": 1, "name": "Hybrid3DCRF_18_0", "ari": [0.8288043737411499], "miou": [0.6143065094947815], "accuracy": [0.9371848106384277], "n_params": [12403882], "n_iterations": 53360}