{"ari": {"min": 0.8174411058425903, "max": 0.8298289775848389, "mean": 0.8236350417137146, "dir": "snapshots/random_hybrid_3d/0424/54/1"}, "miou": {"min": 0.49730730056762695, "max": 0.6214475035667419, "mean": 0.5593774020671844, "dir": "snapshots/random_hybrid_3d/0424/54/1"}, "accuracy": {"min": 0.9302441477775574, "max": 0.9371126890182495, "mean": 0.9336784183979034, "dir": "snapshots/random_hybrid_3d/0424/54/1"}, "n_params": {"min": 2623169, "max": 2623169, "mean": 2623169.0, "dir": "snapshots/random_hybrid_3d/0424/54/0"}, "leaf": false, "n_nets": 2}