{"leaf": true, "dir": "snapshots/random_hybrid_3d/0424/279/0", "n_nets": 1, "name": "Hybrid3DCRF_279_0", "ari": [0.8293383121490479], "miou": [0.6199046969413757], "accuracy": [0.9371394515037537], "n_params": [205743], "n_iterations": 55200}