{"leaf": true, "dir": "snapshots/random_2d_ed_dense/0503/20/1", "n_nets": 1, "name": "RandomUnet2D_20_1", "ari": [0.8169341087341309], "miou": [0.616129994392395], "accuracy": [0.9314819574356079], "n_params": [3277997], "n_iterations": 125000}