{"ari": {"min": 0.8307272791862488, "max": 0.8371291160583496, "mean": 0.8339281976222992, "dir": "snapshots/random_hybrid_3d/0416/194/1"}, "miou": {"min": 0.4471713900566101, "max": 0.5048565864562988, "mean": 0.47601398825645447, "dir": "snapshots/random_hybrid_3d/0416/194/1"}, "accuracy": {"min": 0.9367567300796509, "max": 0.9413270950317383, "mean": 0.9390419125556946, "dir": "snapshots/random_hybrid_3d/0416/194/1"}, "n_params": {"min": 3522723, "max": 3522723, "mean": 3522723.0, "dir": "snapshots/random_hybrid_3d/0416/194/0"}, "leaf": false, "n_nets": 2}