{"leaf": true, "dir": "snapshots/random_2d_ed/1210/23/3", "n_nets": 1, "name": "RandomUnet2D_23_3", "ari": [0.7542603015899658], "miou": [0.3732529282569885], "accuracy": [0.8919371962547302], "n_params": [20733906], "n_iterations": 16000}