{"leaf": true, "dir": "snapshots/random_2d_ed/1210/18/0", "n_nets": 1, "name": "RandomUnet2D_18_1", "ari": [0.7959592938423157], "miou": [0.4788784086704254], "accuracy": [0.9161710739135742], "n_params": [28513233], "n_iterations": 16000}