{"leaf": true, "dir": "snapshots/random_hybrid_3d/0418/32/1", "n_nets": 1, "name": "Hybrid3DCRF_32_1", "ari": [0.830470860004425], "miou": [0.5415024161338806], "accuracy": [0.9369524121284485], "n_params": [106815], "n_iterations": 53360}