{"leaf": true, "dir": "snapshots/random_hybrid_3d/0418/32/1", "n_nets": 1, "name": "Hybrid3DCRF_32_1", "ari": [0.830782413482666], "miou": [0.5454702377319336], "accuracy": [0.9372416734695435], "n_params": [106815], "n_iterations": 16560}