{"leaf": true, "dir": "snapshots/random_hybrid_3d/0416/186/1", "n_nets": 1, "name": "Hybrid3DCRF_186_1", "ari": [0.8333635926246643], "miou": [0.5259100198745728], "accuracy": [0.9384744763374329], "n_params": [13101860], "n_iterations": 368}