{"leaf": true, "dir": "snapshots/random_2d_ed_dense/0410/56/1", "n_nets": 1, "name": "RandomUnet2D_56_1", "ari": [0.7798557877540588], "miou": [0.5250819325447083], "accuracy": [0.9108666181564331], "n_params": [1232550], "n_iterations": 80000}