{"ari": {"min": 0.8359660506248474, "max": 0.8414992690086365, "mean": 0.8387326598167419, "dir": "snapshots/random_hybrid_3d/0416/167/1"}, "miou": {"min": 0.4303690493106842, "max": 0.5220597982406616, "mean": 0.4762144237756729, "dir": "snapshots/random_hybrid_3d/0416/167/1"}, "accuracy": {"min": 0.9368227124214172, "max": 0.94223952293396, "mean": 0.9395311176776886, "dir": "snapshots/random_hybrid_3d/0416/167/1"}, "n_params": {"min": 1217500, "max": 1217983, "mean": 1217741.5, "dir": "snapshots/random_hybrid_3d/0416/167/0"}, "leaf": false, "n_nets": 2}