{"leaf": true, "dir": "snapshots/random_2d_ed/1210/13/0", "n_nets": 1, "name": "RandomUnet2D_13_0", "ari": [0.5307008624076843], "miou": [0.31562715768814087], "accuracy": [0.8575212359428406], "n_params": [46196228], "n_iterations": 64000}