{"ari": {"min": 0.8278634548187256, "max": 0.8299891352653503, "mean": 0.828926295042038, "dir": "snapshots/random_2d_ed_dense/0410/0/1"}, "miou": {"min": 0.6009459495544434, "max": 0.6109998822212219, "mean": 0.6059729158878326, "dir": "snapshots/random_2d_ed_dense/0410/0/1"}, "accuracy": {"min": 0.9374386668205261, "max": 0.9378202557563782, "mean": 0.9376294612884521, "dir": "snapshots/random_2d_ed_dense/0410/0/0"}, "n_params": {"min": 17217594, "max": 17217594, "mean": 17217594.0, "dir": "snapshots/random_2d_ed_dense/0410/0/0"}, "leaf": false, "n_nets": 2}