{"ari": {"min": 0.6883385181427002, "max": 0.7996886372566223, "mean": 0.7448352813720703, "dir": "snapshots/random_2d_ed/1210/62/1"}, "miou": {"min": 0.24291226267814636, "max": 0.4519716203212738, "mean": 0.34226168394088746, "dir": "snapshots/random_2d_ed/1210/62/1"}, "accuracy": {"min": 0.8783835768699646, "max": 0.9236583709716797, "mean": 0.9039863228797913, "dir": "snapshots/random_2d_ed/1210/62/1"}, "n_params": {"min": 33376211, "max": 33376211, "mean": 33376211.0, "dir": "snapshots/random_2d_ed/1210/62/1"}, "leaf": false, "n_nets": 5}