{"ari": {"min": 0.72149258852005, "max": 0.8155906200408936, "mean": 0.7840600490570069, "dir": "snapshots/random_2d_ed/1210/26/3"}, "miou": {"min": 0.2986707389354706, "max": 0.5620023608207703, "mean": 0.45022735595703123, "dir": "snapshots/random_2d_ed/1210/26/3"}, "accuracy": {"min": 0.8733406662940979, "max": 0.9254645705223083, "mean": 0.907827627658844, "dir": "snapshots/random_2d_ed/1210/26/3"}, "n_params": {"min": 4316592, "max": 4316592, "mean": 4316592.0, "dir": "snapshots/random_2d_ed/1210/26/1"}, "leaf": false, "n_nets": 5}