{"ari": {"min": 0.72149258852005, "max": 0.8005952835083008, "mean": 0.7811863541603088, "dir": "snapshots/random_2d_ed/1210/26/3"}, "miou": {"min": 0.2986707389354706, "max": 0.5569876432418823, "mean": 0.448408317565918, "dir": "snapshots/random_2d_ed/1210/26/3"}, "accuracy": {"min": 0.8733406662940979, "max": 0.9182718396186829, "mean": 0.9065553784370423, "dir": "snapshots/random_2d_ed/1210/26/3"}, "n_params": {"min": 4316592, "max": 4316592, "mean": 4316592.0, "dir": "snapshots/random_2d_ed/1210/26/0"}, "leaf": false, "n_nets": 5}