{"ari": {"min": 0.829660952091217, "max": 0.829660952091217, "mean": 0.829660952091217, "dir": "snapshots/random_hybrid_3d/0418/51/0"}, "miou": {"min": 0.5440570116043091, "max": 0.5440570116043091, "mean": 0.5440570116043091, "dir": "snapshots/random_hybrid_3d/0418/51/0"}, "accuracy": {"min": 0.9370598793029785, "max": 0.9370598793029785, "mean": 0.9370598793029785, "dir": "snapshots/random_hybrid_3d/0418/51/0"}, "n_params": {"min": 718621, "max": 718621, "mean": 718621.0, "dir": "snapshots/random_hybrid_3d/0418/51/0"}, "leaf": false, "n_nets": 1}