{"ari": {"min": 0.831732451915741, "max": 0.831732451915741, "mean": 0.831732451915741, "dir": "snapshots/random_hybrid_3d/0418/51/0"}, "miou": {"min": 0.4936469495296478, "max": 0.4936469495296478, "mean": 0.4936469495296478, "dir": "snapshots/random_hybrid_3d/0418/51/0"}, "accuracy": {"min": 0.937689483165741, "max": 0.937689483165741, "mean": 0.937689483165741, "dir": "snapshots/random_hybrid_3d/0418/51/0"}, "n_params": {"min": 718621, "max": 718621, "mean": 718621.0, "dir": "snapshots/random_hybrid_3d/0418/51/0"}, "leaf": false, "n_nets": 1}