{"leaf": true, "dir": "snapshots/random_2d_ed/1210/66/4", "n_nets": 1, "name": "RandomUnet2D_66_3", "ari": [0.7973706126213074], "miou": [0.44247135519981384], "accuracy": [0.9231590032577515], "n_params": [69375063], "n_iterations": 36000}