{"leaf": true, "dir": "snapshots/random_hybrid_3d/0424/67/0", "n_nets": 1, "name": "Hybrid3DCRF_67_1", "ari": [0.8292786478996277], "miou": [0.6230202913284302], "accuracy": [0.9368260502815247], "n_params": [59655], "n_iterations": 55200}