{"ari": {"min": 0.8288899660110474, "max": 0.8288899660110474, "mean": 0.8288899660110474, "dir": "snapshots/random_hybrid_3d/0424/244/0"}, "miou": {"min": 0.5428207516670227, "max": 0.5428207516670227, "mean": 0.5428207516670227, "dir": "snapshots/random_hybrid_3d/0424/244/0"}, "accuracy": {"min": 0.9369954466819763, "max": 0.9369954466819763, "mean": 0.9369954466819763, "dir": "snapshots/random_hybrid_3d/0424/244/0"}, "n_params": {"min": 751429, "max": 751429, "mean": 751429.0, "dir": "snapshots/random_hybrid_3d/0424/244/0"}, "leaf": false, "n_nets": 1}