{"ari": {"min": 0.8206344842910767, "max": 0.8422046303749084, "mean": 0.8314195573329926, "dir": "snapshots/random_hybrid_3d/0416/88/1"}, "miou": {"min": 0.4245619475841522, "max": 0.5697345733642578, "mean": 0.497148260474205, "dir": "snapshots/random_hybrid_3d/0416/88/1"}, "accuracy": {"min": 0.9312134385108948, "max": 0.9429235458374023, "mean": 0.9370684921741486, "dir": "snapshots/random_hybrid_3d/0416/88/1"}, "n_params": {"min": 3903270, "max": 3903802, "mean": 3903536.0, "dir": "snapshots/random_hybrid_3d/0416/88/0"}, "leaf": false, "n_nets": 2}