{"leaf": true, "dir": "snapshots/random_2d_ed_dense/0410/65/0", "n_nets": 1, "name": "RandomUnet2D_65_0", "ari": [0.10098803043365479], "miou": [0.09213616698980331], "accuracy": [0.4907268285751343], "n_params": [10074526], "n_iterations": 19800}