{"ari": {"min": 0.15837515890598297, "max": 0.8296175003051758, "mean": 0.4939963296055794, "dir": "snapshots/random_hybrid_3d/0424/143/0"}, "miou": {"min": 0.42705854773521423, "max": 0.5426943898200989, "mean": 0.48487646877765656, "dir": "snapshots/random_hybrid_3d/0424/143/0"}, "accuracy": {"min": 0.5224320888519287, "max": 0.9370625019073486, "mean": 0.7297472953796387, "dir": "snapshots/random_hybrid_3d/0424/143/0"}, "n_params": {"min": 453247, "max": 453247, "mean": 453247.0, "dir": "snapshots/random_hybrid_3d/0424/143/0"}, "leaf": false, "n_nets": 2}