{"ari": {"min": -2.1408600577536056e-18, "max": -2.1408600577536056e-18, "mean": -2.1408600577536056e-18, "dir": "snapshots/multi_binary/1220/0/0"}, "miou": {"min": 0.23688258230686188, "max": 0.23688258230686188, "mean": 0.23688258230686188, "dir": "snapshots/multi_binary/1220/0/0"}, "accuracy": {"min": 0.47376516461372375, "max": 0.47376516461372375, "mean": 0.47376516461372375, "dir": "snapshots/multi_binary/1220/0/0"}, "n_params": {"min": 31030658, "max": 31030658, "mean": 31030658.0, "dir": "snapshots/multi_binary/1220/0/0"}, "leaf": false, "n_nets": 1}