{"ari": {"min": 0.7893674969673157, "max": 0.818845272064209, "mean": 0.8041063845157623, "dir": "snapshots/random_hybrid_3d/0416/199/0"}, "miou": {"min": 0.3837100565433502, "max": 0.41351500153541565, "mean": 0.39861252903938293, "dir": "snapshots/random_hybrid_3d/0416/199/0"}, "accuracy": {"min": 0.9240025281906128, "max": 0.9335731863975525, "mean": 0.9287878572940826, "dir": "snapshots/random_hybrid_3d/0416/199/0"}, "n_params": {"min": 2882419, "max": 2883490, "mean": 2882954.5, "dir": "snapshots/random_hybrid_3d/0416/199/0"}, "leaf": false, "n_nets": 2}