{"ari": {"min": 0.8290846943855286, "max": 0.8291324377059937, "mean": 0.8291085660457611, "dir": "snapshots/random_hybrid_3d/0424/299/0"}, "miou": {"min": 0.6194106340408325, "max": 0.6215023398399353, "mean": 0.6204564869403839, "dir": "snapshots/random_hybrid_3d/0424/299/0"}, "accuracy": {"min": 0.9366961121559143, "max": 0.9366976618766785, "mean": 0.9366968870162964, "dir": "snapshots/random_hybrid_3d/0424/299/1"}, "n_params": {"min": 165843, "max": 166375, "mean": 166109.0, "dir": "snapshots/random_hybrid_3d/0424/299/0"}, "leaf": false, "n_nets": 2}