{"leaf": true, "dir": "snapshots/random_hybrid_3d/0418/256/1", "n_nets": 1, "name": "Hybrid3DCRF_256_1", "ari": [0.8284514546394348], "miou": [0.615790069103241], "accuracy": [0.9368715882301331], "n_params": [4942683], "n_iterations": 55200}