{"leaf": true, "dir": "snapshots/random_hybrid_3d/0418/0/0", "n_nets": 1, "name": "Hybrid3DCRF_0_0", "ari": [0.8301640748977661], "miou": [0.6275955438613892], "accuracy": [0.9377132058143616], "n_params": [1042871], "n_iterations": 46000}