{"ari": {"min": 0.6536949276924133, "max": 0.7862673401832581, "mean": 0.7451795220375061, "dir": "snapshots/random_2d_ed/1216/92/1"}, "miou": {"min": 0.24597984552383423, "max": 0.4501802623271942, "mean": 0.36338977217674256, "dir": "snapshots/random_2d_ed/1216/92/3"}, "accuracy": {"min": 0.8578615784645081, "max": 0.9072663187980652, "mean": 0.8912657499313354, "dir": "snapshots/random_2d_ed/1216/92/1"}, "n_params": {"min": 8234535, "max": 8234535, "mean": 8234535.0, "dir": "snapshots/random_2d_ed/1216/92/1"}, "leaf": false, "n_nets": 5}