{"leaf": true, "dir": "snapshots/random_hybrid_3d/0416/44/1", "n_nets": 1, "name": "Hybrid3DCRF_44_0", "ari": [0.8398845195770264], "miou": [0.5140808820724487], "accuracy": [0.9423776268959045], "n_params": [41963280], "n_iterations": 368}