{"leaf": true, "dir": "snapshots/random_2d_ed/1210/86/1", "n_nets": 1, "name": "RandomUnet2D_86_1", "ari": [0.8061365485191345], "miou": [0.4616825580596924], "accuracy": [0.9228919148445129], "n_params": [14884858], "n_iterations": 25000}