{"ari": {"min": 0.8290778994560242, "max": 0.8293368220329285, "mean": 0.8292073607444763, "dir": "snapshots/random_hybrid_3d/0424/41/0"}, "miou": {"min": 0.5447601079940796, "max": 0.6220425367355347, "mean": 0.5834013223648071, "dir": "snapshots/random_hybrid_3d/0424/41/0"}, "accuracy": {"min": 0.9371722340583801, "max": 0.9372185468673706, "mean": 0.9371953904628754, "dir": "snapshots/random_hybrid_3d/0424/41/0"}, "n_params": {"min": 4059733, "max": 4061147, "mean": 4060440.0, "dir": "snapshots/random_hybrid_3d/0424/41/1"}, "leaf": false, "n_nets": 2}