{"ari": {"min": 0.6074288487434387, "max": 0.7773787379264832, "mean": 0.704119861125946, "dir": "snapshots/random_2d_ed/1216/97/3"}, "miou": {"min": 0.2033659964799881, "max": 0.5137042999267578, "mean": 0.33597239553928376, "dir": "snapshots/random_2d_ed/1216/97/1"}, "accuracy": {"min": 0.84022057056427, "max": 0.8993549346923828, "mean": 0.8726088285446167, "dir": "snapshots/random_2d_ed/1216/97/3"}, "n_params": {"min": 2456801, "max": 2456801, "mean": 2456801.0, "dir": "snapshots/random_2d_ed/1216/97/0"}, "leaf": false, "n_nets": 5}