{"leaf": true, "dir": "snapshots/random_hybrid_3d/0416/46/0", "n_nets": 1, "name": "Hybrid3DCRF_46_0", "ari": [0.8398823142051697], "miou": [0.44700339436531067], "accuracy": [0.9361366033554077], "n_params": [1277497], "n_iterations": 368}