{"leaf": true, "dir": "snapshots/random_2d_ed/1210/60/0", "n_nets": 1, "name": "RandomUnet2D_60_0", "ari": [0.7727300524711609], "miou": [0.3845176696777344], "accuracy": [0.9058418273925781], "n_params": [2430729], "n_iterations": 16000}