{"ari": {"min": -0.0019475772278383374, "max": 0.00837390311062336, "mean": 0.003213162941392511, "dir": "snapshots/random_2d_ed_dense/0410/83/0"}, "miou": {"min": 0.010065152309834957, "max": 0.06972167640924454, "mean": 0.03989341435953975, "dir": "snapshots/random_2d_ed_dense/0410/83/1"}, "accuracy": {"min": 0.047956157475709915, "max": 0.47628137469291687, "mean": 0.2621187660843134, "dir": "snapshots/random_2d_ed_dense/0410/83/1"}, "n_params": {"min": 5314431, "max": 5314431, "mean": 5314431.0, "dir": "snapshots/random_2d_ed_dense/0410/83/0"}, "leaf": false, "n_nets": 2}