{"ari": {"min": 0.3476300835609436, "max": 0.6720759868621826, "mean": 0.5679385900497437, "dir": "snapshots/random_2d_ed/1216/30/4"}, "miou": {"min": 0.19144730269908905, "max": 0.33464425802230835, "mean": 0.26080514788627623, "dir": "snapshots/random_2d_ed/1216/30/4"}, "accuracy": {"min": 0.8026581406593323, "max": 0.8892015218734741, "mean": 0.8588216304779053, "dir": "snapshots/random_2d_ed/1216/30/4"}, "n_params": {"min": 3396005, "max": 3396005, "mean": 3396005.0, "dir": "snapshots/random_2d_ed/1216/30/1"}, "leaf": false, "n_nets": 5}