{"leaf": true, "dir": "snapshots/random_2d_ed/1210/27/0", "n_nets": 1, "name": "RandomUnet2D_27_3", "ari": [0.7464389204978943], "miou": [0.34320563077926636], "accuracy": [0.8966135382652283], "n_params": [16314706], "n_iterations": 36000}