{"leaf": true, "dir": "snapshots/random_2d_ed/1216/64/4", "n_nets": 1, "name": "RandomUnet2D_64_4", "ari": [0.7538586258888245], "miou": [0.3345242142677307], "accuracy": [0.899488627910614], "n_params": [2988905], "n_iterations": 96120}