{"ari": {"min": 0.74200040102005, "max": 0.8140282034873962, "mean": 0.7922295093536377, "dir": "snapshots/random_2d_ed/1216/20/0"}, "miou": {"min": 0.3091365694999695, "max": 0.5009286999702454, "mean": 0.4044575750827789, "dir": "snapshots/random_2d_ed/1216/20/0"}, "accuracy": {"min": 0.8974827527999878, "max": 0.9196208715438843, "mean": 0.9121111750602722, "dir": "snapshots/random_2d_ed/1216/20/0"}, "n_params": {"min": 12901938, "max": 12901938, "mean": 12901938.0, "dir": "snapshots/random_2d_ed/1216/20/0"}, "leaf": false, "n_nets": 5}