{"ari": {"min": 0.7593167424201965, "max": 0.8189060688018799, "mean": 0.797247314453125, "dir": "snapshots/random_2d_ed/1216/20/3"}, "miou": {"min": 0.32698890566825867, "max": 0.5073033571243286, "mean": 0.4216452777385712, "dir": "snapshots/random_2d_ed/1216/20/0"}, "accuracy": {"min": 0.9014395475387573, "max": 0.9241353869438171, "mean": 0.9148831009864807, "dir": "snapshots/random_2d_ed/1216/20/3"}, "n_params": {"min": 12901938, "max": 12901938, "mean": 12901938.0, "dir": "snapshots/random_2d_ed/1216/20/0"}, "leaf": false, "n_nets": 5}