{"leaf": true, "dir": "snapshots/random_2d_ed_dense/0503/164/1", "n_nets": 1, "name": "RandomUnet2D_164_0", "ari": [0.7542697787284851], "miou": [0.4509744346141815], "accuracy": [0.9008897542953491], "n_params": [422557], "n_iterations": 80000}