{"ari": {"min": 0.8406440019607544, "max": 0.8410473465919495, "mean": 0.8408456742763519, "dir": "snapshots/random_hybrid_3d/0416/31/1"}, "miou": {"min": 0.5087507963180542, "max": 0.5736175179481506, "mean": 0.5411841571331024, "dir": "snapshots/random_hybrid_3d/0416/31/0"}, "accuracy": {"min": 0.942403256893158, "max": 0.9424906373023987, "mean": 0.9424469470977783, "dir": "snapshots/random_hybrid_3d/0416/31/1"}, "n_params": {"min": 1123704, "max": 1124635, "mean": 1124169.5, "dir": "snapshots/random_hybrid_3d/0416/31/1"}, "leaf": false, "n_nets": 2}