{"ari": {"min": 0.8283871412277222, "max": 0.830043375492096, "mean": 0.8292152583599091, "dir": "snapshots/random_hybrid_3d/0424/192/0"}, "miou": {"min": 0.6275453567504883, "max": 0.6292191743850708, "mean": 0.6283822655677795, "dir": "snapshots/random_hybrid_3d/0424/192/0"}, "accuracy": {"min": 0.9367117881774902, "max": 0.9371352195739746, "mean": 0.9369235038757324, "dir": "snapshots/random_hybrid_3d/0424/192/0"}, "n_params": {"min": 5469061, "max": 5470069, "mean": 5469565.0, "dir": "snapshots/random_hybrid_3d/0424/192/1"}, "leaf": false, "n_nets": 2}