{"leaf": true, "dir": "snapshots/weight_volume/1210/025/1", "n_nets": 1, "name": "WeightVolume_025_1", "ari": [0.8326249122619629], "miou": [0.5673073530197144], "accuracy": [0.9372150897979736], "n_params": [31030983], "n_iterations": 36000}