{"ari": {"min": 0.8399545550346375, "max": 0.8408560752868652, "mean": 0.8404053151607513, "dir": "snapshots/random_hybrid_3d/0416/280/1"}, "miou": {"min": 0.4950760304927826, "max": 0.5784239172935486, "mean": 0.5367499738931656, "dir": "snapshots/random_hybrid_3d/0416/280/1"}, "accuracy": {"min": 0.9408081769943237, "max": 0.9430912733078003, "mean": 0.941949725151062, "dir": "snapshots/random_hybrid_3d/0416/280/1"}, "n_params": {"min": 762538, "max": 763420, "mean": 762979.0, "dir": "snapshots/random_hybrid_3d/0416/280/0"}, "leaf": false, "n_nets": 2}