{"ari": {"min": 0.7943634986877441, "max": 0.7943634986877441, "mean": 0.7943634986877441, "dir": "snapshots/random_2d_ed/1216/33/0"}, "miou": {"min": 0.4950791001319885, "max": 0.4950791001319885, "mean": 0.4950791001319885, "dir": "snapshots/random_2d_ed/1216/33/0"}, "accuracy": {"min": 0.9059840440750122, "max": 0.9059840440750122, "mean": 0.9059840440750122, "dir": "snapshots/random_2d_ed/1216/33/0"}, "n_params": {"min": 5656350, "max": 5656350, "mean": 5656350.0, "dir": "snapshots/random_2d_ed/1216/33/0"}, "leaf": false, "n_nets": 1}