{"ari": {"min": 0.726414680480957, "max": 0.8015143871307373, "mean": 0.7686758041381836, "dir": "snapshots/random_2d_ed/1216/33/0"}, "miou": {"min": 0.28910109400749207, "max": 0.5678727626800537, "mean": 0.4209897041320801, "dir": "snapshots/random_2d_ed/1216/33/0"}, "accuracy": {"min": 0.8799286484718323, "max": 0.9137593507766724, "mean": 0.8973426818847656, "dir": "snapshots/random_2d_ed/1216/33/0"}, "n_params": {"min": 5656350, "max": 5656350, "mean": 5656350.0, "dir": "snapshots/random_2d_ed/1216/33/0"}, "leaf": false, "n_nets": 5}