{"ari": {"min": 0.8130145072937012, "max": 0.8190126419067383, "mean": 0.8160135746002197, "dir": "snapshots/random_2d_ed_dense/0503/37/0"}, "miou": {"min": 0.6218921542167664, "max": 0.6261069178581238, "mean": 0.6239995360374451, "dir": "snapshots/random_2d_ed_dense/0503/37/1"}, "accuracy": {"min": 0.933281660079956, "max": 0.9355010986328125, "mean": 0.9343913793563843, "dir": "snapshots/random_2d_ed_dense/0503/37/0"}, "n_params": {"min": 27703059, "max": 27703059, "mean": 27703059.0, "dir": "snapshots/random_2d_ed_dense/0503/37/1"}, "leaf": false, "n_nets": 2}