{"leaf": true, "dir": "snapshots/random_2d_ed/1210/22/1", "n_nets": 1, "name": "RandomUnet2D_22_1", "ari": [0.2999365031719208], "miou": [0.2979397177696228], "accuracy": [0.7927030324935913], "n_params": [57430773], "n_iterations": 35200}