{"leaf": true, "dir": "snapshots/random_2d_ed/1210/22/1", "n_nets": 1, "name": "RandomUnet2D_22_1", "ari": [0.2896030843257904], "miou": [0.28816667199134827], "accuracy": [0.7910753488540649], "n_params": [57430773], "n_iterations": 32000}