{"ari": {"min": 0.8290936946868896, "max": 0.8292003273963928, "mean": 0.8291470110416412, "dir": "snapshots/random_hybrid_3d/0424/107/1"}, "miou": {"min": 0.6178573966026306, "max": 0.6213005781173706, "mean": 0.6195789873600006, "dir": "snapshots/random_hybrid_3d/0424/107/0"}, "accuracy": {"min": 0.9369033575057983, "max": 0.9371445178985596, "mean": 0.937023937702179, "dir": "snapshots/random_hybrid_3d/0424/107/0"}, "n_params": {"min": 3355511, "max": 3355511, "mean": 3355511.0, "dir": "snapshots/random_hybrid_3d/0424/107/0"}, "leaf": false, "n_nets": 2}