{"ari": {"min": 0.8291471004486084, "max": 0.8300364017486572, "mean": 0.8295917510986328, "dir": "snapshots/random_hybrid_3d/0424/107/0"}, "miou": {"min": 0.6196323037147522, "max": 0.6214920878410339, "mean": 0.6205621957778931, "dir": "snapshots/random_hybrid_3d/0424/107/0"}, "accuracy": {"min": 0.9371773600578308, "max": 0.9372397661209106, "mean": 0.9372085630893707, "dir": "snapshots/random_hybrid_3d/0424/107/1"}, "n_params": {"min": 3355511, "max": 3355511, "mean": 3355511.0, "dir": "snapshots/random_hybrid_3d/0424/107/0"}, "leaf": false, "n_nets": 2}