{"ari": {"min": 0.6510859727859497, "max": 0.8048455119132996, "mean": 0.7602847218513489, "dir": "snapshots/random_2d_ed/1216/71/1"}, "miou": {"min": 0.20560428500175476, "max": 0.44947734475135803, "mean": 0.3591755211353302, "dir": "snapshots/random_2d_ed/1216/71/1"}, "accuracy": {"min": 0.8617403507232666, "max": 0.915122389793396, "mean": 0.8974686861038208, "dir": "snapshots/random_2d_ed/1216/71/3"}, "n_params": {"min": 1227436, "max": 1227436, "mean": 1227436.0, "dir": "snapshots/random_2d_ed/1216/71/0"}, "leaf": false, "n_nets": 5}