{"ari": {"min": 0.8289188742637634, "max": 0.8410791754722595, "mean": 0.8349990248680115, "dir": "snapshots/random_hybrid_3d/0416/275/0"}, "miou": {"min": 0.43633732199668884, "max": 0.5177673697471619, "mean": 0.47705234587192535, "dir": "snapshots/random_hybrid_3d/0416/275/0"}, "accuracy": {"min": 0.9366224408149719, "max": 0.9429920315742493, "mean": 0.9398072361946106, "dir": "snapshots/random_hybrid_3d/0416/275/0"}, "n_params": {"min": 4765353, "max": 4766256, "mean": 4765804.5, "dir": "snapshots/random_hybrid_3d/0416/275/1"}, "leaf": false, "n_nets": 2}