{"leaf": true, "dir": "snapshots/random_2d_ed/1216/87/0", "n_nets": 1, "name": "RandomUnet2D_87_0", "ari": [0.8014717102050781], "miou": [0.5089114308357239], "accuracy": [0.9068572521209717], "n_params": [3586068], "n_iterations": 66750}