{"leaf": true, "dir": "snapshots/random_2d_ed_dense/0410/28/0", "n_nets": 1, "name": "RandomUnet2D_28_1", "ari": [0.04840492829680443], "miou": [0.037520237267017365], "accuracy": [0.20565718412399292], "n_params": [18572650], "n_iterations": 13750}