{"leaf": true, "dir": "snapshots/random_2d_ed_dense/0410/297/1", "n_nets": 1, "name": "RandomUnet2D_297_1", "ari": [0.02734837681055069], "miou": [0.06157397851347923], "accuracy": [0.40153491497039795], "n_params": [857496], "n_iterations": 19800}