{"leaf": true, "dir": "snapshots/random_hybrid_3d/0416/118/1", "n_nets": 1, "name": "Hybrid3DCRF_118_1", "ari": [0.8309141993522644], "miou": [0.4161841571331024], "accuracy": [0.9328136444091797], "n_params": [218137], "n_iterations": 368}