{"ari": {"min": 0.46029654145240784, "max": 0.6610412001609802, "mean": 0.5557089269161224, "dir": "snapshots/random_2d_ed/1216/98/2"}, "miou": {"min": 0.19988779723644257, "max": 0.3958372175693512, "mean": 0.2794145792722702, "dir": "snapshots/random_2d_ed/1216/98/2"}, "accuracy": {"min": 0.8426782488822937, "max": 0.9050695896148682, "mean": 0.8700509071350098, "dir": "snapshots/random_2d_ed/1216/98/2"}, "n_params": {"min": 26736133, "max": 26736133, "mean": 26736133.0, "dir": "snapshots/random_2d_ed/1216/98/0"}, "leaf": false, "n_nets": 5}