{"ari": {"min": 0.01347270980477333, "max": 0.19674596190452576, "mean": 0.10510933585464954, "dir": "snapshots/random_2d_ed_dense/0503/46/0"}, "miou": {"min": 0.02029346488416195, "max": 0.1655540019273758, "mean": 0.09292373340576887, "dir": "snapshots/random_2d_ed_dense/0503/46/0"}, "accuracy": {"min": 0.07034439593553543, "max": 0.6302552223205566, "mean": 0.35029980912804604, "dir": "snapshots/random_2d_ed_dense/0503/46/0"}, "n_params": {"min": 3269509, "max": 3269509, "mean": 3269509.0, "dir": "snapshots/random_2d_ed_dense/0503/46/0"}, "leaf": false, "n_nets": 2}