{"leaf": true, "dir": "snapshots/random_hybrid_3d/0424/198/1", "n_nets": 1, "name": "Hybrid3DCRF_198_0", "ari": [0.8154310584068298], "miou": [0.618577778339386], "accuracy": [0.9331878423690796], "n_params": [55769], "n_iterations": 55200}