{"ari": {"min": -8.102200808934867e-06, "max": 0.056487131863832474, "mean": 0.02823951483151177, "dir": "snapshots/random_hybrid_3d/0416/213/0"}, "miou": {"min": 0.06590808928012848, "max": 0.1089593693614006, "mean": 0.08743372932076454, "dir": "snapshots/random_hybrid_3d/0416/213/0"}, "accuracy": {"min": 0.4613495171070099, "max": 0.5082656145095825, "mean": 0.4848075658082962, "dir": "snapshots/random_hybrid_3d/0416/213/0"}, "n_params": {"min": 31450, "max": 31450, "mean": 31450.0, "dir": "snapshots/random_hybrid_3d/0416/213/0"}, "leaf": false, "n_nets": 2}