{"leaf": true, "dir": "snapshots/random_2d_ed_dense/0410/280/0", "n_nets": 1, "name": "RandomUnet2D_280_1", "ari": [0.5077154636383057], "miou": [0.2106495052576065], "accuracy": [0.6980878710746765], "n_params": [4463532], "n_iterations": 19800}