{"ari": {"min": 0.5370051264762878, "max": 0.5370051264762878, "mean": 0.5370051264762878, "dir": "snapshots/random_2d_ed_dense/0503/262/0"}, "miou": {"min": 0.2759092152118683, "max": 0.2759092152118683, "mean": 0.2759092152118683, "dir": "snapshots/random_2d_ed_dense/0503/262/0"}, "accuracy": {"min": 0.8305730819702148, "max": 0.8305730819702148, "mean": 0.8305730819702148, "dir": "snapshots/random_2d_ed_dense/0503/262/0"}, "n_params": {"min": 11941476, "max": 11941476, "mean": 11941476.0, "dir": "snapshots/random_2d_ed_dense/0503/262/0"}, "leaf": false, "n_nets": 1}