{"leaf": true, "dir": "snapshots/random_2d_ed/1216/84/1", "n_nets": 1, "name": "RandomUnet2D_84_3", "ari": [0.5780404806137085], "miou": [0.21399223804473877], "accuracy": [0.8282210826873779], "n_params": [207581], "n_iterations": 15664}