{"ari": {"min": 0.49847903847694397, "max": 0.5430845618247986, "mean": 0.5190905392169952, "dir": "snapshots/random_2d_ed/1216/17/4"}, "miou": {"min": 0.20411032438278198, "max": 0.22753295302391052, "mean": 0.21278331875801088, "dir": "snapshots/random_2d_ed/1216/17/4"}, "accuracy": {"min": 0.8524811863899231, "max": 0.8602657318115234, "mean": 0.8559407711029052, "dir": "snapshots/random_2d_ed/1216/17/1"}, "n_params": {"min": 4738752, "max": 4738752, "mean": 4738752.0, "dir": "snapshots/random_2d_ed/1216/17/1"}, "leaf": false, "n_nets": 5}