{"ari": {"min": 0.5118086934089661, "max": 0.5329962968826294, "mean": 0.5196401119232178, "dir": "snapshots/random_2d_ed/1216/17/4"}, "miou": {"min": 0.2040129452943802, "max": 0.23854151368141174, "mean": 0.21706307530403138, "dir": "snapshots/random_2d_ed/1216/17/4"}, "accuracy": {"min": 0.8519678711891174, "max": 0.863358736038208, "mean": 0.858448326587677, "dir": "snapshots/random_2d_ed/1216/17/3"}, "n_params": {"min": 4738752, "max": 4738752, "mean": 4738752.0, "dir": "snapshots/random_2d_ed/1216/17/1"}, "leaf": false, "n_nets": 5}