{"leaf": true, "dir": "snapshots/random_2d_ed_dense/0503/72/1", "n_nets": 1, "name": "RandomUnet2D_72_1", "ari": [0.7234280705451965], "miou": [0.28900253772735596], "accuracy": [0.9014112949371338], "n_params": [11713013], "n_iterations": 19800}