{"leaf": true, "dir": "snapshots/random_hybrid_3d/0416/13/1", "n_nets": 1, "name": "Hybrid3DCRF_13_1", "ari": [0.8367898464202881], "miou": [0.5548527836799622], "accuracy": [0.9409252405166626], "n_params": [456969], "n_iterations": 368}