{"ari": {"min": 0.6791659593582153, "max": 0.8372095823287964, "mean": 0.7581877708435059, "dir": "snapshots/random_hybrid_3d/0416/269/1"}, "miou": {"min": 0.24179747700691223, "max": 0.5071016550064087, "mean": 0.37444956600666046, "dir": "snapshots/random_hybrid_3d/0416/269/1"}, "accuracy": {"min": 0.8855957388877869, "max": 0.9412145018577576, "mean": 0.9134051203727722, "dir": "snapshots/random_hybrid_3d/0416/269/1"}, "n_params": {"min": 1973169, "max": 1973169, "mean": 1973169.0, "dir": "snapshots/random_hybrid_3d/0416/269/0"}, "leaf": false, "n_nets": 2}