{"ari": {"min": 0.8173503279685974, "max": 0.8282830119132996, "mean": 0.8228166699409485, "dir": "snapshots/random_hybrid_3d/0424/201/0"}, "miou": {"min": 0.4755190312862396, "max": 0.6279366612434387, "mean": 0.5517278462648392, "dir": "snapshots/random_hybrid_3d/0424/201/0"}, "accuracy": {"min": 0.931086003780365, "max": 0.9366970062255859, "mean": 0.9338915050029755, "dir": "snapshots/random_hybrid_3d/0424/201/0"}, "n_params": {"min": 177415, "max": 177415, "mean": 177415.0, "dir": "snapshots/random_hybrid_3d/0424/201/0"}, "leaf": false, "n_nets": 2}