{"ari": {"min": 0.6033720374107361, "max": 0.6761057376861572, "mean": 0.6479562759399414, "dir": "snapshots/random_2d_ed/1210/93/4"}, "miou": {"min": 0.23425602912902832, "max": 0.30957695841789246, "mean": 0.2653091073036194, "dir": "snapshots/random_2d_ed/1210/93/3"}, "accuracy": {"min": 0.8478012084960938, "max": 0.8739713430404663, "mean": 0.8582487940788269, "dir": "snapshots/random_2d_ed/1210/93/4"}, "n_params": {"min": 231687, "max": 231687, "mean": 231687.0, "dir": "snapshots/random_2d_ed/1210/93/0"}, "leaf": false, "n_nets": 5}