{"ari": {"min": 0.765268087387085, "max": 0.8414730429649353, "mean": 0.8033705651760101, "dir": "snapshots/random_hybrid_3d/0416/231/0"}, "miou": {"min": 0.32046374678611755, "max": 0.5044857859611511, "mean": 0.41247476637363434, "dir": "snapshots/random_hybrid_3d/0416/231/0"}, "accuracy": {"min": 0.9114333391189575, "max": 0.941534698009491, "mean": 0.9264840185642242, "dir": "snapshots/random_hybrid_3d/0416/231/0"}, "n_params": {"min": 12248737, "max": 12248737, "mean": 12248737.0, "dir": "snapshots/random_hybrid_3d/0416/231/0"}, "leaf": false, "n_nets": 2}