{"ari": {"min": -0.0007852571434341371, "max": 0.2861981689929962, "mean": 0.14270645592478104, "dir": "snapshots/random_2d_ed_dense/0410/101/1"}, "miou": {"min": 0.07099440693855286, "max": 0.18349048495292664, "mean": 0.12724244594573975, "dir": "snapshots/random_2d_ed_dense/0410/101/1"}, "accuracy": {"min": 0.4965305030345917, "max": 0.7115130424499512, "mean": 0.6040217727422714, "dir": "snapshots/random_2d_ed_dense/0410/101/1"}, "n_params": {"min": 996605, "max": 996605, "mean": 996605.0, "dir": "snapshots/random_2d_ed_dense/0410/101/0"}, "leaf": false, "n_nets": 2}