{"leaf": true, "dir": "snapshots/random_2d_ed_dense/0503/65/1", "n_nets": 1, "name": "RandomUnet2D_65_0", "ari": [0.0028678334783762693], "miou": [0.08858627080917358], "accuracy": [0.4965415596961975], "n_params": [10074468], "n_iterations": 19800}