{"ari": {"min": 0.8288409113883972, "max": 0.8294413089752197, "mean": 0.8291411101818085, "dir": "snapshots/random_hybrid_3d/0424/136/0"}, "miou": {"min": 0.6152898669242859, "max": 0.6254562139511108, "mean": 0.6203730404376984, "dir": "snapshots/random_hybrid_3d/0424/136/0"}, "accuracy": {"min": 0.9364223480224609, "max": 0.9372274875640869, "mean": 0.9368249177932739, "dir": "snapshots/random_hybrid_3d/0424/136/0"}, "n_params": {"min": 106817, "max": 106817, "mean": 106817.0, "dir": "snapshots/random_hybrid_3d/0424/136/0"}, "leaf": false, "n_nets": 2}