{"leaf": true, "dir": "snapshots/random_2d_ed/1216/28/3", "n_nets": 1, "name": "RandomUnet2D_28_1", "ari": [0.6013912558555603], "miou": [0.2412310093641281], "accuracy": [0.8602432608604431], "n_params": [2168126], "n_iterations": 47971}