{"ari": {"min": 0.827343225479126, "max": 0.828273355960846, "mean": 0.827808290719986, "dir": "snapshots/random_hybrid_3d/0424/138/0"}, "miou": {"min": 0.48882538080215454, "max": 0.5418999791145325, "mean": 0.5153626799583435, "dir": "snapshots/random_hybrid_3d/0424/138/0"}, "accuracy": {"min": 0.935834527015686, "max": 0.9365881681442261, "mean": 0.936211347579956, "dir": "snapshots/random_hybrid_3d/0424/138/0"}, "n_params": {"min": 2118093, "max": 2118093, "mean": 2118093.0, "dir": "snapshots/random_hybrid_3d/0424/138/0"}, "leaf": false, "n_nets": 2}