{"ari": {"min": 0.01193860825151205, "max": 0.015137610957026482, "mean": 0.013538109604269266, "dir": "snapshots/random_2d_ed_dense/0503/119/0"}, "miou": {"min": 0.09685158729553223, "max": 0.10765526443719864, "mean": 0.10225342586636543, "dir": "snapshots/random_2d_ed_dense/0503/119/1"}, "accuracy": {"min": 0.47321051359176636, "max": 0.49306154251098633, "mean": 0.48313602805137634, "dir": "snapshots/random_2d_ed_dense/0503/119/0"}, "n_params": {"min": 7404207, "max": 7404207, "mean": 7404207.0, "dir": "snapshots/random_2d_ed_dense/0503/119/0"}, "leaf": false, "n_nets": 2}