{"ari": {"min": 0.6706621050834656, "max": 0.6706621050834656, "mean": 0.6706621050834656, "dir": "snapshots/random_2d_ed/1216/69/0"}, "miou": {"min": 0.252656489610672, "max": 0.252656489610672, "mean": 0.252656489610672, "dir": "snapshots/random_2d_ed/1216/69/0"}, "accuracy": {"min": 0.8744171261787415, "max": 0.8744171261787415, "mean": 0.8744171261787415, "dir": "snapshots/random_2d_ed/1216/69/0"}, "n_params": {"min": 4843704, "max": 4843704, "mean": 4843704.0, "dir": "snapshots/random_2d_ed/1216/69/0"}, "leaf": false, "n_nets": 1}