{"ari": {"min": 0.6423894762992859, "max": 0.7973849177360535, "mean": 0.711145567893982, "dir": "snapshots/random_2d_ed/1216/69/3"}, "miou": {"min": 0.25325825810432434, "max": 0.4903877079486847, "mean": 0.3370720624923706, "dir": "snapshots/random_2d_ed/1216/69/3"}, "accuracy": {"min": 0.8393017053604126, "max": 0.9161388874053955, "mean": 0.8800422787666321, "dir": "snapshots/random_2d_ed/1216/69/3"}, "n_params": {"min": 4843704, "max": 4843704, "mean": 4843704.0, "dir": "snapshots/random_2d_ed/1216/69/0"}, "leaf": false, "n_nets": 5}