{"ari": {"min": 0.8257096409797668, "max": 0.8377392888069153, "mean": 0.8317244648933411, "dir": "snapshots/random_hybrid_3d/0416/242/1"}, "miou": {"min": 0.4296046793460846, "max": 0.43475404381752014, "mean": 0.43217936158180237, "dir": "snapshots/random_hybrid_3d/0416/242/0"}, "accuracy": {"min": 0.9346231818199158, "max": 0.9378882050514221, "mean": 0.936255693435669, "dir": "snapshots/random_hybrid_3d/0416/242/1"}, "n_params": {"min": 4361807, "max": 4361954, "mean": 4361880.5, "dir": "snapshots/random_hybrid_3d/0416/242/1"}, "leaf": false, "n_nets": 2}