{"leaf": true, "dir": "snapshots/random_2d_ed/1210/62/2", "n_nets": 1, "name": "RandomUnet2D_62_3", "ari": [0.7685913443565369], "miou": [0.410006582736969], "accuracy": [0.9101556539535522], "n_params": [33376211], "n_iterations": 36000}