{"ari": {"min": 0.00033676173188723624, "max": 0.19483517110347748, "mean": 0.09758596641768236, "dir": "snapshots/random_2d_ed_dense/0503/189/1"}, "miou": {"min": 0.031028786674141884, "max": 0.07789257913827896, "mean": 0.05446068290621042, "dir": "snapshots/random_2d_ed_dense/0503/189/0"}, "accuracy": {"min": 0.13274672627449036, "max": 0.4657003879547119, "mean": 0.29922355711460114, "dir": "snapshots/random_2d_ed_dense/0503/189/0"}, "n_params": {"min": 1023969, "max": 1023969, "mean": 1023969.0, "dir": "snapshots/random_2d_ed_dense/0503/189/0"}, "leaf": false, "n_nets": 2}