{"ari": {"min": 0.8004192113876343, "max": 0.8277716636657715, "mean": 0.8140954375267029, "dir": "snapshots/random_hybrid_3d/0424/27/0"}, "miou": {"min": 0.4186423718929291, "max": 0.6003085374832153, "mean": 0.5094754546880722, "dir": "snapshots/random_hybrid_3d/0424/27/0"}, "accuracy": {"min": 0.9256426692008972, "max": 0.9361202716827393, "mean": 0.9308814704418182, "dir": "snapshots/random_hybrid_3d/0424/27/0"}, "n_params": {"min": 655939, "max": 655939, "mean": 655939.0, "dir": "snapshots/random_hybrid_3d/0424/27/0"}, "leaf": false, "n_nets": 2}