{"ari": {"min": 0.8293865919113159, "max": 0.8303795456886292, "mean": 0.8298830687999725, "dir": "snapshots/random_hybrid_3d/0424/190/0"}, "miou": {"min": 0.6192764639854431, "max": 0.6243753433227539, "mean": 0.6218259036540985, "dir": "snapshots/random_hybrid_3d/0424/190/1"}, "accuracy": {"min": 0.9368521571159363, "max": 0.9374390244483948, "mean": 0.9371455907821655, "dir": "snapshots/random_hybrid_3d/0424/190/0"}, "n_params": {"min": 490291, "max": 490809, "mean": 490550.0, "dir": "snapshots/random_hybrid_3d/0424/190/1"}, "leaf": false, "n_nets": 2}