{"ari": {"min": 0.16851401329040527, "max": 0.7728896737098694, "mean": 0.5690954983234405, "dir": "snapshots/random_2d_ed/1210/19/4"}, "miou": {"min": 0.14808769524097443, "max": 0.38913801312446594, "mean": 0.2993650048971176, "dir": "snapshots/random_2d_ed/1210/19/4"}, "accuracy": {"min": 0.51068514585495, "max": 0.9117683172225952, "mean": 0.8056649565696716, "dir": "snapshots/random_2d_ed/1210/19/3"}, "n_params": {"min": 9006913, "max": 9006913, "mean": 9006913.0, "dir": "snapshots/random_2d_ed/1210/19/0"}, "leaf": false, "n_nets": 5}