{"ari": {"min": 0.8318741917610168, "max": 0.8421117067337036, "mean": 0.8369929492473602, "dir": "snapshots/random_hybrid_3d/0416/112/1"}, "miou": {"min": 0.44368186593055725, "max": 0.565183699131012, "mean": 0.5044327825307846, "dir": "snapshots/random_hybrid_3d/0416/112/1"}, "accuracy": {"min": 0.9381267428398132, "max": 0.9438299536705017, "mean": 0.9409783482551575, "dir": "snapshots/random_hybrid_3d/0416/112/1"}, "n_params": {"min": 274772, "max": 275920, "mean": 275346.0, "dir": "snapshots/random_hybrid_3d/0416/112/0"}, "leaf": false, "n_nets": 2}