{"ari": {"min": 0.8283027410507202, "max": 0.830234169960022, "mean": 0.8292684555053711, "dir": "snapshots/random_hybrid_3d/0424/128/0"}, "miou": {"min": 0.6235262751579285, "max": 0.6261196136474609, "mean": 0.6248229444026947, "dir": "snapshots/random_hybrid_3d/0424/128/0"}, "accuracy": {"min": 0.9363020062446594, "max": 0.9376373291015625, "mean": 0.936969667673111, "dir": "snapshots/random_hybrid_3d/0424/128/0"}, "n_params": {"min": 5446663, "max": 5446663, "mean": 5446663.0, "dir": "snapshots/random_hybrid_3d/0424/128/1"}, "leaf": false, "n_nets": 2}