{"leaf": true, "dir": "snapshots/random_hybrid_3d/0416/271/1", "n_nets": 1, "name": "Hybrid3DCRF_271_0", "ari": [0.8420859575271606], "miou": [0.5105596780776978], "accuracy": [0.9428837299346924], "n_params": [395114], "n_iterations": 368}