{"leaf": true, "dir": "snapshots/random_hybrid_3d/0418/136/0", "n_nets": 1, "name": "Hybrid3DCRF_136_0", "ari": [0.8300275802612305], "miou": [0.6284557580947876], "accuracy": [0.937562108039856], "n_params": [2881624], "n_iterations": 53360}