{"ari": {"min": 0.6404033303260803, "max": 0.7601162195205688, "mean": 0.7025948286056518, "dir": "snapshots/random_2d_ed/1210/7/2"}, "miou": {"min": 0.24658291041851044, "max": 0.3697502613067627, "mean": 0.3171727329492569, "dir": "snapshots/random_2d_ed/1210/7/3"}, "accuracy": {"min": 0.8377380967140198, "max": 0.9008809328079224, "mean": 0.8770146608352661, "dir": "snapshots/random_2d_ed/1210/7/2"}, "n_params": {"min": 3407898, "max": 3407898, "mean": 3407898.0, "dir": "snapshots/random_2d_ed/1210/7/3"}, "leaf": false, "n_nets": 5}