{"ari": {"min": 0.7063291072845459, "max": 0.7063291072845459, "mean": 0.7063291072845459, "dir": "snapshots/random_2d_ed_dense/0503/145/0"}, "miou": {"min": 0.3493543565273285, "max": 0.3493543565273285, "mean": 0.3493543565273285, "dir": "snapshots/random_2d_ed_dense/0503/145/0"}, "accuracy": {"min": 0.8821950554847717, "max": 0.8821950554847717, "mean": 0.8821950554847717, "dir": "snapshots/random_2d_ed_dense/0503/145/0"}, "n_params": {"min": 220054, "max": 220054, "mean": 220054.0, "dir": "snapshots/random_2d_ed_dense/0503/145/0"}, "leaf": false, "n_nets": 1}