{"ari": {"min": 0.48540303111076355, "max": 0.8422936201095581, "mean": 0.6638483256101608, "dir": "snapshots/random_hybrid_3d/0416/220/0"}, "miou": {"min": 0.21767528355121613, "max": 0.5691624879837036, "mean": 0.39341888576745987, "dir": "snapshots/random_hybrid_3d/0416/220/0"}, "accuracy": {"min": 0.8276766538619995, "max": 0.9432021975517273, "mean": 0.8854394257068634, "dir": "snapshots/random_hybrid_3d/0416/220/0"}, "n_params": {"min": 660861, "max": 660861, "mean": 660861.0, "dir": "snapshots/random_hybrid_3d/0416/220/1"}, "leaf": false, "n_nets": 2}