{"leaf": true, "dir": "snapshots/random_2d_ed_dense/0503/252/0", "n_nets": 1, "name": "RandomUnet2D_252_0", "ari": [0.7840713262557983], "miou": [0.4560750722885132], "accuracy": [0.9162483811378479], "n_params": [4005241], "n_iterations": 180000}