{"leaf": true, "dir": "snapshots/random_2d_ed_dense/0410/171/1", "n_nets": 1, "name": "RandomUnet2D_171_1", "ari": [0.6253584623336792], "miou": [0.23403795063495636], "accuracy": [0.8616050481796265], "n_params": [887584], "n_iterations": 8800}