{"leaf": true, "dir": "snapshots/random_hybrid_3d/0424/214/0", "n_nets": 1, "name": "Hybrid3DCRF_214_0", "ari": [0.7944751381874084], "miou": [0.382097065448761], "accuracy": [0.923510730266571], "n_params": [249131], "n_iterations": 3680}