{"ari": {"min": 0.831511914730072, "max": 0.8325309157371521, "mean": 0.8320214152336121, "dir": "snapshots/random_hybrid_3d/0416/263/0"}, "miou": {"min": 0.4703376889228821, "max": 0.5778517127037048, "mean": 0.5240947008132935, "dir": "snapshots/random_hybrid_3d/0416/263/1"}, "accuracy": {"min": 0.9374901652336121, "max": 0.9391862750053406, "mean": 0.9383382201194763, "dir": "snapshots/random_hybrid_3d/0416/263/0"}, "n_params": {"min": 619578, "max": 621174, "mean": 620376.0, "dir": "snapshots/random_hybrid_3d/0416/263/0"}, "leaf": false, "n_nets": 2}