{"ari": {"min": 0.8295350670814514, "max": 0.8301498293876648, "mean": 0.8298424482345581, "dir": "snapshots/random_hybrid_3d/0424/40/0"}, "miou": {"min": 0.6129826903343201, "max": 0.6278653740882874, "mean": 0.6204240322113037, "dir": "snapshots/random_hybrid_3d/0424/40/1"}, "accuracy": {"min": 0.9371541738510132, "max": 0.9372175931930542, "mean": 0.9371858835220337, "dir": "snapshots/random_hybrid_3d/0424/40/1"}, "n_params": {"min": 1500397, "max": 1500397, "mean": 1500397.0, "dir": "snapshots/random_hybrid_3d/0424/40/0"}, "leaf": false, "n_nets": 2}