{"ari": {"min": 0.14620117843151093, "max": 0.2680709660053253, "mean": 0.20713607221841812, "dir": "snapshots/random_2d_ed_dense/0503/281/0"}, "miou": {"min": 0.09583792835474014, "max": 0.10400614887475967, "mean": 0.09992203861474991, "dir": "snapshots/random_2d_ed_dense/0503/281/1"}, "accuracy": {"min": 0.25606393814086914, "max": 0.2969380021095276, "mean": 0.27650097012519836, "dir": "snapshots/random_2d_ed_dense/0503/281/1"}, "n_params": {"min": 1515279, "max": 1515279, "mean": 1515279.0, "dir": "snapshots/random_2d_ed_dense/0503/281/1"}, "leaf": false, "n_nets": 2}