{"ari": {"min": 0.8290143609046936, "max": 0.8305973410606384, "mean": 0.829805850982666, "dir": "snapshots/random_hybrid_3d/0424/241/0"}, "miou": {"min": 0.6035138964653015, "max": 0.6180513501167297, "mean": 0.6107826232910156, "dir": "snapshots/random_hybrid_3d/0424/241/0"}, "accuracy": {"min": 0.9369664788246155, "max": 0.9375073909759521, "mean": 0.9372369349002838, "dir": "snapshots/random_hybrid_3d/0424/241/0"}, "n_params": {"min": 5648073, "max": 5648640, "mean": 5648356.5, "dir": "snapshots/random_hybrid_3d/0424/241/0"}, "leaf": false, "n_nets": 2}