{"ari": {"min": 0.8147508502006531, "max": 0.8317306637763977, "mean": 0.8232407569885254, "dir": "snapshots/random_hybrid_3d/0424/226/1"}, "miou": {"min": 0.4663369953632355, "max": 0.6249600648880005, "mean": 0.545648530125618, "dir": "snapshots/random_hybrid_3d/0424/226/1"}, "accuracy": {"min": 0.9300245642662048, "max": 0.9382455945014954, "mean": 0.9341350793838501, "dir": "snapshots/random_hybrid_3d/0424/226/1"}, "n_params": {"min": 80450185, "max": 80450185, "mean": 80450185.0, "dir": "snapshots/random_hybrid_3d/0424/226/0"}, "leaf": false, "n_nets": 2}