{"ari": {"min": -0.002849851967766881, "max": 0.14911969006061554, "mean": 0.07313491904642433, "dir": "snapshots/random_2d_ed_dense/0503/299/1"}, "miou": {"min": 0.03279874101281166, "max": 0.08110596984624863, "mean": 0.056952355429530144, "dir": "snapshots/random_2d_ed_dense/0503/299/0"}, "accuracy": {"min": 0.14155098795890808, "max": 0.4795302748680115, "mean": 0.3105406314134598, "dir": "snapshots/random_2d_ed_dense/0503/299/0"}, "n_params": {"min": 6529852, "max": 6529852, "mean": 6529852.0, "dir": "snapshots/random_2d_ed_dense/0503/299/1"}, "leaf": false, "n_nets": 2}