{"leaf": true, "dir": "snapshots/random_hybrid_3d/0416/289/1", "n_nets": 1, "name": "Hybrid3DCRF_289_0", "ari": [0.8392372131347656], "miou": [0.5031522512435913], "accuracy": [0.9418021440505981], "n_params": [268485], "n_iterations": 368}