{"ari": {"min": 0.7423458695411682, "max": 0.8032104969024658, "mean": 0.7757108688354493, "dir": "snapshots/random_2d_ed/1216/15/2"}, "miou": {"min": 0.35567915439605713, "max": 0.4904063940048218, "mean": 0.41699236035346987, "dir": "snapshots/random_2d_ed/1216/15/2"}, "accuracy": {"min": 0.8820062279701233, "max": 0.9140318036079407, "mean": 0.898750615119934, "dir": "snapshots/random_2d_ed/1216/15/2"}, "n_params": {"min": 908780, "max": 908780, "mean": 908780.0, "dir": "snapshots/random_2d_ed/1216/15/0"}, "leaf": false, "n_nets": 5}