{"ari": {"min": 0.7732123136520386, "max": 0.8197463154792786, "mean": 0.8009506821632385, "dir": "snapshots/random_2d_ed/1210/43/2"}, "miou": {"min": 0.3421769142150879, "max": 0.43994733691215515, "mean": 0.4003931760787964, "dir": "snapshots/random_2d_ed/1210/43/0"}, "accuracy": {"min": 0.9120715260505676, "max": 0.9246467351913452, "mean": 0.9197026491165161, "dir": "snapshots/random_2d_ed/1210/43/2"}, "n_params": {"min": 23348310, "max": 23348310, "mean": 23348310.0, "dir": "snapshots/random_2d_ed/1210/43/0"}, "leaf": false, "n_nets": 5}