{"ari": {"min": 0.7732123136520386, "max": 0.8174766302108765, "mean": 0.8004967451095581, "dir": "snapshots/random_2d_ed/1210/43/2"}, "miou": {"min": 0.3421769142150879, "max": 0.43994733691215515, "mean": 0.4005603551864624, "dir": "snapshots/random_2d_ed/1210/43/0"}, "accuracy": {"min": 0.9120715260505676, "max": 0.9237913489341736, "mean": 0.9195315718650818, "dir": "snapshots/random_2d_ed/1210/43/2"}, "n_params": {"min": 23348310, "max": 23348310, "mean": 23348310.0, "dir": "snapshots/random_2d_ed/1210/43/0"}, "leaf": false, "n_nets": 5}