{"ari": {"min": 0.8290879726409912, "max": 0.8292289972305298, "mean": 0.8291584849357605, "dir": "snapshots/random_hybrid_3d/0424/178/0"}, "miou": {"min": 0.6157892942428589, "max": 0.6171046495437622, "mean": 0.6164469718933105, "dir": "snapshots/random_hybrid_3d/0424/178/0"}, "accuracy": {"min": 0.9369959831237793, "max": 0.9371213912963867, "mean": 0.937058687210083, "dir": "snapshots/random_hybrid_3d/0424/178/1"}, "n_params": {"min": 1448935, "max": 1448935, "mean": 1448935.0, "dir": "snapshots/random_hybrid_3d/0424/178/0"}, "leaf": false, "n_nets": 2}