{"leaf": true, "dir": "snapshots/random_hybrid_3d/0424/63/1", "n_nets": 1, "name": "Hybrid3DCRF_63_0", "ari": [0.8296002149581909], "miou": [0.5458928942680359], "accuracy": [0.9372813105583191], "n_params": [1984836], "n_iterations": 55200}