{"ari": {"min": 0.8286771178245544, "max": 0.829950213432312, "mean": 0.8293136656284332, "dir": "snapshots/random_hybrid_3d/0424/296/0"}, "miou": {"min": 0.6072626113891602, "max": 0.6170186400413513, "mean": 0.6121406257152557, "dir": "snapshots/random_hybrid_3d/0424/296/1"}, "accuracy": {"min": 0.9372045397758484, "max": 0.9373745918273926, "mean": 0.9372895658016205, "dir": "snapshots/random_hybrid_3d/0424/296/0"}, "n_params": {"min": 499315, "max": 499315, "mean": 499315.0, "dir": "snapshots/random_hybrid_3d/0424/296/0"}, "leaf": false, "n_nets": 2}