{"ari": {"min": -0.010329180397093296, "max": 0.2751021087169647, "mean": 0.1323864641599357, "dir": "snapshots/random_2d_ed_dense/0503/227/0"}, "miou": {"min": 0.08706776052713394, "max": 0.11629234999418259, "mean": 0.10168005526065826, "dir": "snapshots/random_2d_ed_dense/0503/227/0"}, "accuracy": {"min": 0.4423830211162567, "max": 0.4940873980522156, "mean": 0.46823520958423615, "dir": "snapshots/random_2d_ed_dense/0503/227/1"}, "n_params": {"min": 49701782, "max": 49701782, "mean": 49701782.0, "dir": "snapshots/random_2d_ed_dense/0503/227/1"}, "leaf": false, "n_nets": 2}