{"leaf": true, "dir": "snapshots/random_2d_ed/1210/23/4", "n_nets": 1, "name": "RandomUnet2D_23_2", "ari": [0.7643095850944519], "miou": [0.38456711173057556], "accuracy": [0.8999941349029541], "n_params": [20733906], "n_iterations": 16000}