{"ari": {"min": 0.778148889541626, "max": 0.8249818682670593, "mean": 0.8015653789043427, "dir": "snapshots/random_hybrid_3d/0424/270/1"}, "miou": {"min": 0.3436592221260071, "max": 0.4844968318939209, "mean": 0.414078027009964, "dir": "snapshots/random_hybrid_3d/0424/270/1"}, "accuracy": {"min": 0.9080151319503784, "max": 0.9349700808525085, "mean": 0.9214926064014435, "dir": "snapshots/random_hybrid_3d/0424/270/1"}, "n_params": {"min": 423852, "max": 423852, "mean": 423852.0, "dir": "snapshots/random_hybrid_3d/0424/270/1"}, "leaf": false, "n_nets": 2}