{"ari": {"min": 0.8154310584068298, "max": 0.8283833265304565, "mean": 0.8219071924686432, "dir": "snapshots/random_hybrid_3d/0424/198/0"}, "miou": {"min": 0.4898325502872467, "max": 0.618577778339386, "mean": 0.5542051643133163, "dir": "snapshots/random_hybrid_3d/0424/198/1"}, "accuracy": {"min": 0.9331878423690796, "max": 0.9363415241241455, "mean": 0.9347646832466125, "dir": "snapshots/random_hybrid_3d/0424/198/0"}, "n_params": {"min": 55769, "max": 55769, "mean": 55769.0, "dir": "snapshots/random_hybrid_3d/0424/198/1"}, "leaf": false, "n_nets": 2}