{"leaf": true, "dir": "snapshots/random_hybrid_3d/0424/37/0", "n_nets": 1, "name": "Hybrid3DCRF_37_0", "ari": [0.8176807165145874], "miou": [0.4748862683773041], "accuracy": [0.9307312965393066], "n_params": [67559], "n_iterations": 55200}