{"ari": {"min": 0.8227291703224182, "max": 0.827433168888092, "mean": 0.8258450269699097, "dir": "snapshots/weight_volume/1210/25/2"}, "miou": {"min": 0.4849143326282501, "max": 0.5804426074028015, "mean": 0.5379219293594361, "dir": "snapshots/weight_volume/1210/25/4"}, "accuracy": {"min": 0.9331721067428589, "max": 0.9359011054039001, "mean": 0.9345704317092896, "dir": "snapshots/weight_volume/1210/25/2"}, "n_params": {"min": 31030983, "max": 31030983, "mean": 31030983.0, "dir": "snapshots/weight_volume/1210/25/0"}, "leaf": false, "n_nets": 5}