{"ari": {"min": 0.828574538230896, "max": 0.829345703125, "mean": 0.828960120677948, "dir": "snapshots/random_hybrid_3d/0424/1/1"}, "miou": {"min": 0.6193580627441406, "max": 0.6206885576248169, "mean": 0.6200233101844788, "dir": "snapshots/random_hybrid_3d/0424/1/0"}, "accuracy": {"min": 0.9365859627723694, "max": 0.9369999170303345, "mean": 0.9367929399013519, "dir": "snapshots/random_hybrid_3d/0424/1/1"}, "n_params": {"min": 319736, "max": 320800, "mean": 320268.0, "dir": "snapshots/random_hybrid_3d/0424/1/1"}, "leaf": false, "n_nets": 2}