{"ari": {"min": 0.8286983966827393, "max": 0.8291364312171936, "mean": 0.8289174139499664, "dir": "snapshots/random_hybrid_3d/0424/139/1"}, "miou": {"min": 0.565518856048584, "max": 0.6208029985427856, "mean": 0.5931609272956848, "dir": "snapshots/random_hybrid_3d/0424/139/1"}, "accuracy": {"min": 0.9366544485092163, "max": 0.9372280240058899, "mean": 0.9369412362575531, "dir": "snapshots/random_hybrid_3d/0424/139/1"}, "n_params": {"min": 645241, "max": 645619, "mean": 645430.0, "dir": "snapshots/random_hybrid_3d/0424/139/1"}, "leaf": false, "n_nets": 2}