{"ari": {"min": 0.06690645962953568, "max": 0.6505887508392334, "mean": 0.35874760523438454, "dir": "snapshots/random_2d_ed_dense/0410/10/1"}, "miou": {"min": 0.09877558052539825, "max": 0.27487605810165405, "mean": 0.18682581931352615, "dir": "snapshots/random_2d_ed_dense/0410/10/1"}, "accuracy": {"min": 0.4827316105365753, "max": 0.8636860251426697, "mean": 0.6732088178396225, "dir": "snapshots/random_2d_ed_dense/0410/10/1"}, "n_params": {"min": 2428690, "max": 2428690, "mean": 2428690.0, "dir": "snapshots/random_2d_ed_dense/0410/10/1"}, "leaf": false, "n_nets": 2}