{"ari": {"min": 0.8172838687896729, "max": 0.830039381980896, "mean": 0.8236616253852844, "dir": "snapshots/random_hybrid_3d/0424/163/1"}, "miou": {"min": 0.5367586016654968, "max": 0.6170371770858765, "mean": 0.5768978893756866, "dir": "snapshots/random_hybrid_3d/0424/163/1"}, "accuracy": {"min": 0.9308928847312927, "max": 0.9375590682029724, "mean": 0.9342259764671326, "dir": "snapshots/random_hybrid_3d/0424/163/1"}, "n_params": {"min": 16159056, "max": 16160862, "mean": 16159959.0, "dir": "snapshots/random_hybrid_3d/0424/163/0"}, "leaf": false, "n_nets": 2}