{"leaf": true, "dir": "snapshots/random_2d_ed/1210/38/4", "n_nets": 1, "name": "RandomUnet2D_38_4", "ari": [0.6598352193832397], "miou": [0.24939213693141937], "accuracy": [0.8791364431381226], "n_params": [64179977], "n_iterations": 26950}