{"ari": {"min": 0.1363734006881714, "max": 0.40141767263412476, "mean": 0.26889553666114807, "dir": "snapshots/random_hybrid_3d/0416/119/1"}, "miou": {"min": 0.1974751204252243, "max": 0.20058904588222504, "mean": 0.19903208315372467, "dir": "snapshots/random_hybrid_3d/0416/119/1"}, "accuracy": {"min": 0.5198782682418823, "max": 0.7974177002906799, "mean": 0.6586479842662811, "dir": "snapshots/random_hybrid_3d/0416/119/1"}, "n_params": {"min": 1061195, "max": 1061342, "mean": 1061268.5, "dir": "snapshots/random_hybrid_3d/0416/119/0"}, "leaf": false, "n_nets": 2}