{"leaf": true, "dir": "snapshots/random_2d_ed_dense/0503/29/1", "n_nets": 1, "name": "RandomUnet2D_29_0", "ari": [0.027877019718289375], "miou": [0.08415073901414871], "accuracy": [0.32951709628105164], "n_params": [2701250], "n_iterations": 13750}