{"leaf": true, "dir": "snapshots/random_2d_ed/1210/82/0", "n_nets": 1, "name": "RandomUnet2D_82_0", "ari": [0.7958855628967285], "miou": [0.4369191527366638], "accuracy": [0.9142757654190063], "n_params": [2127827], "n_iterations": 16000}