{"ari": {"min": 0.46470212936401367, "max": 0.7822458148002625, "mean": 0.6590506196022033, "dir": "snapshots/random_2d_ed/1216/89/0"}, "miou": {"min": 0.21676015853881836, "max": 0.47256314754486084, "mean": 0.31767021119594574, "dir": "snapshots/random_2d_ed/1216/89/0"}, "accuracy": {"min": 0.7911332249641418, "max": 0.9017294645309448, "mean": 0.8543835282325745, "dir": "snapshots/random_2d_ed/1216/89/0"}, "n_params": {"min": 2514958, "max": 2514958, "mean": 2514958.0, "dir": "snapshots/random_2d_ed/1216/89/0"}, "leaf": false, "n_nets": 5}