{"leaf": true, "dir": "snapshots/random_hybrid_3d/0424/95/0", "n_nets": 1, "name": "Hybrid3DCRF_95_0", "ari": [0.8288929462432861], "miou": [0.6229237914085388], "accuracy": [0.9365668892860413], "n_params": [7922477], "n_iterations": 55200}