{"ari": {"min": 0.8315342664718628, "max": 0.8371838927268982, "mean": 0.8341427683830261, "dir": "snapshots/weight_volume/1210/01/1"}, "miou": {"min": 0.5249840021133423, "max": 0.5796292424201965, "mean": 0.5570298910140992, "dir": "snapshots/weight_volume/1210/01/4"}, "accuracy": {"min": 0.9364850521087646, "max": 0.9386124014854431, "mean": 0.9379671335220336, "dir": "snapshots/weight_volume/1210/01/3"}, "n_params": {"min": 31030983, "max": 31030983, "mean": 31030983.0, "dir": "snapshots/weight_volume/1210/01/0"}, "leaf": false, "n_nets": 5}