{"ari": {"min": 0.7925475239753723, "max": 0.8276863694190979, "mean": 0.8101169466972351, "dir": "snapshots/random_hybrid_3d/0416/50/1"}, "miou": {"min": 0.38459810614585876, "max": 0.43486618995666504, "mean": 0.4097321480512619, "dir": "snapshots/random_hybrid_3d/0416/50/1"}, "accuracy": {"min": 0.9240387082099915, "max": 0.9361749291419983, "mean": 0.9301068186759949, "dir": "snapshots/random_hybrid_3d/0416/50/1"}, "n_params": {"min": 26348172, "max": 26349705, "mean": 26348938.5, "dir": "snapshots/random_hybrid_3d/0416/50/0"}, "leaf": false, "n_nets": 2}