{"ari": {"min": 0.6257840394973755, "max": 0.7519717216491699, "mean": 0.6651604413986206, "dir": "snapshots/random_2d_ed/1210/0/1"}, "miou": {"min": 0.2335607260465622, "max": 0.36139437556266785, "mean": 0.28134775459766387, "dir": "snapshots/random_2d_ed/1210/0/1"}, "accuracy": {"min": 0.8559767007827759, "max": 0.8929837942123413, "mean": 0.8668271899223328, "dir": "snapshots/random_2d_ed/1210/0/1"}, "n_params": {"min": 259856, "max": 259856, "mean": 259856.0, "dir": "snapshots/random_2d_ed/1210/0/0"}, "leaf": false, "n_nets": 5}