{"ari": {"min": 0.8293153643608093, "max": 0.8306779861450195, "mean": 0.8299966752529144, "dir": "snapshots/random_hybrid_3d/0424/162/0"}, "miou": {"min": 0.615596354007721, "max": 0.6186398267745972, "mean": 0.6171180903911591, "dir": "snapshots/random_hybrid_3d/0424/162/0"}, "accuracy": {"min": 0.9368749856948853, "max": 0.9375107288360596, "mean": 0.9371928572654724, "dir": "snapshots/random_hybrid_3d/0424/162/0"}, "n_params": {"min": 54611, "max": 54611, "mean": 54611.0, "dir": "snapshots/random_hybrid_3d/0424/162/0"}, "leaf": false, "n_nets": 2}