{"ari": {"min": 0.5446667075157166, "max": 0.5446667075157166, "mean": 0.5446667075157166, "dir": "snapshots/multi_binary/1221/2/2"}, "miou": {"min": 0.7055068612098694, "max": 0.7055068612098694, "mean": 0.7055068612098694, "dir": "snapshots/multi_binary/1221/2/2"}, "accuracy": {"min": 0.9749343395233154, "max": 0.9749343395233154, "mean": 0.9749343395233154, "dir": "snapshots/multi_binary/1221/2/2"}, "n_params": {"min": 31030658, "max": 31030658, "mean": 31030658.0, "dir": "snapshots/multi_binary/1221/2/2"}, "leaf": false, "n_nets": 1}