{"leaf": true, "dir": "snapshots/random_2d_ed/1210/30/3", "n_nets": 1, "name": "RandomUnet2D_30_3", "ari": [0.6709538102149963], "miou": [0.3136945366859436], "accuracy": [0.8525661826133728], "n_params": [456204], "n_iterations": 13600}