{"ari": {"min": 0.827824592590332, "max": 0.82908034324646, "mean": 0.828452467918396, "dir": "snapshots/random_hybrid_3d/0424/203/1"}, "miou": {"min": 0.6194354295730591, "max": 0.6251235604286194, "mean": 0.6222794950008392, "dir": "snapshots/random_hybrid_3d/0424/203/1"}, "accuracy": {"min": 0.9362944960594177, "max": 0.9371001720428467, "mean": 0.9366973340511322, "dir": "snapshots/random_hybrid_3d/0424/203/1"}, "n_params": {"min": 1008474, "max": 1008474, "mean": 1008474.0, "dir": "snapshots/random_hybrid_3d/0424/203/0"}, "leaf": false, "n_nets": 2}