{"ari": {"min": 0.8397654294967651, "max": 0.8425686955451965, "mean": 0.8411670625209808, "dir": "snapshots/random_hybrid_3d/0416/217/0"}, "miou": {"min": 0.5386598706245422, "max": 0.565554678440094, "mean": 0.5521072745323181, "dir": "snapshots/random_hybrid_3d/0416/217/1"}, "accuracy": {"min": 0.942468523979187, "max": 0.9426757097244263, "mean": 0.9425721168518066, "dir": "snapshots/random_hybrid_3d/0416/217/0"}, "n_params": {"min": 38216496, "max": 38218239, "mean": 38217367.5, "dir": "snapshots/random_hybrid_3d/0416/217/0"}, "leaf": false, "n_nets": 2}