{"leaf": true, "dir": "snapshots/random_hybrid_3d/0416/194/1", "n_nets": 1, "name": "Hybrid3DCRF_194_1", "ari": [0.8371291160583496], "miou": [0.5048565864562988], "accuracy": [0.9413270950317383], "n_params": [3522723], "n_iterations": 368}