{"ari": {"min": 0.8296002149581909, "max": 0.8296865820884705, "mean": 0.8296433985233307, "dir": "snapshots/random_hybrid_3d/0424/63/0"}, "miou": {"min": 0.5458928942680359, "max": 0.5460339188575745, "mean": 0.5459634065628052, "dir": "snapshots/random_hybrid_3d/0424/63/0"}, "accuracy": {"min": 0.9371776580810547, "max": 0.9372813105583191, "mean": 0.9372294843196869, "dir": "snapshots/random_hybrid_3d/0424/63/1"}, "n_params": {"min": 1984836, "max": 1984836, "mean": 1984836.0, "dir": "snapshots/random_hybrid_3d/0424/63/1"}, "leaf": false, "n_nets": 2}