{"ari": {"min": 0.7290425300598145, "max": 0.798559844493866, "mean": 0.7678575038909912, "dir": "snapshots/random_2d_ed/1210/56/2"}, "miou": {"min": 0.2959420680999756, "max": 0.4873158037662506, "mean": 0.3923009753227234, "dir": "snapshots/random_2d_ed/1210/56/2"}, "accuracy": {"min": 0.8959275484085083, "max": 0.918978750705719, "mean": 0.9066357016563416, "dir": "snapshots/random_2d_ed/1210/56/2"}, "n_params": {"min": 7830378, "max": 7830378, "mean": 7830378.0, "dir": "snapshots/random_2d_ed/1210/56/0"}, "leaf": false, "n_nets": 5}