{"leaf": true, "dir": "snapshots/random_hybrid_3d/0424/291/0", "n_nets": 1, "name": "Hybrid3DCRF_291_1", "ari": [0.8277642726898193], "miou": [0.6209025382995605], "accuracy": [0.9362908601760864], "n_params": [1630482], "n_iterations": 55200}