{"ari": {"min": 0.6215190291404724, "max": 0.7544920444488525, "mean": 0.703614330291748, "dir": "snapshots/random_2d_ed/1216/68/1"}, "miou": {"min": 0.21911169588565826, "max": 0.423431396484375, "mean": 0.33632467687129974, "dir": "snapshots/random_2d_ed/1216/68/4"}, "accuracy": {"min": 0.839650571346283, "max": 0.8856514096260071, "mean": 0.8698204398155213, "dir": "snapshots/random_2d_ed/1216/68/1"}, "n_params": {"min": 446595, "max": 446595, "mean": 446595.0, "dir": "snapshots/random_2d_ed/1216/68/0"}, "leaf": false, "n_nets": 5}