{"ari": {"min": 0.8194395303726196, "max": 0.829686164855957, "mean": 0.8245628476142883, "dir": "snapshots/random_hybrid_3d/0424/224/1"}, "miou": {"min": 0.5503213405609131, "max": 0.6274409890174866, "mean": 0.5888811647891998, "dir": "snapshots/random_hybrid_3d/0424/224/1"}, "accuracy": {"min": 0.9312043190002441, "max": 0.9372898936271667, "mean": 0.9342471063137054, "dir": "snapshots/random_hybrid_3d/0424/224/1"}, "n_params": {"min": 150173, "max": 150173, "mean": 150173.0, "dir": "snapshots/random_hybrid_3d/0424/224/0"}, "leaf": false, "n_nets": 2}