{"ari": {"min": 0.7611980438232422, "max": 0.8261401057243347, "mean": 0.7936690747737885, "dir": "snapshots/random_2d_ed_dense/0503/272/0"}, "miou": {"min": 0.3909781873226166, "max": 0.605456531047821, "mean": 0.4982173591852188, "dir": "snapshots/random_2d_ed_dense/0503/272/0"}, "accuracy": {"min": 0.9069948196411133, "max": 0.9356427788734436, "mean": 0.9213187992572784, "dir": "snapshots/random_2d_ed_dense/0503/272/0"}, "n_params": {"min": 6995004, "max": 6995004, "mean": 6995004.0, "dir": "snapshots/random_2d_ed_dense/0503/272/0"}, "leaf": false, "n_nets": 2}