{"leaf": true, "dir": "snapshots/random_hybrid_3d/0418/13/0", "n_nets": 1, "name": "Hybrid3DCRF_13_0", "ari": [0.8276327252388], "miou": [0.5994762182235718], "accuracy": [0.9360491633415222], "n_params": [456969], "n_iterations": 53360}