{"ari": {"min": 0.8290396928787231, "max": 0.8294709920883179, "mean": 0.8292553424835205, "dir": "snapshots/random_hybrid_3d/0424/112/1"}, "miou": {"min": 0.6154096722602844, "max": 0.6167712807655334, "mean": 0.6160904765129089, "dir": "snapshots/random_hybrid_3d/0424/112/1"}, "accuracy": {"min": 0.936794638633728, "max": 0.9376543164253235, "mean": 0.9372244775295258, "dir": "snapshots/random_hybrid_3d/0424/112/1"}, "n_params": {"min": 4898197, "max": 4898197, "mean": 4898197.0, "dir": "snapshots/random_hybrid_3d/0424/112/0"}, "leaf": false, "n_nets": 2}