{"ari": {"min": 0.8281093239784241, "max": 0.8319389224052429, "mean": 0.8300241231918335, "dir": "snapshots/random_hybrid_3d/0424/112/1"}, "miou": {"min": 0.6107913255691528, "max": 0.6205929517745972, "mean": 0.615692138671875, "dir": "snapshots/random_hybrid_3d/0424/112/1"}, "accuracy": {"min": 0.936506450176239, "max": 0.9385805726051331, "mean": 0.937543511390686, "dir": "snapshots/random_hybrid_3d/0424/112/1"}, "n_params": {"min": 4898197, "max": 4898197, "mean": 4898197.0, "dir": "snapshots/random_hybrid_3d/0424/112/0"}, "leaf": false, "n_nets": 2}