{"ari": {"min": 0.8278393149375916, "max": 0.829130232334137, "mean": 0.8284847736358643, "dir": "snapshots/random_hybrid_3d/0424/269/1"}, "miou": {"min": 0.614946186542511, "max": 0.61624675989151, "mean": 0.6155964732170105, "dir": "snapshots/random_hybrid_3d/0424/269/1"}, "accuracy": {"min": 0.9364035129547119, "max": 0.9368243217468262, "mean": 0.936613917350769, "dir": "snapshots/random_hybrid_3d/0424/269/1"}, "n_params": {"min": 2615161, "max": 2615161, "mean": 2615161.0, "dir": "snapshots/random_hybrid_3d/0424/269/1"}, "leaf": false, "n_nets": 2}