{"ari": {"min": 0.00039275301969610155, "max": 0.00039275301969610155, "mean": 0.00039275301969610155, "dir": "snapshots/random_2d_ed_dense/0503/100/0"}, "miou": {"min": 0.07502967864274979, "max": 0.07502967864274979, "mean": 0.07502967864274979, "dir": "snapshots/random_2d_ed_dense/0503/100/0"}, "accuracy": {"min": 0.4391919672489166, "max": 0.4391919672489166, "mean": 0.4391919672489166, "dir": "snapshots/random_2d_ed_dense/0503/100/0"}, "n_params": {"min": 2342550, "max": 2342550, "mean": 2342550.0, "dir": "snapshots/random_2d_ed_dense/0503/100/0"}, "leaf": false, "n_nets": 1}