{"ari": {"min": 0.48995622992515564, "max": 0.6503161191940308, "mean": 0.5701361745595932, "dir": "snapshots/random_2d_ed_dense/0503/63/0"}, "miou": {"min": 0.25686508417129517, "max": 0.2787015736103058, "mean": 0.2677833288908005, "dir": "snapshots/random_2d_ed_dense/0503/63/0"}, "accuracy": {"min": 0.8185474276542664, "max": 0.8670499324798584, "mean": 0.8427986800670624, "dir": "snapshots/random_2d_ed_dense/0503/63/0"}, "n_params": {"min": 52581, "max": 52581, "mean": 52581.0, "dir": "snapshots/random_2d_ed_dense/0503/63/0"}, "leaf": false, "n_nets": 2}