{"leaf": true, "dir": "snapshots/random_hybrid_3d/0418/148/0", "n_nets": 1, "name": "Hybrid3DCRF_148_0", "ari": [0.8290475606918335], "miou": [0.6161249279975891], "accuracy": [0.9367578029632568], "n_params": [110034], "n_iterations": 55200}