{"leaf": true, "dir": "snapshots/random_2d_ed/1210/27/3", "n_nets": 1, "name": "RandomUnet2D_27_1", "ari": [0.8064740300178528], "miou": [0.3982101082801819], "accuracy": [0.9235073924064636], "n_params": [16314706], "n_iterations": 36000}