{"ari": {"min": 0.8344321250915527, "max": 0.8380347490310669, "mean": 0.8362334370613098, "dir": "snapshots/random_hybrid_3d/0416/214/1"}, "miou": {"min": 0.4368383288383484, "max": 0.5059348940849304, "mean": 0.4713866114616394, "dir": "snapshots/random_hybrid_3d/0416/214/0"}, "accuracy": {"min": 0.9370564222335815, "max": 0.9407137036323547, "mean": 0.9388850629329681, "dir": "snapshots/random_hybrid_3d/0416/214/0"}, "n_params": {"min": 4480984, "max": 4481663, "mean": 4481323.5, "dir": "snapshots/random_hybrid_3d/0416/214/0"}, "leaf": false, "n_nets": 2}