{"ari": {"min": 0.1383964717388153, "max": 0.8397604823112488, "mean": 0.48907847702503204, "dir": "snapshots/random_hybrid_3d/0416/140/0"}, "miou": {"min": 0.2011922299861908, "max": 0.5497978925704956, "mean": 0.3754950612783432, "dir": "snapshots/random_hybrid_3d/0416/140/0"}, "accuracy": {"min": 0.5200474262237549, "max": 0.9417054653167725, "mean": 0.7308764457702637, "dir": "snapshots/random_hybrid_3d/0416/140/0"}, "n_params": {"min": 857728, "max": 857875, "mean": 857801.5, "dir": "snapshots/random_hybrid_3d/0416/140/1"}, "leaf": false, "n_nets": 2}