{"leaf": true, "dir": "snapshots/random_hybrid_3d/0424/129/1", "n_nets": 1, "name": "Hybrid3DCRF_129_1", "ari": [0.8288748264312744], "miou": [0.6164590120315552], "accuracy": [0.9365528225898743], "n_params": [692319], "n_iterations": 55200}