{"leaf": true, "dir": "snapshots/random_hybrid_3d/0424/129/1", "n_nets": 1, "name": "Hybrid3DCRF_129_1", "ari": [0.8285788893699646], "miou": [0.6180064082145691], "accuracy": [0.9368533492088318], "n_params": [692319], "n_iterations": 3680}