{"leaf": true, "dir": "snapshots/random_2d_ed/1216/77/3", "n_nets": 1, "name": "RandomUnet2D_77_2", "ari": [0.6902971863746643], "miou": [0.20973317325115204], "accuracy": [0.8665018677711487], "n_params": [2911571], "n_iterations": 15664}