{"ari": {"min": 0.828425943851471, "max": 0.8287540674209595, "mean": 0.8285900056362152, "dir": "snapshots/random_hybrid_3d/0418/19/0"}, "miou": {"min": 0.6153057813644409, "max": 0.618588387966156, "mean": 0.6169470846652985, "dir": "snapshots/random_hybrid_3d/0418/19/0"}, "accuracy": {"min": 0.9365735054016113, "max": 0.9366918206214905, "mean": 0.9366326630115509, "dir": "snapshots/random_hybrid_3d/0418/19/1"}, "n_params": {"min": 805045, "max": 806578, "mean": 805811.5, "dir": "snapshots/random_hybrid_3d/0418/19/0"}, "leaf": false, "n_nets": 2}