{"ari": {"min": 0.7135796546936035, "max": 0.7820056676864624, "mean": 0.747792661190033, "dir": "snapshots/random_hybrid_3d/0416/206/1"}, "miou": {"min": 0.245997354388237, "max": 0.34890446066856384, "mean": 0.2974509075284004, "dir": "snapshots/random_hybrid_3d/0416/206/1"}, "accuracy": {"min": 0.8938230276107788, "max": 0.9185783863067627, "mean": 0.9062007069587708, "dir": "snapshots/random_hybrid_3d/0416/206/1"}, "n_params": {"min": 7339399, "max": 7340435, "mean": 7339917.0, "dir": "snapshots/random_hybrid_3d/0416/206/1"}, "leaf": false, "n_nets": 2}