{"ari": {"min": 0.5978003144264221, "max": 0.6752734780311584, "mean": 0.6410881280899048, "dir": "snapshots/random_2d_ed/1216/81/1"}, "miou": {"min": 0.20875628292560577, "max": 0.2634626030921936, "mean": 0.23774335086345671, "dir": "snapshots/random_2d_ed/1216/81/2"}, "accuracy": {"min": 0.8332290053367615, "max": 0.8514947295188904, "mean": 0.843189001083374, "dir": "snapshots/random_2d_ed/1216/81/2"}, "n_params": {"min": 699416, "max": 699416, "mean": 699416.0, "dir": "snapshots/random_2d_ed/1216/81/0"}, "leaf": false, "n_nets": 5}