{"leaf": true, "dir": "snapshots/hybrid_3d_crf/0318/0/5", "n_nets": 1, "name": "Hybrid3DCRF_0_3", "ari": [0.8361367583274841], "miou": [0.6423174738883972], "accuracy": [0.939164400100708], "n_params": [691951], "n_iterations": 32400}