{"ari": {"min": 0.6502780914306641, "max": 0.7716273069381714, "mean": 0.7454723238945007, "dir": "snapshots/random_2d_ed/1210/74/4"}, "miou": {"min": 0.28723999857902527, "max": 0.43678632378578186, "mean": 0.3865254640579224, "dir": "snapshots/random_2d_ed/1210/74/1"}, "accuracy": {"min": 0.8604409098625183, "max": 0.9209511876106262, "mean": 0.9059470176696778, "dir": "snapshots/random_2d_ed/1210/74/3"}, "n_params": {"min": 49953371, "max": 49953371, "mean": 49953371.0, "dir": "snapshots/random_2d_ed/1210/74/2"}, "leaf": false, "n_nets": 5}