{"ari": {"min": 0.6557657122612, "max": 0.7588775157928467, "mean": 0.719814682006836, "dir": "snapshots/random_2d_ed/1210/74/4"}, "miou": {"min": 0.28090623021125793, "max": 0.441024512052536, "mean": 0.35989168882369993, "dir": "snapshots/random_2d_ed/1210/74/4"}, "accuracy": {"min": 0.8689084649085999, "max": 0.9116238355636597, "mean": 0.8922271251678466, "dir": "snapshots/random_2d_ed/1210/74/4"}, "n_params": {"min": 49953371, "max": 49953371, "mean": 49953371.0, "dir": "snapshots/random_2d_ed/1210/74/2"}, "leaf": false, "n_nets": 5}