{"ari": {"min": 0.45241227746009827, "max": 0.5411744713783264, "mean": 0.49679337441921234, "dir": "snapshots/random_2d_ed_dense/0410/11/0"}, "miou": {"min": 0.22376284003257751, "max": 0.22402675449848175, "mean": 0.22389479726552963, "dir": "snapshots/random_2d_ed_dense/0410/11/1"}, "accuracy": {"min": 0.7576398253440857, "max": 0.8055213689804077, "mean": 0.7815805971622467, "dir": "snapshots/random_2d_ed_dense/0410/11/1"}, "n_params": {"min": 983425, "max": 983425, "mean": 983425.0, "dir": "snapshots/random_2d_ed_dense/0410/11/0"}, "leaf": false, "n_nets": 2}