{"leaf": true, "dir": "snapshots/random_hybrid_3d/0416/33/1", "n_nets": 1, "name": "Hybrid3DCRF_33_1", "ari": [0.8400397300720215], "miou": [0.5667173266410828], "accuracy": [0.9420744776725769], "n_params": [11360003], "n_iterations": 368}