{"ari": {"min": 0.8002516627311707, "max": 0.8153029680252075, "mean": 0.8077773153781891, "dir": "snapshots/random_2d_ed_dense/0503/126/0"}, "miou": {"min": 0.5293130278587341, "max": 0.5530011057853699, "mean": 0.541157066822052, "dir": "snapshots/random_2d_ed_dense/0503/126/0"}, "accuracy": {"min": 0.9217671751976013, "max": 0.9282846450805664, "mean": 0.9250259101390839, "dir": "snapshots/random_2d_ed_dense/0503/126/0"}, "n_params": {"min": 1834337, "max": 1834337, "mean": 1834337.0, "dir": "snapshots/random_2d_ed_dense/0503/126/1"}, "leaf": false, "n_nets": 2}