{"leaf": true, "dir": "snapshots/random_2d_ed/1210/26/2", "n_nets": 1, "name": "RandomUnet2D_26_2", "ari": [0.7973494529724121], "miou": [0.48017802834510803], "accuracy": [0.9172846078872681], "n_params": [4316592], "n_iterations": 16000}