{"ari": {"min": 0.7344271540641785, "max": 0.7383151054382324, "mean": 0.7363711297512054, "dir": "snapshots/random_2d_ed_dense/0503/91/1"}, "miou": {"min": 0.4714322090148926, "max": 0.49460986256599426, "mean": 0.4830210357904434, "dir": "snapshots/random_2d_ed_dense/0503/91/0"}, "accuracy": {"min": 0.8793528079986572, "max": 0.880818247795105, "mean": 0.8800855278968811, "dir": "snapshots/random_2d_ed_dense/0503/91/1"}, "n_params": {"min": 284582, "max": 284582, "mean": 284582.0, "dir": "snapshots/random_2d_ed_dense/0503/91/1"}, "leaf": false, "n_nets": 2}