{"ari": {"min": 0.8377489447593689, "max": 0.8392910361289978, "mean": 0.8385199904441833, "dir": "snapshots/random_hybrid_3d/0416/147/1"}, "miou": {"min": 0.5097628235816956, "max": 0.510703980922699, "mean": 0.5102334022521973, "dir": "snapshots/random_hybrid_3d/0416/147/1"}, "accuracy": {"min": 0.9410531520843506, "max": 0.9419572353363037, "mean": 0.9415051937103271, "dir": "snapshots/random_hybrid_3d/0416/147/1"}, "n_params": {"min": 1314565, "max": 1314565, "mean": 1314565.0, "dir": "snapshots/random_hybrid_3d/0416/147/0"}, "leaf": false, "n_nets": 2}