{"leaf": true, "dir": "snapshots/random_2d_ed_dense/0410/289/1", "n_nets": 1, "name": "RandomUnet2D_289_1", "ari": [0.7423983812332153], "miou": [0.3797230124473572], "accuracy": [0.8869068026542664], "n_params": [9239104], "n_iterations": 116250}