{"ari": {"min": 0.8284273147583008, "max": 0.8300100564956665, "mean": 0.8292186856269836, "dir": "snapshots/random_hybrid_3d/0424/156/1"}, "miou": {"min": 0.6246123909950256, "max": 0.624841570854187, "mean": 0.6247269809246063, "dir": "snapshots/random_hybrid_3d/0424/156/0"}, "accuracy": {"min": 0.9367658495903015, "max": 0.9373894333839417, "mean": 0.9370776414871216, "dir": "snapshots/random_hybrid_3d/0424/156/1"}, "n_params": {"min": 194396, "max": 194508, "mean": 194452.0, "dir": "snapshots/random_hybrid_3d/0424/156/1"}, "leaf": false, "n_nets": 2}