{"ari": {"min": 0.6102576851844788, "max": 0.722236692905426, "mean": 0.6662471890449524, "dir": "snapshots/random_2d_ed_dense/0410/234/0"}, "miou": {"min": 0.27907925844192505, "max": 0.295377254486084, "mean": 0.2872282564640045, "dir": "snapshots/random_2d_ed_dense/0410/234/0"}, "accuracy": {"min": 0.8299775123596191, "max": 0.8723272085189819, "mean": 0.8511523604393005, "dir": "snapshots/random_2d_ed_dense/0410/234/0"}, "n_params": {"min": 481295, "max": 481295, "mean": 481295.0, "dir": "snapshots/random_2d_ed_dense/0410/234/1"}, "leaf": false, "n_nets": 2}