{"ari": {"min": 0.834568977355957, "max": 0.8408403396606445, "mean": 0.8377046585083008, "dir": "snapshots/random_hybrid_3d/0416/99/1"}, "miou": {"min": 0.43303272128105164, "max": 0.5000113248825073, "mean": 0.4665220230817795, "dir": "snapshots/random_hybrid_3d/0416/99/1"}, "accuracy": {"min": 0.9373918175697327, "max": 0.9413246512413025, "mean": 0.9393582344055176, "dir": "snapshots/random_hybrid_3d/0416/99/1"}, "n_params": {"min": 5274822, "max": 5274822, "mean": 5274822.0, "dir": "snapshots/random_hybrid_3d/0416/99/0"}, "leaf": false, "n_nets": 2}