{"leaf": true, "dir": "snapshots/random_hybrid_3d/0424/165/1", "n_nets": 1, "name": "Hybrid3DCRF_165_1", "ari": [0.8280210494995117], "miou": [0.5363024473190308], "accuracy": [0.9362221956253052], "n_params": [810621], "n_iterations": 55200}