{"ari": {"min": 0.8296167254447937, "max": 0.8303780555725098, "mean": 0.8299973905086517, "dir": "snapshots/random_hybrid_3d/0424/186/0"}, "miou": {"min": 0.6202656626701355, "max": 0.6215062141418457, "mean": 0.6208859384059906, "dir": "snapshots/random_hybrid_3d/0424/186/1"}, "accuracy": {"min": 0.9375598430633545, "max": 0.937738835811615, "mean": 0.9376493394374847, "dir": "snapshots/random_hybrid_3d/0424/186/0"}, "n_params": {"min": 5569729, "max": 5570954, "mean": 5570341.5, "dir": "snapshots/random_hybrid_3d/0424/186/0"}, "leaf": false, "n_nets": 2}