{"ari": {"min": 0.8311517238616943, "max": 0.8374184370040894, "mean": 0.8342850804328918, "dir": "snapshots/random_hybrid_3d/0416/221/1"}, "miou": {"min": 0.4966534972190857, "max": 0.5068663358688354, "mean": 0.5017599165439606, "dir": "snapshots/random_hybrid_3d/0416/221/1"}, "accuracy": {"min": 0.9374935030937195, "max": 0.9417536854743958, "mean": 0.9396235942840576, "dir": "snapshots/random_hybrid_3d/0416/221/1"}, "n_params": {"min": 3442330, "max": 3444577, "mean": 3443453.5, "dir": "snapshots/random_hybrid_3d/0416/221/1"}, "leaf": false, "n_nets": 2}