{"ari": {"min": 0.6386300921440125, "max": 0.6655623316764832, "mean": 0.6520962119102478, "dir": "snapshots/random_2d_ed_dense/0410/145/0"}, "miou": {"min": 0.24764204025268555, "max": 0.25895050168037415, "mean": 0.25329627096652985, "dir": "snapshots/random_2d_ed_dense/0410/145/0"}, "accuracy": {"min": 0.8603228330612183, "max": 0.8695805668830872, "mean": 0.8649516999721527, "dir": "snapshots/random_2d_ed_dense/0410/145/0"}, "n_params": {"min": 220112, "max": 220112, "mean": 220112.0, "dir": "snapshots/random_2d_ed_dense/0410/145/0"}, "leaf": false, "n_nets": 2}