{"ari": {"min": 0.8152060508728027, "max": 0.8169341087341309, "mean": 0.8160700798034668, "dir": "snapshots/random_2d_ed_dense/0503/20/1"}, "miou": {"min": 0.6025063395500183, "max": 0.616129994392395, "mean": 0.6093181669712067, "dir": "snapshots/random_2d_ed_dense/0503/20/1"}, "accuracy": {"min": 0.9292117357254028, "max": 0.9314819574356079, "mean": 0.9303468465805054, "dir": "snapshots/random_2d_ed_dense/0503/20/1"}, "n_params": {"min": 3277997, "max": 3277997, "mean": 3277997.0, "dir": "snapshots/random_2d_ed_dense/0503/20/1"}, "leaf": false, "n_nets": 2}