{"ari": {"min": 0.6538974046707153, "max": 0.7727300524711609, "mean": 0.7312665820121765, "dir": "snapshots/random_2d_ed/1210/60/0"}, "miou": {"min": 0.2518673539161682, "max": 0.3845176696777344, "mean": 0.3429460465908051, "dir": "snapshots/random_2d_ed/1210/60/0"}, "accuracy": {"min": 0.8600454330444336, "max": 0.9058418273925781, "mean": 0.8885339736938477, "dir": "snapshots/random_2d_ed/1210/60/0"}, "n_params": {"min": 2430729, "max": 2430729, "mean": 2430729.0, "dir": "snapshots/random_2d_ed/1210/60/0"}, "leaf": false, "n_nets": 5}