{"ari": {"min": 0.6047049164772034, "max": 0.7753453850746155, "mean": 0.6746583819389343, "dir": "snapshots/random_2d_ed/1216/3/1"}, "miou": {"min": 0.20223069190979004, "max": 0.4010753333568573, "mean": 0.2918323457241058, "dir": "snapshots/random_2d_ed/1216/3/1"}, "accuracy": {"min": 0.849922239780426, "max": 0.9033357501029968, "mean": 0.8690597414970398, "dir": "snapshots/random_2d_ed/1216/3/1"}, "n_params": {"min": 12984814, "max": 12984814, "mean": 12984814.0, "dir": "snapshots/random_2d_ed/1216/3/0"}, "leaf": false, "n_nets": 5}