{"ari": {"min": 0.8268980383872986, "max": 0.8296289443969727, "mean": 0.8282634913921356, "dir": "snapshots/random_hybrid_3d/0424/131/0"}, "miou": {"min": 0.5409932732582092, "max": 0.6219537854194641, "mean": 0.5814735293388367, "dir": "snapshots/random_hybrid_3d/0424/131/0"}, "accuracy": {"min": 0.9356241226196289, "max": 0.9373121857643127, "mean": 0.9364681541919708, "dir": "snapshots/random_hybrid_3d/0424/131/0"}, "n_params": {"min": 969307, "max": 969307, "mean": 969307.0, "dir": "snapshots/random_hybrid_3d/0424/131/0"}, "leaf": false, "n_nets": 2}