{"ari": {"min": 0.8168933391571045, "max": 0.829095184803009, "mean": 0.8229942619800568, "dir": "snapshots/random_hybrid_3d/0424/119/0"}, "miou": {"min": 0.5004353523254395, "max": 0.5431295037269592, "mean": 0.5217824280261993, "dir": "snapshots/random_hybrid_3d/0424/119/0"}, "accuracy": {"min": 0.930621325969696, "max": 0.9367649555206299, "mean": 0.933693140745163, "dir": "snapshots/random_hybrid_3d/0424/119/0"}, "n_params": {"min": 17927, "max": 17927, "mean": 17927.0, "dir": "snapshots/random_hybrid_3d/0424/119/0"}, "leaf": false, "n_nets": 2}