{"ari": {"min": 0.828899621963501, "max": 0.8301480412483215, "mean": 0.8295238316059113, "dir": "snapshots/random_hybrid_3d/0424/149/0"}, "miou": {"min": 0.6175678968429565, "max": 0.6227427124977112, "mean": 0.6201553046703339, "dir": "snapshots/random_hybrid_3d/0424/149/1"}, "accuracy": {"min": 0.9367465376853943, "max": 0.9370891451835632, "mean": 0.9369178414344788, "dir": "snapshots/random_hybrid_3d/0424/149/0"}, "n_params": {"min": 795715, "max": 795715, "mean": 795715.0, "dir": "snapshots/random_hybrid_3d/0424/149/0"}, "leaf": false, "n_nets": 2}