{"leaf": true, "dir": "snapshots/random_hybrid_3d/0424/197/1", "n_nets": 1, "name": "Hybrid3DCRF_197_1", "ari": [0.8284465074539185], "miou": [0.6201220750808716], "accuracy": [0.9366275668144226], "n_params": [148297], "n_iterations": 55200}