{"leaf": true, "dir": "snapshots/random_2d_ed/1216/60/1", "n_nets": 1, "name": "RandomUnet2D_60_0", "ari": [0.7165632843971252], "miou": [0.3538806438446045], "accuracy": [0.8639277219772339], "n_params": [585512], "n_iterations": 42720}