{"ari": {"min": 0.8168465495109558, "max": 0.8304476141929626, "mean": 0.8236470818519592, "dir": "snapshots/random_hybrid_3d/0424/285/0"}, "miou": {"min": 0.4738326072692871, "max": 0.6217001676559448, "mean": 0.547766387462616, "dir": "snapshots/random_hybrid_3d/0424/285/0"}, "accuracy": {"min": 0.9306921362876892, "max": 0.9374831318855286, "mean": 0.9340876340866089, "dir": "snapshots/random_hybrid_3d/0424/285/0"}, "n_params": {"min": 75999, "max": 75999, "mean": 75999.0, "dir": "snapshots/random_hybrid_3d/0424/285/0"}, "leaf": false, "n_nets": 2}