{"ari": {"min": 0.7966834902763367, "max": 0.8131349086761475, "mean": 0.8049091994762421, "dir": "snapshots/random_2d_ed_dense/0410/127/0"}, "miou": {"min": 0.47674134373664856, "max": 0.5136622786521912, "mean": 0.49520181119441986, "dir": "snapshots/random_2d_ed_dense/0410/127/1"}, "accuracy": {"min": 0.9190632104873657, "max": 0.927652895450592, "mean": 0.9233580529689789, "dir": "snapshots/random_2d_ed_dense/0410/127/0"}, "n_params": {"min": 6961648, "max": 6961648, "mean": 6961648.0, "dir": "snapshots/random_2d_ed_dense/0410/127/1"}, "leaf": false, "n_nets": 2}