{"ari": {"min": 0.8189674615859985, "max": 0.8397905826568604, "mean": 0.8293790221214294, "dir": "snapshots/random_hybrid_3d/0416/265/0"}, "miou": {"min": 0.42550382018089294, "max": 0.432791531085968, "mean": 0.4291476756334305, "dir": "snapshots/random_hybrid_3d/0416/265/0"}, "accuracy": {"min": 0.9336988925933838, "max": 0.938653826713562, "mean": 0.9361763596534729, "dir": "snapshots/random_hybrid_3d/0416/265/0"}, "n_params": {"min": 7378559, "max": 7378559, "mean": 7378559.0, "dir": "snapshots/random_hybrid_3d/0416/265/0"}, "leaf": false, "n_nets": 2}