{"ari": {"min": 0.8296698927879333, "max": 0.8310061097145081, "mean": 0.8303380012512207, "dir": "snapshots/random_hybrid_3d/0424/68/0"}, "miou": {"min": 0.623280942440033, "max": 0.6248398423194885, "mean": 0.6240603923797607, "dir": "snapshots/random_hybrid_3d/0424/68/1"}, "accuracy": {"min": 0.9372444152832031, "max": 0.9375748038291931, "mean": 0.9374096095561981, "dir": "snapshots/random_hybrid_3d/0424/68/0"}, "n_params": {"min": 1738416, "max": 1738416, "mean": 1738416.0, "dir": "snapshots/random_hybrid_3d/0424/68/1"}, "leaf": false, "n_nets": 2}