{"ari": {"min": 3.3455302173024393e-07, "max": 0.05859867110848427, "mean": 0.029299502830753, "dir": "snapshots/random_2d_ed_dense/0503/136/0"}, "miou": {"min": 0.0788591131567955, "max": 0.1165897324681282, "mean": 0.09772442281246185, "dir": "snapshots/random_2d_ed_dense/0503/136/0"}, "accuracy": {"min": 0.47315269708633423, "max": 0.5487422347068787, "mean": 0.5109474658966064, "dir": "snapshots/random_2d_ed_dense/0503/136/0"}, "n_params": {"min": 5498294, "max": 5498294, "mean": 5498294.0, "dir": "snapshots/random_2d_ed_dense/0503/136/1"}, "leaf": false, "n_nets": 2}