{"leaf": true, "dir": "snapshots/random_hybrid_3d/0424/34/0", "n_nets": 1, "name": "Hybrid3DCRF_34_0", "ari": [0.8283771276473999], "miou": [0.5149542689323425], "accuracy": [0.9362838864326477], "n_params": [5045157], "n_iterations": 55200}