{"leaf": true, "dir": "snapshots/random_hybrid_3d/0424/34/0", "n_nets": 1, "name": "Hybrid3DCRF_34_0", "ari": [0.8266623616218567], "miou": [0.5109054446220398], "accuracy": [0.9350038766860962], "n_params": [5045157], "n_iterations": 53360}