{"ari": {"min": 0.639972984790802, "max": 0.774809718132019, "mean": 0.7175624370574951, "dir": "snapshots/random_2d_ed/1216/61/1"}, "miou": {"min": 0.20368243753910065, "max": 0.3497423529624939, "mean": 0.2850353755056858, "dir": "snapshots/random_2d_ed/1216/61/1"}, "accuracy": {"min": 0.8574280738830566, "max": 0.9033088684082031, "mean": 0.8820302039384842, "dir": "snapshots/random_2d_ed/1216/61/1"}, "n_params": {"min": 12713131, "max": 12713131, "mean": 12713131.0, "dir": "snapshots/random_2d_ed/1216/61/0"}, "leaf": false, "n_nets": 4}