{"ari": {"min": 0.681046724319458, "max": 0.7972447276115417, "mean": 0.76767817735672, "dir": "snapshots/random_2d_ed/1216/61/4"}, "miou": {"min": 0.2656177878379822, "max": 0.45544153451919556, "mean": 0.36901951432228086, "dir": "snapshots/random_2d_ed/1216/61/4"}, "accuracy": {"min": 0.8641021251678467, "max": 0.9120702743530273, "mean": 0.8974061012268066, "dir": "snapshots/random_2d_ed/1216/61/4"}, "n_params": {"min": 12713131, "max": 12713131, "mean": 12713131.0, "dir": "snapshots/random_2d_ed/1216/61/0"}, "leaf": false, "n_nets": 5}