{"leaf": true, "dir": "snapshots/random_hybrid_3d/0418/29/1", "n_nets": 1, "name": "Hybrid3DCRF_29_1", "ari": [0.8274274468421936], "miou": [0.6124994158744812], "accuracy": [0.9361466765403748], "n_params": [3566975], "n_iterations": 42320}