{"leaf": true, "dir": "snapshots/random_hybrid_3d/0418/29/1", "n_nets": 1, "name": "Hybrid3DCRF_29_1", "ari": [0.8268275856971741], "miou": [0.6180881261825562], "accuracy": [0.9357780814170837], "n_params": [3566975], "n_iterations": 20240}