{"leaf": true, "dir": "snapshots/random_hybrid_3d/0418/112/0", "n_nets": 1, "name": "Hybrid3DCRF_112_0", "ari": [0.8289141058921814], "miou": [0.6199122667312622], "accuracy": [0.936596155166626], "n_params": [274625], "n_iterations": 55200}