{"leaf": true, "dir": "snapshots/random_2d_ed_dense/0410/63/0", "n_nets": 1, "name": "RandomUnet2D_63_0", "ari": [0.590928852558136], "miou": [0.22926534712314606], "accuracy": [0.8510577082633972], "n_params": [52600], "n_iterations": 8800}