{"ari": {"min": 0.8339498043060303, "max": 0.8427668809890747, "mean": 0.8383583426475525, "dir": "snapshots/random_hybrid_3d/0416/260/1"}, "miou": {"min": 0.453612744808197, "max": 0.5769566893577576, "mean": 0.5152847170829773, "dir": "snapshots/random_hybrid_3d/0416/260/1"}, "accuracy": {"min": 0.9379836320877075, "max": 0.9434384107589722, "mean": 0.9407110214233398, "dir": "snapshots/random_hybrid_3d/0416/260/1"}, "n_params": {"min": 734709, "max": 734709, "mean": 734709.0, "dir": "snapshots/random_hybrid_3d/0416/260/1"}, "leaf": false, "n_nets": 2}