{"ari": {"min": 0.8154322504997253, "max": 0.8280304670333862, "mean": 0.8217313587665558, "dir": "snapshots/random_hybrid_3d/0418/11/1"}, "miou": {"min": 0.4758365750312805, "max": 0.6222361326217651, "mean": 0.5490363538265228, "dir": "snapshots/random_hybrid_3d/0418/11/1"}, "accuracy": {"min": 0.9303072690963745, "max": 0.9369335174560547, "mean": 0.9336203932762146, "dir": "snapshots/random_hybrid_3d/0418/11/1"}, "n_params": {"min": 2241724, "max": 2242543, "mean": 2242133.5, "dir": "snapshots/random_hybrid_3d/0418/11/1"}, "leaf": false, "n_nets": 2}