{"ari": {"min": 0.8162002563476562, "max": 0.8308613896369934, "mean": 0.8235308229923248, "dir": "snapshots/random_hybrid_3d/0424/246/1"}, "miou": {"min": 0.4989202618598938, "max": 0.6199676394462585, "mean": 0.5594439506530762, "dir": "snapshots/random_hybrid_3d/0424/246/1"}, "accuracy": {"min": 0.9303523898124695, "max": 0.9374999403953552, "mean": 0.9339261651039124, "dir": "snapshots/random_hybrid_3d/0424/246/1"}, "n_params": {"min": 22183, "max": 22183, "mean": 22183.0, "dir": "snapshots/random_hybrid_3d/0424/246/1"}, "leaf": false, "n_nets": 2}