{"leaf": true, "dir": "snapshots/random_hybrid_3d/0424/33/0", "n_nets": 1, "name": "Hybrid3DCRF_33_0", "ari": [0.8282697796821594], "miou": [0.5436440706253052], "accuracy": [0.9365988373756409], "n_params": [1960278], "n_iterations": 53360}