{"leaf": true, "dir": "snapshots/random_hybrid_3d/0424/33/0", "n_nets": 1, "name": "Hybrid3DCRF_33_0", "ari": [0.829071581363678], "miou": [0.5426406860351562], "accuracy": [0.9369088411331177], "n_params": [1960278], "n_iterations": 51520}