{"leaf": true, "dir": "snapshots/random_2d_ed/1210/10/2", "n_nets": 1, "name": "RandomUnet2D_10_2", "ari": [0.7952010631561279], "miou": [0.3888661563396454], "accuracy": [0.9232751131057739], "n_params": [14119602], "n_iterations": 49000}