{"ari": {"min": 0.617066502571106, "max": 0.8309441208839417, "mean": 0.7240053117275238, "dir": "snapshots/random_hybrid_3d/0416/189/0"}, "miou": {"min": 0.25967735052108765, "max": 0.4375944435596466, "mean": 0.3486358970403671, "dir": "snapshots/random_hybrid_3d/0416/189/0"}, "accuracy": {"min": 0.8685482740402222, "max": 0.9375122785568237, "mean": 0.903030276298523, "dir": "snapshots/random_hybrid_3d/0416/189/0"}, "n_params": {"min": 739526, "max": 740282, "mean": 739904.0, "dir": "snapshots/random_hybrid_3d/0416/189/0"}, "leaf": false, "n_nets": 2}