{"ari": {"min": 0.640064537525177, "max": 0.7611121535301208, "mean": 0.7108252048492432, "dir": "snapshots/random_2d_ed/1210/84/4"}, "miou": {"min": 0.23566830158233643, "max": 0.4427858889102936, "mean": 0.3427892357110977, "dir": "snapshots/random_2d_ed/1210/84/3"}, "accuracy": {"min": 0.8649972677230835, "max": 0.897615373134613, "mean": 0.8813073754310607, "dir": "snapshots/random_2d_ed/1210/84/4"}, "n_params": {"min": 638789, "max": 638789, "mean": 638789.0, "dir": "snapshots/random_2d_ed/1210/84/0"}, "leaf": false, "n_nets": 5}