{"ari": {"min": 0.5128440856933594, "max": 0.7110834717750549, "mean": 0.5949400782585144, "dir": "snapshots/random_2d_ed/1216/78/4"}, "miou": {"min": 0.1994968056678772, "max": 0.37716495990753174, "mean": 0.26383499801158905, "dir": "snapshots/random_2d_ed/1216/78/4"}, "accuracy": {"min": 0.8405637741088867, "max": 0.8971032500267029, "mean": 0.8630081653594971, "dir": "snapshots/random_2d_ed/1216/78/4"}, "n_params": {"min": 9815751, "max": 9815751, "mean": 9815751.0, "dir": "snapshots/random_2d_ed/1216/78/1"}, "leaf": false, "n_nets": 5}