{"leaf": true, "dir": "snapshots/random_2d_ed/1216/25/3", "n_nets": 1, "name": "RandomUnet2D_25_4", "ari": [0.7872588038444519], "miou": [0.43923917412757874], "accuracy": [0.911863386631012], "n_params": [10166160], "n_iterations": 96120}