{"ari": {"min": 0.8277419805526733, "max": 0.829922080039978, "mean": 0.8288320302963257, "dir": "snapshots/random_hybrid_3d/0418/14/0"}, "miou": {"min": 0.6210118532180786, "max": 0.6271445155143738, "mean": 0.6240781843662262, "dir": "snapshots/random_hybrid_3d/0418/14/0"}, "accuracy": {"min": 0.9360851645469666, "max": 0.9373828172683716, "mean": 0.9367339909076691, "dir": "snapshots/random_hybrid_3d/0418/14/0"}, "n_params": {"min": 366889, "max": 367036, "mean": 366962.5, "dir": "snapshots/random_hybrid_3d/0418/14/0"}, "leaf": false, "n_nets": 2}