{"ari": {"min": 0.8275603652000427, "max": 0.8279318809509277, "mean": 0.8277461230754852, "dir": "snapshots/random_hybrid_3d/0424/229/0"}, "miou": {"min": 0.6093142628669739, "max": 0.6209286451339722, "mean": 0.615121454000473, "dir": "snapshots/random_hybrid_3d/0424/229/0"}, "accuracy": {"min": 0.9361734390258789, "max": 0.9363601207733154, "mean": 0.9362667798995972, "dir": "snapshots/random_hybrid_3d/0424/229/0"}, "n_params": {"min": 5402572, "max": 5402572, "mean": 5402572.0, "dir": "snapshots/random_hybrid_3d/0424/229/0"}, "leaf": false, "n_nets": 2}