{"ari": {"min": 0.7639971375465393, "max": 0.8401990532875061, "mean": 0.8020980954170227, "dir": "snapshots/random_hybrid_3d/0416/86/1"}, "miou": {"min": 0.2935543656349182, "max": 0.5078610777854919, "mean": 0.4007077217102051, "dir": "snapshots/random_hybrid_3d/0416/86/1"}, "accuracy": {"min": 0.9111739993095398, "max": 0.9423050284385681, "mean": 0.926739513874054, "dir": "snapshots/random_hybrid_3d/0416/86/1"}, "n_params": {"min": 1581484, "max": 1581484, "mean": 1581484.0, "dir": "snapshots/random_hybrid_3d/0416/86/0"}, "leaf": false, "n_nets": 2}