{"ari": {"min": 0.4482068419456482, "max": 0.8450694680213928, "mean": 0.6466381549835205, "dir": "snapshots/random_hybrid_3d/0416/262/1"}, "miou": {"min": 0.2719559371471405, "max": 0.6041337251663208, "mean": 0.43804483115673065, "dir": "snapshots/random_hybrid_3d/0416/262/1"}, "accuracy": {"min": 0.8149018883705139, "max": 0.9445661306381226, "mean": 0.8797340095043182, "dir": "snapshots/random_hybrid_3d/0416/262/1"}, "n_params": {"min": 21210, "max": 21210, "mean": 21210.0, "dir": "snapshots/random_hybrid_3d/0416/262/0"}, "leaf": false, "n_nets": 2}