{"ari": {"min": 0.19797943532466888, "max": 0.8087500333786011, "mean": 0.6781402677297592, "dir": "snapshots/random_2d_ed/1210/3/2"}, "miou": {"min": 0.22415272891521454, "max": 0.44746479392051697, "mean": 0.3818781942129135, "dir": "snapshots/random_2d_ed/1210/3/2"}, "accuracy": {"min": 0.6532238125801086, "max": 0.9241512417793274, "mean": 0.8674661159515381, "dir": "snapshots/random_2d_ed/1210/3/2"}, "n_params": {"min": 2874765, "max": 2874765, "mean": 2874765.0, "dir": "snapshots/random_2d_ed/1210/3/0"}, "leaf": false, "n_nets": 5}