{"leaf": true, "dir": "snapshots/random_hybrid_3d/0416/263/1", "n_nets": 1, "name": "Hybrid3DCRF_263_1", "ari": [0.831511914730072], "miou": [0.5778517127037048], "accuracy": [0.9374901652336121], "n_params": [619578], "n_iterations": 368}