{"ari": {"min": 0.5667852163314819, "max": 0.593805730342865, "mean": 0.5802954733371735, "dir": "snapshots/random_2d_ed_dense/0503/101/0"}, "miou": {"min": 0.14364057779312134, "max": 0.16614073514938354, "mean": 0.15489065647125244, "dir": "snapshots/random_2d_ed_dense/0503/101/0"}, "accuracy": {"min": 0.34555402398109436, "max": 0.4209239184856415, "mean": 0.3832389712333679, "dir": "snapshots/random_2d_ed_dense/0503/101/0"}, "n_params": {"min": 996532, "max": 996532, "mean": 996532.0, "dir": "snapshots/random_2d_ed_dense/0503/101/0"}, "leaf": false, "n_nets": 2}