{"ari": {"min": 0.7123446464538574, "max": 0.7136372923851013, "mean": 0.7129909694194794, "dir": "snapshots/random_2d_ed_dense/0503/92/1"}, "miou": {"min": 0.3768957853317261, "max": 0.38850173354148865, "mean": 0.38269875943660736, "dir": "snapshots/random_2d_ed_dense/0503/92/0"}, "accuracy": {"min": 0.8721000552177429, "max": 0.8845613598823547, "mean": 0.8783307075500488, "dir": "snapshots/random_2d_ed_dense/0503/92/1"}, "n_params": {"min": 328331, "max": 328331, "mean": 328331.0, "dir": "snapshots/random_2d_ed_dense/0503/92/1"}, "leaf": false, "n_nets": 2}