{"ari": {"min": 0.827275276184082, "max": 0.8294531106948853, "mean": 0.8283641934394836, "dir": "snapshots/random_hybrid_3d/0424/13/1"}, "miou": {"min": 0.6183156371116638, "max": 0.6232945322990417, "mean": 0.6208050847053528, "dir": "snapshots/random_hybrid_3d/0424/13/1"}, "accuracy": {"min": 0.9359246492385864, "max": 0.9369018077850342, "mean": 0.9364132285118103, "dir": "snapshots/random_hybrid_3d/0424/13/1"}, "n_params": {"min": 1327957, "max": 1329595, "mean": 1328776.0, "dir": "snapshots/random_hybrid_3d/0424/13/1"}, "leaf": false, "n_nets": 2}