{"leaf": true, "dir": "snapshots/random_2d_ed/1210/73/3", "n_nets": 1, "name": "RandomUnet2D_73_3", "ari": [0.6444721817970276], "miou": [0.27344003319740295], "accuracy": [0.8604711890220642], "n_params": [849934], "n_iterations": 8800}