{"ari": {"min": 0.3520163595676422, "max": 0.7952010631561279, "mean": 0.6939421236515045, "dir": "snapshots/random_2d_ed/1210/10/2"}, "miou": {"min": 0.2707226872444153, "max": 0.4114975929260254, "mean": 0.3621678054332733, "dir": "snapshots/random_2d_ed/1210/10/1"}, "accuracy": {"min": 0.7336611747741699, "max": 0.9232751131057739, "mean": 0.8812786221504212, "dir": "snapshots/random_2d_ed/1210/10/2"}, "n_params": {"min": 14119602, "max": 14119602, "mean": 14119602.0, "dir": "snapshots/random_2d_ed/1210/10/1"}, "leaf": false, "n_nets": 5}