{"leaf": true, "dir": "snapshots/random_2d_ed_dense/0503/0/1", "n_nets": 1, "name": "RandomUnet2D_0_1", "ari": [0.8216575384140015], "miou": [0.6046425700187683], "accuracy": [0.9328631162643433], "n_params": [17217478], "n_iterations": 125000}