{"ari": {"min": 0.7689775824546814, "max": 0.7905317544937134, "mean": 0.7797546684741974, "dir": "snapshots/random_hybrid_3d/0416/270/0"}, "miou": {"min": 0.3323885500431061, "max": 0.3821733295917511, "mean": 0.3572809398174286, "dir": "snapshots/random_hybrid_3d/0416/270/1"}, "accuracy": {"min": 0.9141634106636047, "max": 0.9149906635284424, "mean": 0.9145770370960236, "dir": "snapshots/random_hybrid_3d/0416/270/1"}, "n_params": {"min": 1722784, "max": 1723470, "mean": 1723127.0, "dir": "snapshots/random_hybrid_3d/0416/270/1"}, "leaf": false, "n_nets": 2}