{"ari": {"min": -6.765410968397707e-18, "max": 0.22366434335708618, "mean": 0.11183217167854309, "dir": "snapshots/random_hybrid_3d/0416/261/0"}, "miou": {"min": 0.06590643525123596, "max": 0.16766738891601562, "mean": 0.1167869120836258, "dir": "snapshots/random_hybrid_3d/0416/261/0"}, "accuracy": {"min": 0.46134504675865173, "max": 0.7215370535850525, "mean": 0.5914410501718521, "dir": "snapshots/random_hybrid_3d/0416/261/0"}, "n_params": {"min": 185712, "max": 185859, "mean": 185785.5, "dir": "snapshots/random_hybrid_3d/0416/261/1"}, "leaf": false, "n_nets": 2}