{"leaf": true, "dir": "snapshots/random_hybrid_3d/0424/53/0", "n_nets": 1, "name": "Hybrid3DCRF_53_1", "ari": [0.8306469321250916], "miou": [0.6219492554664612], "accuracy": [0.9378370046615601], "n_params": [14914857], "n_iterations": 55200}