{"ari": {"min": 0.8328989744186401, "max": 0.8344777226448059, "mean": 0.833688348531723, "dir": "snapshots/random_hybrid_3d/0416/238/0"}, "miou": {"min": 0.4336043894290924, "max": 0.44150063395500183, "mean": 0.4375525116920471, "dir": "snapshots/random_hybrid_3d/0416/238/0"}, "accuracy": {"min": 0.9345209002494812, "max": 0.9374387860298157, "mean": 0.9359798431396484, "dir": "snapshots/random_hybrid_3d/0416/238/1"}, "n_params": {"min": 360931, "max": 361078, "mean": 361004.5, "dir": "snapshots/random_hybrid_3d/0416/238/1"}, "leaf": false, "n_nets": 2}