{"ari": {"min": 0.04281458258628845, "max": 0.41489410400390625, "mean": 0.22885434329509735, "dir": "snapshots/random_2d_ed_dense/0503/28/0"}, "miou": {"min": 0.03204112499952316, "max": 0.15747517347335815, "mean": 0.09475814923644066, "dir": "snapshots/random_2d_ed_dense/0503/28/0"}, "accuracy": {"min": 0.12896370887756348, "max": 0.4361182451248169, "mean": 0.2825409770011902, "dir": "snapshots/random_2d_ed_dense/0503/28/0"}, "n_params": {"min": 18572539, "max": 18572539, "mean": 18572539.0, "dir": "snapshots/random_2d_ed_dense/0503/28/0"}, "leaf": false, "n_nets": 2}