{"leaf": true, "dir": "snapshots/random_2d_ed_dense/0503/180/0", "n_nets": 1, "name": "RandomUnet2D_180_1", "ari": [0.7962222695350647], "miou": [0.5296187996864319], "accuracy": [0.9201775193214417], "n_params": [2947625], "n_iterations": 80000}