{"ari": {"min": 0.7234559059143066, "max": 0.7381789088249207, "mean": 0.7308174073696136, "dir": "snapshots/random_2d_ed_dense/0503/182/1"}, "miou": {"min": 0.4102046489715576, "max": 0.45005545020103455, "mean": 0.4301300495862961, "dir": "snapshots/random_2d_ed_dense/0503/182/1"}, "accuracy": {"min": 0.8823985457420349, "max": 0.8898000121116638, "mean": 0.8860992789268494, "dir": "snapshots/random_2d_ed_dense/0503/182/0"}, "n_params": {"min": 445043, "max": 445043, "mean": 445043.0, "dir": "snapshots/random_2d_ed_dense/0503/182/0"}, "leaf": false, "n_nets": 2}