{"leaf": true, "dir": "snapshots/random_hybrid_3d/0416/49/0", "n_nets": 1, "name": "Hybrid3DCRF_49_0", "ari": [0.8432219624519348], "miou": [0.5721337199211121], "accuracy": [0.9434303045272827], "n_params": [712896], "n_iterations": 368}