{"ari": {"min": 0.8286088705062866, "max": 0.8294294476509094, "mean": 0.829019159078598, "dir": "snapshots/random_hybrid_3d/0424/235/1"}, "miou": {"min": 0.6176699995994568, "max": 0.6204990148544312, "mean": 0.619084507226944, "dir": "snapshots/random_hybrid_3d/0424/235/1"}, "accuracy": {"min": 0.9365329146385193, "max": 0.9366872906684875, "mean": 0.9366101026535034, "dir": "snapshots/random_hybrid_3d/0424/235/1"}, "n_params": {"min": 1206325, "max": 1206325, "mean": 1206325.0, "dir": "snapshots/random_hybrid_3d/0424/235/0"}, "leaf": false, "n_nets": 2}