{"ari": {"min": 0.010663335211575031, "max": 0.0855690985918045, "mean": 0.04811621690168977, "dir": "snapshots/random_2d_ed_dense/0410/29/0"}, "miou": {"min": 0.06046029552817345, "max": 0.079434335231781, "mean": 0.06994731537997723, "dir": "snapshots/random_2d_ed_dense/0410/29/1"}, "accuracy": {"min": 0.27263692021369934, "max": 0.47832682728767395, "mean": 0.37548187375068665, "dir": "snapshots/random_2d_ed_dense/0410/29/1"}, "n_params": {"min": 2701329, "max": 2701329, "mean": 2701329.0, "dir": "snapshots/random_2d_ed_dense/0410/29/1"}, "leaf": false, "n_nets": 2}