{"leaf": true, "dir": "snapshots/random_2d_ed/1210/28/3", "n_nets": 1, "name": "RandomUnet2D_28_3", "ari": [0.7889801859855652], "miou": [0.427691787481308], "accuracy": [0.9160480499267578], "n_params": [21265141], "n_iterations": 12600}