{"ari": {"min": 0.6298185586929321, "max": 0.6298185586929321, "mean": 0.6298185586929321, "dir": "snapshots/random_2d_ed_dense/0410/153/1"}, "miou": {"min": 0.2589251399040222, "max": 0.2589251399040222, "mean": 0.2589251399040222, "dir": "snapshots/random_2d_ed_dense/0410/153/1"}, "accuracy": {"min": 0.8634205460548401, "max": 0.8634205460548401, "mean": 0.8634205460548401, "dir": "snapshots/random_2d_ed_dense/0410/153/1"}, "n_params": {"min": 1927288, "max": 1927288, "mean": 1927288.0, "dir": "snapshots/random_2d_ed_dense/0410/153/1"}, "leaf": false, "n_nets": 1}