{"ari": {"min": 0.6763970851898193, "max": 0.7731118202209473, "mean": 0.7445215344429016, "dir": "snapshots/random_2d_ed/1216/64/1"}, "miou": {"min": 0.25450193881988525, "max": 0.3700172007083893, "mean": 0.3187457859516144, "dir": "snapshots/random_2d_ed/1216/64/1"}, "accuracy": {"min": 0.877360999584198, "max": 0.9056212902069092, "mean": 0.8963637709617615, "dir": "snapshots/random_2d_ed/1216/64/1"}, "n_params": {"min": 2988905, "max": 2988905, "mean": 2988905.0, "dir": "snapshots/random_2d_ed/1216/64/0"}, "leaf": false, "n_nets": 5}