{"leaf": true, "dir": "snapshots/random_hybrid_3d/0424/195/1", "n_nets": 1, "name": "Hybrid3DCRF_195_0", "ari": [0.8185743689537048], "miou": [0.5392895340919495], "accuracy": [0.9307873845100403], "n_params": [4451760], "n_iterations": 55200}