{"ari": {"min": 0.5443375706672668, "max": 0.7091665863990784, "mean": 0.6178988099098206, "dir": "snapshots/random_2d_ed/1216/1/2"}, "miou": {"min": 0.24076254665851593, "max": 0.3963592052459717, "mean": 0.29577057957649233, "dir": "snapshots/random_2d_ed/1216/1/2"}, "accuracy": {"min": 0.8550253510475159, "max": 0.9039993286132812, "mean": 0.880229938030243, "dir": "snapshots/random_2d_ed/1216/1/2"}, "n_params": {"min": 38733217, "max": 38733217, "mean": 38733217.0, "dir": "snapshots/random_2d_ed/1216/1/4"}, "leaf": false, "n_nets": 5}