{"ari": {"min": 0.5444386005401611, "max": 0.715661346912384, "mean": 0.616890013217926, "dir": "snapshots/random_2d_ed/1216/1/2"}, "miou": {"min": 0.24080953001976013, "max": 0.40833383798599243, "mean": 0.29882102012634276, "dir": "snapshots/random_2d_ed/1216/1/2"}, "accuracy": {"min": 0.8550963997840881, "max": 0.9083544611930847, "mean": 0.8810286164283753, "dir": "snapshots/random_2d_ed/1216/1/2"}, "n_params": {"min": 38733217, "max": 38733217, "mean": 38733217.0, "dir": "snapshots/random_2d_ed/1216/1/4"}, "leaf": false, "n_nets": 5}