{"leaf": true, "dir": "snapshots/random_hybrid_3d/0416/220/0", "n_nets": 1, "name": "Hybrid3DCRF_220_0", "ari": [0.8422936201095581], "miou": [0.5691624879837036], "accuracy": [0.9432021975517273], "n_params": [660861], "n_iterations": 368}