{"ari": {"min": 0.026380009949207306, "max": 0.04840492829680443, "mean": 0.03739246912300587, "dir": "snapshots/random_2d_ed_dense/0410/28/0"}, "miou": {"min": 0.037520237267017365, "max": 0.04559152573347092, "mean": 0.04155588150024414, "dir": "snapshots/random_2d_ed_dense/0410/28/1"}, "accuracy": {"min": 0.19512446224689484, "max": 0.20565718412399292, "mean": 0.20039082318544388, "dir": "snapshots/random_2d_ed_dense/0410/28/0"}, "n_params": {"min": 18572650, "max": 18572650, "mean": 18572650.0, "dir": "snapshots/random_2d_ed_dense/0410/28/0"}, "leaf": false, "n_nets": 2}