{"leaf": true, "dir": "snapshots/random_hybrid_3d/0416/240/1", "n_nets": 1, "name": "Hybrid3DCRF_240_1", "ari": [0.8410574197769165], "miou": [0.5693454742431641], "accuracy": [0.942969024181366], "n_params": [18360402], "n_iterations": 368}