{"ari": {"min": 0.6083464026451111, "max": 0.7916819453239441, "mean": 0.7446405053138733, "dir": "snapshots/random_2d_ed/1216/47/4"}, "miou": {"min": 0.23907622694969177, "max": 0.5389418005943298, "mean": 0.4020679652690887, "dir": "snapshots/random_2d_ed/1216/47/4"}, "accuracy": {"min": 0.8190163373947144, "max": 0.9087067246437073, "mean": 0.8851752996444702, "dir": "snapshots/random_2d_ed/1216/47/1"}, "n_params": {"min": 3719100, "max": 3719100, "mean": 3719100.0, "dir": "snapshots/random_2d_ed/1216/47/0"}, "leaf": false, "n_nets": 5}