{"leaf": true, "dir": "snapshots/random_hybrid_3d/0418/2/0", "n_nets": 1, "name": "Hybrid3DCRF_2_0", "ari": [0.8288664221763611], "miou": [0.6215729117393494], "accuracy": [0.936752200126648], "n_params": [29309], "n_iterations": 55200}