{"ari": {"min": 0.6777083277702332, "max": 0.7758848667144775, "mean": 0.737709641456604, "dir": "snapshots/random_2d_ed/1210/17/0"}, "miou": {"min": 0.35349205136299133, "max": 0.4321163296699524, "mean": 0.39306023716926575, "dir": "snapshots/random_2d_ed/1210/17/3"}, "accuracy": {"min": 0.8398162722587585, "max": 0.9069278240203857, "mean": 0.8808798909187316, "dir": "snapshots/random_2d_ed/1210/17/0"}, "n_params": {"min": 929291, "max": 929291, "mean": 929291.0, "dir": "snapshots/random_2d_ed/1210/17/0"}, "leaf": false, "n_nets": 5}