{"leaf": true, "dir": "snapshots/random_hybrid_3d/0416/166/1", "n_nets": 1, "name": "Hybrid3DCRF_166_0", "ari": [0.8413447737693787], "miou": [0.5627437233924866], "accuracy": [0.9430356621742249], "n_params": [26810], "n_iterations": 368}