{"ari": {"min": 0.8292062282562256, "max": 0.8292062282562256, "mean": 0.8292062282562256, "dir": "snapshots/random_hybrid_3d/0418/213/0"}, "miou": {"min": 0.5438088178634644, "max": 0.5438088178634644, "mean": 0.5438088178634644, "dir": "snapshots/random_hybrid_3d/0418/213/0"}, "accuracy": {"min": 0.9366925358772278, "max": 0.9366925358772278, "mean": 0.9366925358772278, "dir": "snapshots/random_hybrid_3d/0418/213/0"}, "n_params": {"min": 31303, "max": 31303, "mean": 31303.0, "dir": "snapshots/random_hybrid_3d/0418/213/0"}, "leaf": false, "n_nets": 1}