{"ari": {"min": 0.6071078181266785, "max": 0.8116464614868164, "mean": 0.708489254117012, "dir": "snapshots/random_2d_ed/1216/96/0"}, "miou": {"min": 0.20024415850639343, "max": 0.5446298718452454, "mean": 0.36364326253533363, "dir": "snapshots/random_2d_ed/1216/96/0"}, "accuracy": {"min": 0.8427622318267822, "max": 0.9163616895675659, "mean": 0.8786650449037552, "dir": "snapshots/random_2d_ed/1216/96/0"}, "n_params": {"min": 2674582, "max": 2674582, "mean": 2674582.0, "dir": "snapshots/random_2d_ed/1216/96/0"}, "leaf": false, "n_nets": 4}