{"ari": {"min": 0.8304159641265869, "max": 0.8304159641265869, "mean": 0.8304159641265869, "dir": "snapshots/random_hybrid_3d/0418/37/0"}, "miou": {"min": 0.5911354422569275, "max": 0.5911354422569275, "mean": 0.5911354422569275, "dir": "snapshots/random_hybrid_3d/0418/37/0"}, "accuracy": {"min": 0.937505304813385, "max": 0.937505304813385, "mean": 0.937505304813385, "dir": "snapshots/random_hybrid_3d/0418/37/0"}, "n_params": {"min": 14827388, "max": 14827388, "mean": 14827388.0, "dir": "snapshots/random_hybrid_3d/0418/37/0"}, "leaf": false, "n_nets": 1}