{"ari": {"min": 0.8317009806632996, "max": 0.8317009806632996, "mean": 0.8317009806632996, "dir": "snapshots/random_hybrid_3d/0418/37/0"}, "miou": {"min": 0.5534314513206482, "max": 0.5534314513206482, "mean": 0.5534314513206482, "dir": "snapshots/random_hybrid_3d/0418/37/0"}, "accuracy": {"min": 0.9379502534866333, "max": 0.9379502534866333, "mean": 0.9379502534866333, "dir": "snapshots/random_hybrid_3d/0418/37/0"}, "n_params": {"min": 14827388, "max": 14827388, "mean": 14827388.0, "dir": "snapshots/random_hybrid_3d/0418/37/0"}, "leaf": false, "n_nets": 1}