{"ari": {"min": 0.5594356656074524, "max": 0.5701314806938171, "mean": 0.5647835731506348, "dir": "snapshots/random_2d_ed_dense/0410/281/1"}, "miou": {"min": 0.1648305207490921, "max": 0.22367654740810394, "mean": 0.19425353407859802, "dir": "snapshots/random_2d_ed_dense/0410/281/0"}, "accuracy": {"min": 0.5413007140159607, "max": 0.7524563670158386, "mean": 0.6468785405158997, "dir": "snapshots/random_2d_ed_dense/0410/281/0"}, "n_params": {"min": 1515341, "max": 1515341, "mean": 1515341.0, "dir": "snapshots/random_2d_ed_dense/0410/281/0"}, "leaf": false, "n_nets": 2}