{"ari": {"min": 0.6565777659416199, "max": 0.7843177914619446, "mean": 0.7303919911384582, "dir": "snapshots/random_2d_ed/1210/4/3"}, "miou": {"min": 0.29664841294288635, "max": 0.5236379504203796, "mean": 0.3903176188468933, "dir": "snapshots/random_2d_ed/1210/4/3"}, "accuracy": {"min": 0.8426632881164551, "max": 0.91020268201828, "mean": 0.882762360572815, "dir": "snapshots/random_2d_ed/1210/4/3"}, "n_params": {"min": 1056744, "max": 1056744, "mean": 1056744.0, "dir": "snapshots/random_2d_ed/1210/4/0"}, "leaf": false, "n_nets": 5}