{"ari": {"min": 0.664628267288208, "max": 0.8089725375175476, "mean": 0.7728213548660279, "dir": "snapshots/random_2d_ed/1216/37/4"}, "miou": {"min": 0.29757916927337646, "max": 0.5425049066543579, "mean": 0.42988148927688596, "dir": "snapshots/random_2d_ed/1216/37/4"}, "accuracy": {"min": 0.8445696830749512, "max": 0.9163857698440552, "mean": 0.8971398949623108, "dir": "snapshots/random_2d_ed/1216/37/4"}, "n_params": {"min": 1598914, "max": 1598914, "mean": 1598914.0, "dir": "snapshots/random_2d_ed/1216/37/0"}, "leaf": false, "n_nets": 5}