{"ari": {"min": 0.5970507860183716, "max": 0.7635295391082764, "mean": 0.6683684349060058, "dir": "snapshots/random_2d_ed/1216/31/0"}, "miou": {"min": 0.20245639979839325, "max": 0.4084968864917755, "mean": 0.275713586807251, "dir": "snapshots/random_2d_ed/1216/31/0"}, "accuracy": {"min": 0.8375973701477051, "max": 0.8923372030258179, "mean": 0.8582520604133606, "dir": "snapshots/random_2d_ed/1216/31/0"}, "n_params": {"min": 308520, "max": 308520, "mean": 308520.0, "dir": "snapshots/random_2d_ed/1216/31/0"}, "leaf": false, "n_nets": 5}