{"ari": {"min": 0.0963074266910553, "max": 0.3387185335159302, "mean": 0.21751298010349274, "dir": "snapshots/random_hybrid_3d/0416/115/0"}, "miou": {"min": 0.1105990931391716, "max": 0.2749982476234436, "mean": 0.1927986703813076, "dir": "snapshots/random_hybrid_3d/0416/115/1"}, "accuracy": {"min": 0.38894593715667725, "max": 0.5726150274276733, "mean": 0.4807804822921753, "dir": "snapshots/random_hybrid_3d/0416/115/1"}, "n_params": {"min": 6055, "max": 6202, "mean": 6128.5, "dir": "snapshots/random_hybrid_3d/0416/115/0"}, "leaf": false, "n_nets": 2}