{"ari": {"min": 0.8102523684501648, "max": 0.8284528851509094, "mean": 0.8193526268005371, "dir": "snapshots/random_hybrid_3d/0424/164/0"}, "miou": {"min": 0.5617879033088684, "max": 0.6170995831489563, "mean": 0.5894437432289124, "dir": "snapshots/random_hybrid_3d/0424/164/0"}, "accuracy": {"min": 0.931169867515564, "max": 0.9366791248321533, "mean": 0.9339244961738586, "dir": "snapshots/random_hybrid_3d/0424/164/0"}, "n_params": {"min": 239986, "max": 239986, "mean": 239986.0, "dir": "snapshots/random_hybrid_3d/0424/164/0"}, "leaf": false, "n_nets": 2}