{"ari": {"min": 0.830468475818634, "max": 0.8404189348220825, "mean": 0.8354437053203583, "dir": "snapshots/random_hybrid_3d/0416/59/1"}, "miou": {"min": 0.4381682574748993, "max": 0.5075894594192505, "mean": 0.4728788584470749, "dir": "snapshots/random_hybrid_3d/0416/59/1"}, "accuracy": {"min": 0.9370260834693909, "max": 0.9416239261627197, "mean": 0.9393250048160553, "dir": "snapshots/random_hybrid_3d/0416/59/1"}, "n_params": {"min": 309024, "max": 309171, "mean": 309097.5, "dir": "snapshots/random_hybrid_3d/0416/59/0"}, "leaf": false, "n_nets": 2}