{"ari": {"min": 0.8422008752822876, "max": 0.8426967859268188, "mean": 0.8424488306045532, "dir": "snapshots/random_hybrid_3d/0416/1/0"}, "miou": {"min": 0.5027855634689331, "max": 0.555975615978241, "mean": 0.529380589723587, "dir": "snapshots/random_hybrid_3d/0416/1/1"}, "accuracy": {"min": 0.9415396451950073, "max": 0.9423111081123352, "mean": 0.9419253766536713, "dir": "snapshots/random_hybrid_3d/0416/1/1"}, "n_params": {"min": 5960382, "max": 5960382, "mean": 5960382.0, "dir": "snapshots/random_hybrid_3d/0416/1/0"}, "leaf": false, "n_nets": 2}