{"ari": {"min": 0.8252739906311035, "max": 0.8410099744796753, "mean": 0.8331419825553894, "dir": "snapshots/random_hybrid_3d/0416/103/0"}, "miou": {"min": 0.4354223906993866, "max": 0.5583252310752869, "mean": 0.49687381088733673, "dir": "snapshots/random_hybrid_3d/0416/103/0"}, "accuracy": {"min": 0.9357904195785522, "max": 0.942590594291687, "mean": 0.9391905069351196, "dir": "snapshots/random_hybrid_3d/0416/103/0"}, "n_params": {"min": 5954734, "max": 5954734, "mean": 5954734.0, "dir": "snapshots/random_hybrid_3d/0416/103/0"}, "leaf": false, "n_nets": 2}