{"ari": {"min": 0.3077299892902374, "max": 0.830130934715271, "mean": 0.5689304620027542, "dir": "snapshots/random_hybrid_3d/0424/254/0"}, "miou": {"min": 0.2694959044456482, "max": 0.6210647821426392, "mean": 0.4452803432941437, "dir": "snapshots/random_hybrid_3d/0424/254/0"}, "accuracy": {"min": 0.6904816627502441, "max": 0.9377240538597107, "mean": 0.8141028583049774, "dir": "snapshots/random_hybrid_3d/0424/254/0"}, "n_params": {"min": 30633539, "max": 30635331, "mean": 30634435.0, "dir": "snapshots/random_hybrid_3d/0424/254/0"}, "leaf": false, "n_nets": 2}