{"leaf": true, "dir": "snapshots/random_hybrid_3d/0416/202/0", "n_nets": 1, "name": "Hybrid3DCRF_202_1", "ari": [0.7880361676216125], "miou": [0.3404720723628998], "accuracy": [0.9202330708503723], "n_params": [34029], "n_iterations": 368}