{"ari": {"min": 0.3533622920513153, "max": 0.6303525567054749, "mean": 0.4918574243783951, "dir": "snapshots/random_2d_ed_dense/0503/279/0"}, "miou": {"min": 0.2108098268508911, "max": 0.2882572114467621, "mean": 0.2495335191488266, "dir": "snapshots/random_2d_ed_dense/0503/279/0"}, "accuracy": {"min": 0.7432845234870911, "max": 0.8612622022628784, "mean": 0.8022733628749847, "dir": "snapshots/random_2d_ed_dense/0503/279/0"}, "n_params": {"min": 1602709, "max": 1602709, "mean": 1602709.0, "dir": "snapshots/random_2d_ed_dense/0503/279/1"}, "leaf": false, "n_nets": 2}