{"leaf": true, "dir": "snapshots/random_2d_ed/1216/82/3", "n_nets": 1, "name": "RandomUnet2D_82_3", "ari": [0.6020826697349548], "miou": [0.2142506092786789], "accuracy": [0.8377260565757751], "n_params": [428441], "n_iterations": 15664}