{"ari": {"min": 0.6532039642333984, "max": 0.766712486743927, "mean": 0.7388930678367615, "dir": "snapshots/random_2d_ed/1210/64/2"}, "miou": {"min": 0.27052468061447144, "max": 0.4997352063655853, "mean": 0.4011404037475586, "dir": "snapshots/random_2d_ed/1210/64/4"}, "accuracy": {"min": 0.8689588904380798, "max": 0.8988321423530579, "mean": 0.8891565918922424, "dir": "snapshots/random_2d_ed/1210/64/4"}, "n_params": {"min": 1181003, "max": 1181003, "mean": 1181003.0, "dir": "snapshots/random_2d_ed/1210/64/0"}, "leaf": false, "n_nets": 5}