{"ari": {"min": 0.6162881851196289, "max": 0.7411141991615295, "mean": 0.6787011921405792, "dir": "snapshots/random_2d_ed_dense/0410/164/1"}, "miou": {"min": 0.28526610136032104, "max": 0.4389651417732239, "mean": 0.36211562156677246, "dir": "snapshots/random_2d_ed_dense/0410/164/1"}, "accuracy": {"min": 0.82675701379776, "max": 0.8867952227592468, "mean": 0.8567761182785034, "dir": "snapshots/random_2d_ed_dense/0410/164/1"}, "n_params": {"min": 422620, "max": 422620, "mean": 422620.0, "dir": "snapshots/random_2d_ed_dense/0410/164/0"}, "leaf": false, "n_nets": 2}