{"ari": {"min": 0.8161567449569702, "max": 0.8350411057472229, "mean": 0.8255989253520966, "dir": "snapshots/random_hybrid_3d/0416/176/0"}, "miou": {"min": 0.417054146528244, "max": 0.4175567030906677, "mean": 0.41730542480945587, "dir": "snapshots/random_hybrid_3d/0416/176/0"}, "accuracy": {"min": 0.9301740527153015, "max": 0.9342935085296631, "mean": 0.9322337806224823, "dir": "snapshots/random_hybrid_3d/0416/176/0"}, "n_params": {"min": 2474490, "max": 2474490, "mean": 2474490.0, "dir": "snapshots/random_hybrid_3d/0416/176/1"}, "leaf": false, "n_nets": 2}