{"leaf": true, "dir": "snapshots/random_2d_ed/1216/87/1", "n_nets": 1, "name": "RandomUnet2D_87_1", "ari": [0.7766457796096802], "miou": [0.3681179881095886], "accuracy": [0.9007333517074585], "n_params": [3586068], "n_iterations": 66750}