{"leaf": true, "dir": "snapshots/random_hybrid_3d/0424/110/1", "n_nets": 1, "name": "Hybrid3DCRF_110_1", "ari": [0.8316650986671448], "miou": [0.6273689270019531], "accuracy": [0.9384433031082153], "n_params": [49096817], "n_iterations": 55200}