{"leaf": true, "dir": "snapshots/random_hybrid_3d/0424/110/1", "n_nets": 1, "name": "Hybrid3DCRF_110_1", "ari": [0.830815315246582], "miou": [0.6246122717857361], "accuracy": [0.9377418756484985], "n_params": [49096817], "n_iterations": 22080}