{"ari": {"min": 0.6332698464393616, "max": 0.7863075137138367, "mean": 0.6880896210670471, "dir": "snapshots/random_2d_ed/1216/74/4"}, "miou": {"min": 0.2060086727142334, "max": 0.35391950607299805, "mean": 0.25926492512226107, "dir": "snapshots/random_2d_ed/1216/74/4"}, "accuracy": {"min": 0.8561950325965881, "max": 0.9038825035095215, "mean": 0.8744494795799256, "dir": "snapshots/random_2d_ed/1216/74/4"}, "n_params": {"min": 486563, "max": 486563, "mean": 486563.0, "dir": "snapshots/random_2d_ed/1216/74/0"}, "leaf": false, "n_nets": 5}