{"leaf": true, "dir": "snapshots/random_2d_ed/1210/29/0", "n_nets": 1, "name": "RandomUnet2D_29_0", "ari": [0.7776522040367126], "miou": [0.5209054350852966], "accuracy": [0.9076007008552551], "n_params": [1002928], "n_iterations": 16000}