{"ari": {"min": 0.675253689289093, "max": 0.7701632380485535, "mean": 0.7261045336723327, "dir": "snapshots/random_2d_ed/1216/66/3"}, "miou": {"min": 0.2722020149230957, "max": 0.4405137896537781, "mean": 0.35756433606147764, "dir": "snapshots/random_2d_ed/1216/66/3"}, "accuracy": {"min": 0.8520022034645081, "max": 0.8977605104446411, "mean": 0.8767834544181824, "dir": "snapshots/random_2d_ed/1216/66/3"}, "n_params": {"min": 383675, "max": 383675, "mean": 383675.0, "dir": "snapshots/random_2d_ed/1216/66/0"}, "leaf": false, "n_nets": 5}