{"ari": {"min": 0.7576614022254944, "max": 0.826565146446228, "mean": 0.7921132743358612, "dir": "snapshots/random_2d_ed_dense/0503/2/0"}, "miou": {"min": 0.4346851408481598, "max": 0.6239527463912964, "mean": 0.5293189436197281, "dir": "snapshots/random_2d_ed_dense/0503/2/0"}, "accuracy": {"min": 0.9070908427238464, "max": 0.9352204203605652, "mean": 0.9211556315422058, "dir": "snapshots/random_2d_ed_dense/0503/2/0"}, "n_params": {"min": 2288236, "max": 2288236, "mean": 2288236.0, "dir": "snapshots/random_2d_ed_dense/0503/2/1"}, "leaf": false, "n_nets": 2}