{"leaf": true, "dir": "snapshots/random_2d_ed_dense/0503/29/0", "n_nets": 1, "name": "RandomUnet2D_29_1", "ari": [0.000602669024374336], "miou": [0.08580654114484787], "accuracy": [0.4765811264514923], "n_params": [2701250], "n_iterations": 13750}