{"ari": {"min": 0.830926239490509, "max": 0.8316011428833008, "mean": 0.8312636911869049, "dir": "snapshots/random_hybrid_3d/0424/79/1"}, "miou": {"min": 0.6124606728553772, "max": 0.6249790787696838, "mean": 0.6187198758125305, "dir": "snapshots/random_hybrid_3d/0424/79/1"}, "accuracy": {"min": 0.9379065632820129, "max": 0.9385061860084534, "mean": 0.9382063746452332, "dir": "snapshots/random_hybrid_3d/0424/79/1"}, "n_params": {"min": 16337661, "max": 16337661, "mean": 16337661.0, "dir": "snapshots/random_hybrid_3d/0424/79/0"}, "leaf": false, "n_nets": 2}