{"ari": {"min": 0.8286384344100952, "max": 0.8316037654876709, "mean": 0.8301210999488831, "dir": "snapshots/random_hybrid_3d/0424/79/0"}, "miou": {"min": 0.6116620302200317, "max": 0.6218387484550476, "mean": 0.6167503893375397, "dir": "snapshots/random_hybrid_3d/0424/79/1"}, "accuracy": {"min": 0.9368846416473389, "max": 0.9381183385848999, "mean": 0.9375014901161194, "dir": "snapshots/random_hybrid_3d/0424/79/0"}, "n_params": {"min": 16337661, "max": 16337661, "mean": 16337661.0, "dir": "snapshots/random_hybrid_3d/0424/79/0"}, "leaf": false, "n_nets": 2}