{"ari": {"min": 0.6314777135848999, "max": 0.7875823974609375, "mean": 0.7149949818849564, "dir": "snapshots/random_2d_ed/1216/7/3"}, "miou": {"min": 0.23210854828357697, "max": 0.43533509969711304, "mean": 0.33408408984541893, "dir": "snapshots/random_2d_ed/1216/7/3"}, "accuracy": {"min": 0.8567113280296326, "max": 0.9131127595901489, "mean": 0.8894766122102737, "dir": "snapshots/random_2d_ed/1216/7/3"}, "n_params": {"min": 79725172, "max": 79725172, "mean": 79725172.0, "dir": "snapshots/random_2d_ed/1216/7/0"}, "leaf": false, "n_nets": 4}