{"ari": {"min": 0.6314777135848999, "max": 0.7889935374259949, "mean": 0.7153479605913162, "dir": "snapshots/random_2d_ed/1216/7/3"}, "miou": {"min": 0.23210854828357697, "max": 0.438521146774292, "mean": 0.33488069847226143, "dir": "snapshots/random_2d_ed/1216/7/3"}, "accuracy": {"min": 0.8567113280296326, "max": 0.9144269824028015, "mean": 0.8898053616285324, "dir": "snapshots/random_2d_ed/1216/7/3"}, "n_params": {"min": 79725172, "max": 79725172, "mean": 79725172.0, "dir": "snapshots/random_2d_ed/1216/7/0"}, "leaf": false, "n_nets": 4}