{"ari": {"min": 0.8289656043052673, "max": 0.8308209180831909, "mean": 0.8298932611942291, "dir": "snapshots/random_hybrid_3d/0424/84/1"}, "miou": {"min": 0.5440575480461121, "max": 0.6161940693855286, "mean": 0.5801258087158203, "dir": "snapshots/random_hybrid_3d/0424/84/1"}, "accuracy": {"min": 0.9370083808898926, "max": 0.937741756439209, "mean": 0.9373750686645508, "dir": "snapshots/random_hybrid_3d/0424/84/1"}, "n_params": {"min": 232130, "max": 232130, "mean": 232130.0, "dir": "snapshots/random_hybrid_3d/0424/84/0"}, "leaf": false, "n_nets": 2}