{"ari": {"min": 0.7618730068206787, "max": 0.8217759728431702, "mean": 0.7905316591262818, "dir": "snapshots/random_2d_ed/1216/58/0"}, "miou": {"min": 0.38248199224472046, "max": 0.5644931197166443, "mean": 0.42498073577880857, "dir": "snapshots/random_2d_ed/1216/58/0"}, "accuracy": {"min": 0.8978912234306335, "max": 0.923959493637085, "mean": 0.9069315910339355, "dir": "snapshots/random_2d_ed/1216/58/0"}, "n_params": {"min": 4069783, "max": 4069783, "mean": 4069783.0, "dir": "snapshots/random_2d_ed/1216/58/0"}, "leaf": false, "n_nets": 5}