{"ari": {"min": 0.7586501240730286, "max": 0.8157898783683777, "mean": 0.7781163096427918, "dir": "snapshots/random_2d_ed/1216/58/0"}, "miou": {"min": 0.35377565026283264, "max": 0.49132490158081055, "mean": 0.39328998923301695, "dir": "snapshots/random_2d_ed/1216/58/0"}, "accuracy": {"min": 0.8960296511650085, "max": 0.9179635047912598, "mean": 0.9020678400993347, "dir": "snapshots/random_2d_ed/1216/58/0"}, "n_params": {"min": 4069783, "max": 4069783, "mean": 4069783.0, "dir": "snapshots/random_2d_ed/1216/58/0"}, "leaf": false, "n_nets": 5}