{"ari": {"min": 0.8296013474464417, "max": 0.8296013474464417, "mean": 0.8296013474464417, "dir": "snapshots/random_hybrid_3d/0418/281/0"}, "miou": {"min": 0.6313084959983826, "max": 0.6313084959983826, "mean": 0.6313084959983826, "dir": "snapshots/random_hybrid_3d/0418/281/0"}, "accuracy": {"min": 0.9372774362564087, "max": 0.9372774362564087, "mean": 0.9372774362564087, "dir": "snapshots/random_hybrid_3d/0418/281/0"}, "n_params": {"min": 116073, "max": 116073, "mean": 116073.0, "dir": "snapshots/random_hybrid_3d/0418/281/0"}, "leaf": false, "n_nets": 1}