{"ari": {"min": 0.7443791627883911, "max": 0.8147794008255005, "mean": 0.7893714547157288, "dir": "snapshots/random_2d_ed/1210/58/0"}, "miou": {"min": 0.3739162087440491, "max": 0.46409985423088074, "mean": 0.41493611931800845, "dir": "snapshots/random_2d_ed/1210/58/0"}, "accuracy": {"min": 0.902983546257019, "max": 0.9268600940704346, "mean": 0.916789448261261, "dir": "snapshots/random_2d_ed/1210/58/0"}, "n_params": {"min": 30084549, "max": 30084549, "mean": 30084549.0, "dir": "snapshots/random_2d_ed/1210/58/1"}, "leaf": false, "n_nets": 5}