{"ari": {"min": 0.8287860155105591, "max": 0.8295567631721497, "mean": 0.8291713893413544, "dir": "snapshots/random_hybrid_3d/0424/52/1"}, "miou": {"min": 0.6211504936218262, "max": 0.6228299736976624, "mean": 0.6219902336597443, "dir": "snapshots/random_hybrid_3d/0424/52/1"}, "accuracy": {"min": 0.9365740418434143, "max": 0.9370788931846619, "mean": 0.9368264675140381, "dir": "snapshots/random_hybrid_3d/0424/52/1"}, "n_params": {"min": 3182123, "max": 3182123, "mean": 3182123.0, "dir": "snapshots/random_hybrid_3d/0424/52/0"}, "leaf": false, "n_nets": 2}