{"ari": {"min": 0.10606541484594345, "max": 0.10606541484594345, "mean": 0.10606541484594345, "dir": "snapshots/random_2d_ed_dense/0503/209/0"}, "miou": {"min": 0.12092840671539307, "max": 0.12092840671539307, "mean": 0.12092840671539307, "dir": "snapshots/random_2d_ed_dense/0503/209/0"}, "accuracy": {"min": 0.43174901604652405, "max": 0.43174901604652405, "mean": 0.43174901604652405, "dir": "snapshots/random_2d_ed_dense/0503/209/0"}, "n_params": {"min": 4325959, "max": 4325959, "mean": 4325959.0, "dir": "snapshots/random_2d_ed_dense/0503/209/0"}, "leaf": false, "n_nets": 1}