{"ari": {"min": 0.7836845517158508, "max": 0.8406288623809814, "mean": 0.8260241160790126, "dir": "snapshots/weight_volume/1210/001/1"}, "miou": {"min": 0.4113563597202301, "max": 0.6145207285881042, "mean": 0.532271538178126, "dir": "snapshots/weight_volume/1210/001/1"}, "accuracy": {"min": 0.9156959652900696, "max": 0.9409635066986084, "mean": 0.9341713935136795, "dir": "snapshots/weight_volume/1210/001/1"}, "n_params": {"min": 31030983, "max": 31030983, "mean": 31030983.0, "dir": "snapshots/weight_volume/1210/0/0"}, "leaf": false, "n_nets": 60}