{"leaf": true, "dir": "snapshots/random_2d_ed/1210/74/1", "n_nets": 1, "name": "RandomUnet2D_74_4", "ari": [0.765476644039154], "miou": [0.43678632378578186], "accuracy": [0.9164621829986572], "n_params": [49953371], "n_iterations": 49000}