{"leaf": true, "dir": "snapshots/random_2d_ed_dense/0410/20/0", "n_nets": 1, "name": "RandomUnet2D_20_1", "ari": [0.8068187832832336], "miou": [0.5355685949325562], "accuracy": [0.9250442385673523], "n_params": [3278069], "n_iterations": 125000}