{"ari": {"min": 0.6949568390846252, "max": 0.6949568390846252, "mean": 0.6949568390846252, "dir": "snapshots/random_2d_ed_dense/0410/253/0"}, "miou": {"min": 0.2996726632118225, "max": 0.2996726632118225, "mean": 0.2996726632118225, "dir": "snapshots/random_2d_ed_dense/0410/253/0"}, "accuracy": {"min": 0.8808899521827698, "max": 0.8808899521827698, "mean": 0.8808899521827698, "dir": "snapshots/random_2d_ed_dense/0410/253/0"}, "n_params": {"min": 3976644, "max": 3976644, "mean": 3976644.0, "dir": "snapshots/random_2d_ed_dense/0410/253/0"}, "leaf": false, "n_nets": 1}