{"ari": {"min": 0.10137224942445755, "max": 0.8428565263748169, "mean": 0.4721143878996372, "dir": "snapshots/random_hybrid_3d/0416/169/0"}, "miou": {"min": 0.19546328485012054, "max": 0.5349723100662231, "mean": 0.36521779745817184, "dir": "snapshots/random_hybrid_3d/0416/169/0"}, "accuracy": {"min": 0.630089521408081, "max": 0.9434745907783508, "mean": 0.7867820560932159, "dir": "snapshots/random_hybrid_3d/0416/169/0"}, "n_params": {"min": 70942, "max": 71089, "mean": 71015.5, "dir": "snapshots/random_hybrid_3d/0416/169/0"}, "leaf": false, "n_nets": 2}