{"ari": {"min": 0.8282822370529175, "max": 0.8311803936958313, "mean": 0.8297313153743744, "dir": "snapshots/random_hybrid_3d/0424/66/0"}, "miou": {"min": 0.6139936447143555, "max": 0.6183711886405945, "mean": 0.616182416677475, "dir": "snapshots/random_hybrid_3d/0424/66/1"}, "accuracy": {"min": 0.9363144636154175, "max": 0.9376735091209412, "mean": 0.9369939863681793, "dir": "snapshots/random_hybrid_3d/0424/66/0"}, "n_params": {"min": 9336592, "max": 9336592, "mean": 9336592.0, "dir": "snapshots/random_hybrid_3d/0424/66/0"}, "leaf": false, "n_nets": 2}