{"ari": {"min": 0.8284638524055481, "max": 0.8284655213356018, "mean": 0.828464686870575, "dir": "snapshots/random_hybrid_3d/0424/91/0"}, "miou": {"min": 0.5414596796035767, "max": 0.5636078715324402, "mean": 0.5525337755680084, "dir": "snapshots/random_hybrid_3d/0424/91/0"}, "accuracy": {"min": 0.9359937906265259, "max": 0.9368272423744202, "mean": 0.936410516500473, "dir": "snapshots/random_hybrid_3d/0424/91/0"}, "n_params": {"min": 5899697, "max": 5899697, "mean": 5899697.0, "dir": "snapshots/random_hybrid_3d/0424/91/0"}, "leaf": false, "n_nets": 2}