{"ari": {"min": 0.813555121421814, "max": 0.8216372132301331, "mean": 0.8175961673259735, "dir": "snapshots/random_2d_ed_dense/0410/252/1"}, "miou": {"min": 0.45998096466064453, "max": 0.5110763907432556, "mean": 0.4855286777019501, "dir": "snapshots/random_2d_ed_dense/0410/252/1"}, "accuracy": {"min": 0.9304126501083374, "max": 0.9332830309867859, "mean": 0.9318478405475616, "dir": "snapshots/random_2d_ed_dense/0410/252/1"}, "n_params": {"min": 4005266, "max": 4005266, "mean": 4005266.0, "dir": "snapshots/random_2d_ed_dense/0410/252/0"}, "leaf": false, "n_nets": 2}