{"ari": {"min": 0.6286221742630005, "max": 0.691893994808197, "mean": 0.6645830154418946, "dir": "snapshots/random_2d_ed/1210/30/2"}, "miou": {"min": 0.23721931874752045, "max": 0.33742132782936096, "mean": 0.2873876243829727, "dir": "snapshots/random_2d_ed/1210/30/2"}, "accuracy": {"min": 0.8561654090881348, "max": 0.8675098419189453, "mean": 0.8598101019859314, "dir": "snapshots/random_2d_ed/1210/30/4"}, "n_params": {"min": 456204, "max": 456204, "mean": 456204.0, "dir": "snapshots/random_2d_ed/1210/30/0"}, "leaf": false, "n_nets": 5}