{"ari": {"min": 0.6324955224990845, "max": 0.6324955224990845, "mean": 0.6324955224990845, "dir": "snapshots/random_2d_ed/1210/30/0"}, "miou": {"min": 0.2337462157011032, "max": 0.2337462157011032, "mean": 0.2337462157011032, "dir": "snapshots/random_2d_ed/1210/30/0"}, "accuracy": {"min": 0.860076904296875, "max": 0.860076904296875, "mean": 0.860076904296875, "dir": "snapshots/random_2d_ed/1210/30/0"}, "n_params": {"min": 456204, "max": 456204, "mean": 456204.0, "dir": "snapshots/random_2d_ed/1210/30/0"}, "leaf": false, "n_nets": 1}