{"ari": {"min": 0.6324955224990845, "max": 0.7133165001869202, "mean": 0.6673497915267944, "dir": "snapshots/random_2d_ed/1210/30/2"}, "miou": {"min": 0.2337462157011032, "max": 0.3636779487133026, "mean": 0.29188787043094633, "dir": "snapshots/random_2d_ed/1210/30/2"}, "accuracy": {"min": 0.8525661826133728, "max": 0.8719116449356079, "mean": 0.8624101042747497, "dir": "snapshots/random_2d_ed/1210/30/2"}, "n_params": {"min": 456204, "max": 456204, "mean": 456204.0, "dir": "snapshots/random_2d_ed/1210/30/0"}, "leaf": false, "n_nets": 5}