{"ari": {"min": 0.6324955224990845, "max": 0.707965612411499, "mean": 0.6710485458374024, "dir": "snapshots/random_2d_ed/1210/30/2"}, "miou": {"min": 0.2337462157011032, "max": 0.35484007000923157, "mean": 0.29078815281391146, "dir": "snapshots/random_2d_ed/1210/30/2"}, "accuracy": {"min": 0.8599859476089478, "max": 0.8675098419189453, "mean": 0.8641395092010498, "dir": "snapshots/random_2d_ed/1210/30/4"}, "n_params": {"min": 456204, "max": 456204, "mean": 456204.0, "dir": "snapshots/random_2d_ed/1210/30/0"}, "leaf": false, "n_nets": 5}