{"ari": {"min": 0.28610745072364807, "max": 0.6339789628982544, "mean": 0.516160124540329, "dir": "snapshots/random_2d_ed/1216/79/1"}, "miou": {"min": 0.12839531898498535, "max": 0.29440322518348694, "mean": 0.22366365492343904, "dir": "snapshots/random_2d_ed/1216/79/1"}, "accuracy": {"min": 0.4963356852531433, "max": 0.8871063590049744, "mean": 0.7939107418060303, "dir": "snapshots/random_2d_ed/1216/79/1"}, "n_params": {"min": 6818564, "max": 6818564, "mean": 6818564.0, "dir": "snapshots/random_2d_ed/1216/79/0"}, "leaf": false, "n_nets": 5}