{"ari": {"min": 0.8364827632904053, "max": 0.8387353420257568, "mean": 0.837609052658081, "dir": "snapshots/random_hybrid_3d/0416/137/0"}, "miou": {"min": 0.4865790009498596, "max": 0.565986156463623, "mean": 0.5262825787067413, "dir": "snapshots/random_hybrid_3d/0416/137/0"}, "accuracy": {"min": 0.9388337731361389, "max": 0.9415978193283081, "mean": 0.9402157962322235, "dir": "snapshots/random_hybrid_3d/0416/137/0"}, "n_params": {"min": 4324477, "max": 4325086, "mean": 4324781.5, "dir": "snapshots/random_hybrid_3d/0416/137/0"}, "leaf": false, "n_nets": 2}