{"ari": {"min": 0.822325587272644, "max": 0.8425772190093994, "mean": 0.8324514031410217, "dir": "snapshots/random_hybrid_3d/0416/223/1"}, "miou": {"min": 0.4357767403125763, "max": 0.511050283908844, "mean": 0.47341351211071014, "dir": "snapshots/random_hybrid_3d/0416/223/1"}, "accuracy": {"min": 0.9339824318885803, "max": 0.9430461525917053, "mean": 0.9385142922401428, "dir": "snapshots/random_hybrid_3d/0416/223/1"}, "n_params": {"min": 2195320, "max": 2195467, "mean": 2195393.5, "dir": "snapshots/random_hybrid_3d/0416/223/1"}, "leaf": false, "n_nets": 2}