{"ari": {"min": 0.8327135443687439, "max": 0.8405002951622009, "mean": 0.8366069197654724, "dir": "snapshots/random_hybrid_3d/0416/159/0"}, "miou": {"min": 0.42934703826904297, "max": 0.46331754326820374, "mean": 0.44633229076862335, "dir": "snapshots/random_hybrid_3d/0416/159/0"}, "accuracy": {"min": 0.936195433139801, "max": 0.9393604397773743, "mean": 0.9377779364585876, "dir": "snapshots/random_hybrid_3d/0416/159/0"}, "n_params": {"min": 29446131, "max": 29447622, "mean": 29446876.5, "dir": "snapshots/random_hybrid_3d/0416/159/1"}, "leaf": false, "n_nets": 2}