{"leaf": true, "dir": "snapshots/hybrid_3d_crf/0316/0/13", "n_nets": 1, "name": "Hybrid3DCRF_0_4", "ari": [0.8352592587471008], "miou": [0.6449856758117676], "accuracy": [0.9388715624809265], "n_params": [691951], "n_iterations": 32400}