{"leaf": true, "dir": "snapshots/random_2d_ed/1210/52/1", "n_nets": 1, "name": "RandomUnet2D_52_2", "ari": [0.7803812026977539], "miou": [0.5040286183357239], "accuracy": [0.9091264009475708], "n_params": [1145374], "n_iterations": 16000}