{"leaf": true, "dir": "snapshots/random_hybrid_3d/0424/162/0", "n_nets": 1, "name": "Hybrid3DCRF_162_0", "ari": [0.8306779861450195], "miou": [0.6186398267745972], "accuracy": [0.9375107288360596], "n_params": [54611], "n_iterations": 55200}