{"ari": {"min": 0.7414020895957947, "max": 0.7414020895957947, "mean": 0.7414020895957947, "dir": "snapshots/random_2d_ed_dense/0410/199/1"}, "miou": {"min": 0.40774956345558167, "max": 0.40774956345558167, "mean": 0.40774956345558167, "dir": "snapshots/random_2d_ed_dense/0410/199/1"}, "accuracy": {"min": 0.8902177214622498, "max": 0.8902177214622498, "mean": 0.8902177214622498, "dir": "snapshots/random_2d_ed_dense/0410/199/1"}, "n_params": {"min": 1595702, "max": 1595702, "mean": 1595702.0, "dir": "snapshots/random_2d_ed_dense/0410/199/1"}, "leaf": false, "n_nets": 1}