{"ari": {"min": -1.1597224389226158e-17, "max": -1.1597224389226158e-17, "mean": -1.1597224389226158e-17, "dir": "snapshots/random_2d_ed_dense/0503/27/0"}, "miou": {"min": 0.07505234330892563, "max": 0.07505234330892563, "mean": 0.07505234330892563, "dir": "snapshots/random_2d_ed_dense/0503/27/0"}, "accuracy": {"min": 0.4503140449523926, "max": 0.4503140449523926, "mean": 0.4503140449523926, "dir": "snapshots/random_2d_ed_dense/0503/27/0"}, "n_params": {"min": 2112714, "max": 2112714, "mean": 2112714.0, "dir": "snapshots/random_2d_ed_dense/0503/27/0"}, "leaf": false, "n_nets": 2}