{"ari": {"min": -8.059416722971946e-05, "max": 0.1984570175409317, "mean": 0.09918821168685099, "dir": "snapshots/random_2d_ed_dense/0503/81/1"}, "miou": {"min": 0.004009291995316744, "max": 0.12244584411382675, "mean": 0.06322756805457175, "dir": "snapshots/random_2d_ed_dense/0503/81/1"}, "accuracy": {"min": 0.02392422780394554, "max": 0.460005521774292, "mean": 0.24196487478911877, "dir": "snapshots/random_2d_ed_dense/0503/81/1"}, "n_params": {"min": 1366666, "max": 1366666, "mean": 1366666.0, "dir": "snapshots/random_2d_ed_dense/0503/81/1"}, "leaf": false, "n_nets": 2}