{"leaf": true, "dir": "snapshots/random_2d_ed/1210/47/1", "n_nets": 1, "name": "RandomUnet2D_47_1", "ari": [0.8165911436080933], "miou": [0.4583335518836975], "accuracy": [0.929004430770874], "n_params": [10285548], "n_iterations": 25000}