{"ari": {"min": 0.8280966877937317, "max": 0.82979416847229, "mean": 0.8289454281330109, "dir": "snapshots/random_hybrid_3d/0424/132/1"}, "miou": {"min": 0.6032384037971497, "max": 0.6181201934814453, "mean": 0.6106792986392975, "dir": "snapshots/random_hybrid_3d/0424/132/0"}, "accuracy": {"min": 0.936537504196167, "max": 0.9366529583930969, "mean": 0.936595231294632, "dir": "snapshots/random_hybrid_3d/0424/132/0"}, "n_params": {"min": 3280363, "max": 3281469, "mean": 3280916.0, "dir": "snapshots/random_hybrid_3d/0424/132/0"}, "leaf": false, "n_nets": 2}