{"leaf": true, "dir": "snapshots/random_2d_ed/1210/82/1", "n_nets": 1, "name": "RandomUnet2D_82_2", "ari": [0.8138584494590759], "miou": [0.5024043917655945], "accuracy": [0.9264340400695801], "n_params": [2127827], "n_iterations": 16000}