{"ari": {"min": 0.19514967501163483, "max": 0.7788475155830383, "mean": 0.4869985952973366, "dir": "snapshots/random_hybrid_3d/0416/285/0"}, "miou": {"min": 0.17045281827449799, "max": 0.422509104013443, "mean": 0.2964809611439705, "dir": "snapshots/random_hybrid_3d/0416/285/0"}, "accuracy": {"min": 0.6910624504089355, "max": 0.9238876104354858, "mean": 0.8074750304222107, "dir": "snapshots/random_hybrid_3d/0416/285/0"}, "n_params": {"min": 49849, "max": 49996, "mean": 49922.5, "dir": "snapshots/random_hybrid_3d/0416/285/1"}, "leaf": false, "n_nets": 2}