{"ari": {"min": 0.7590065598487854, "max": 0.8425676226615906, "mean": 0.800787091255188, "dir": "snapshots/random_hybrid_3d/0416/171/1"}, "miou": {"min": 0.298299640417099, "max": 0.5513758659362793, "mean": 0.42483775317668915, "dir": "snapshots/random_hybrid_3d/0416/171/1"}, "accuracy": {"min": 0.9096490144729614, "max": 0.9424566030502319, "mean": 0.9260528087615967, "dir": "snapshots/random_hybrid_3d/0416/171/1"}, "n_params": {"min": 8922749, "max": 8922749, "mean": 8922749.0, "dir": "snapshots/random_hybrid_3d/0416/171/1"}, "leaf": false, "n_nets": 2}