{"leaf": true, "dir": "snapshots/random_hybrid_3d/0424/259/0", "n_nets": 1, "name": "Hybrid3DCRF_259_0", "ari": [0.8293097019195557], "miou": [0.4908248484134674], "accuracy": [0.9368705153465271], "n_params": [664197], "n_iterations": 55200}