{"ari": {"min": 0.7461963295936584, "max": 0.822628915309906, "mean": 0.7844126224517822, "dir": "snapshots/random_2d_ed_dense/0503/110/0"}, "miou": {"min": 0.4746057093143463, "max": 0.6232650279998779, "mean": 0.5489353686571121, "dir": "snapshots/random_2d_ed_dense/0503/110/0"}, "accuracy": {"min": 0.8874491453170776, "max": 0.9331978559494019, "mean": 0.9103235006332397, "dir": "snapshots/random_2d_ed_dense/0503/110/0"}, "n_params": {"min": 14344497, "max": 14344497, "mean": 14344497.0, "dir": "snapshots/random_2d_ed_dense/0503/110/0"}, "leaf": false, "n_nets": 2}