{"ari": {"min": 0.6567741632461548, "max": 0.812681257724762, "mean": 0.7770143628120423, "dir": "snapshots/random_2d_ed/1210/78/3"}, "miou": {"min": 0.2937493920326233, "max": 0.5532119870185852, "mean": 0.46205291748046873, "dir": "snapshots/random_2d_ed/1210/78/3"}, "accuracy": {"min": 0.8434099555015564, "max": 0.9291942715644836, "mean": 0.9100451707839966, "dir": "snapshots/random_2d_ed/1210/78/3"}, "n_params": {"min": 35358173, "max": 35358173, "mean": 35358173.0, "dir": "snapshots/random_2d_ed/1210/78/0"}, "leaf": false, "n_nets": 5}