{"leaf": true, "dir": "snapshots/random_hybrid_3d/0416/231/0", "n_nets": 1, "name": "Hybrid3DCRF_231_1", "ari": [0.8414730429649353], "miou": [0.5044857859611511], "accuracy": [0.941534698009491], "n_params": [12248737], "n_iterations": 368}