{"ari": {"min": 0.8291766047477722, "max": 0.8303782939910889, "mean": 0.8297774493694305, "dir": "snapshots/random_hybrid_3d/0424/120/1"}, "miou": {"min": 0.5651496052742004, "max": 0.6225946545600891, "mean": 0.5938721299171448, "dir": "snapshots/random_hybrid_3d/0424/120/1"}, "accuracy": {"min": 0.9365541934967041, "max": 0.9372875094413757, "mean": 0.9369208514690399, "dir": "snapshots/random_hybrid_3d/0424/120/1"}, "n_params": {"min": 647110, "max": 647110, "mean": 647110.0, "dir": "snapshots/random_hybrid_3d/0424/120/1"}, "leaf": false, "n_nets": 2}