{"ari": {"min": 0.8290188312530518, "max": 0.8297944068908691, "mean": 0.8294066190719604, "dir": "snapshots/random_hybrid_3d/0424/120/1"}, "miou": {"min": 0.5662817358970642, "max": 0.622527539730072, "mean": 0.5944046378135681, "dir": "snapshots/random_hybrid_3d/0424/120/1"}, "accuracy": {"min": 0.9366714954376221, "max": 0.9371373653411865, "mean": 0.9369044303894043, "dir": "snapshots/random_hybrid_3d/0424/120/1"}, "n_params": {"min": 647110, "max": 647110, "mean": 647110.0, "dir": "snapshots/random_hybrid_3d/0424/120/1"}, "leaf": false, "n_nets": 2}