{"leaf": true, "dir": "snapshots/random_2d_ed/1216/21/0", "n_nets": 1, "name": "RandomUnet2D_21_0", "ari": [0.7558982372283936], "miou": [0.361996054649353], "accuracy": [0.889635443687439], "n_params": [2459732], "n_iterations": 66750}