{"leaf": true, "dir": "snapshots/random_2d_ed/1216/21/0", "n_nets": 1, "name": "RandomUnet2D_21_0", "ari": [0.7469878792762756], "miou": [0.33668142557144165], "accuracy": [0.885872483253479], "n_params": [2459732], "n_iterations": 13350}