{"ari": {"min": 0.8289716839790344, "max": 0.8292472958564758, "mean": 0.8291094899177551, "dir": "snapshots/random_hybrid_3d/0424/93/1"}, "miou": {"min": 0.6230674982070923, "max": 0.6306999921798706, "mean": 0.6268837451934814, "dir": "snapshots/random_hybrid_3d/0424/93/1"}, "accuracy": {"min": 0.9368981719017029, "max": 0.937308132648468, "mean": 0.9371031522750854, "dir": "snapshots/random_hybrid_3d/0424/93/1"}, "n_params": {"min": 156748, "max": 156748, "mean": 156748.0, "dir": "snapshots/random_hybrid_3d/0424/93/0"}, "leaf": false, "n_nets": 2}