{"leaf": true, "dir": "snapshots/random_hybrid_3d/0416/130/1", "n_nets": 1, "name": "Hybrid3DCRF_130_1", "ari": [0.8416815996170044], "miou": [0.572611391544342], "accuracy": [0.9425342679023743], "n_params": [2490352], "n_iterations": 368}