{"ari": {"min": 0.8288017511367798, "max": 0.8307015895843506, "mean": 0.8297516703605652, "dir": "snapshots/random_hybrid_3d/0424/228/0"}, "miou": {"min": 0.5458803772926331, "max": 0.6197777986526489, "mean": 0.582829087972641, "dir": "snapshots/random_hybrid_3d/0424/228/0"}, "accuracy": {"min": 0.9367891550064087, "max": 0.9374745488166809, "mean": 0.9371318519115448, "dir": "snapshots/random_hybrid_3d/0424/228/0"}, "n_params": {"min": 246956, "max": 246956, "mean": 246956.0, "dir": "snapshots/random_hybrid_3d/0424/228/0"}, "leaf": false, "n_nets": 2}