{"leaf": true, "dir": "snapshots/random_hybrid_3d/0424/226/0", "n_nets": 1, "name": "Hybrid3DCRF_226_0", "ari": [0.8147508502006531], "miou": [0.4663369953632355], "accuracy": [0.9300245642662048], "n_params": [80450185], "n_iterations": 55200}