{"ari": {"min": 0.759513795375824, "max": 0.8095111846923828, "mean": 0.7845124900341034, "dir": "snapshots/random_2d_ed_dense/0410/55/0"}, "miou": {"min": 0.4628995358943939, "max": 0.5630849599838257, "mean": 0.5129922479391098, "dir": "snapshots/random_2d_ed_dense/0410/55/0"}, "accuracy": {"min": 0.9050782322883606, "max": 0.9268043637275696, "mean": 0.9159412980079651, "dir": "snapshots/random_2d_ed_dense/0410/55/0"}, "n_params": {"min": 9710606, "max": 9710606, "mean": 9710606.0, "dir": "snapshots/random_2d_ed_dense/0410/55/0"}, "leaf": false, "n_nets": 2}