{"ari": {"min": 0.8173635601997375, "max": 0.8311619162559509, "mean": 0.8242627382278442, "dir": "snapshots/random_hybrid_3d/0424/70/0"}, "miou": {"min": 0.5445104837417603, "max": 0.6246817708015442, "mean": 0.5845961272716522, "dir": "snapshots/random_hybrid_3d/0424/70/0"}, "accuracy": {"min": 0.9302499890327454, "max": 0.9383376240730286, "mean": 0.934293806552887, "dir": "snapshots/random_hybrid_3d/0424/70/0"}, "n_params": {"min": 13040965, "max": 13043422, "mean": 13042193.5, "dir": "snapshots/random_hybrid_3d/0424/70/1"}, "leaf": false, "n_nets": 2}