{"ari": {"min": 0.28823137283325195, "max": 0.8150684237480164, "mean": 0.6841331124305725, "dir": "snapshots/random_2d_ed/1210/99/1"}, "miou": {"min": 0.13730488717556, "max": 0.4572880268096924, "mean": 0.3496218889951706, "dir": "snapshots/random_2d_ed/1210/99/1"}, "accuracy": {"min": 0.5011296272277832, "max": 0.9241706132888794, "mean": 0.8269833087921142, "dir": "snapshots/random_2d_ed/1210/99/1"}, "n_params": {"min": 2205043, "max": 2205043, "mean": 2205043.0, "dir": "snapshots/random_2d_ed/1210/99/0"}, "leaf": false, "n_nets": 5}