{"ari": {"min": 0.826642632484436, "max": 0.8395198583602905, "mean": 0.8330812454223633, "dir": "snapshots/random_hybrid_3d/0416/62/0"}, "miou": {"min": 0.44688138365745544, "max": 0.5705412030220032, "mean": 0.5087112933397293, "dir": "snapshots/random_hybrid_3d/0416/62/0"}, "accuracy": {"min": 0.9353319406509399, "max": 0.9422099590301514, "mean": 0.9387709498405457, "dir": "snapshots/random_hybrid_3d/0416/62/0"}, "n_params": {"min": 1342512, "max": 1342715, "mean": 1342613.5, "dir": "snapshots/random_hybrid_3d/0416/62/0"}, "leaf": false, "n_nets": 2}