{"ari": {"min": 0.758794903755188, "max": 0.8178982734680176, "mean": 0.7883465886116028, "dir": "snapshots/random_2d_ed_dense/0410/1/1"}, "miou": {"min": 0.45991250872612, "max": 0.6032578349113464, "mean": 0.5315851718187332, "dir": "snapshots/random_2d_ed_dense/0410/1/1"}, "accuracy": {"min": 0.8956905007362366, "max": 0.9310716986656189, "mean": 0.9133810997009277, "dir": "snapshots/random_2d_ed_dense/0410/1/1"}, "n_params": {"min": 10562616, "max": 10562616, "mean": 10562616.0, "dir": "snapshots/random_2d_ed_dense/0410/1/1"}, "leaf": false, "n_nets": 2}