{"ari": {"min": 0.8281789422035217, "max": 0.8281789422035217, "mean": 0.8281789422035217, "dir": "snapshots/random_hybrid_3d/0418/149/0"}, "miou": {"min": 0.6170977354049683, "max": 0.6170977354049683, "mean": 0.6170977354049683, "dir": "snapshots/random_hybrid_3d/0418/149/0"}, "accuracy": {"min": 0.9361141324043274, "max": 0.9361141324043274, "mean": 0.9361141324043274, "dir": "snapshots/random_hybrid_3d/0418/149/0"}, "n_params": {"min": 855609, "max": 855609, "mean": 855609.0, "dir": "snapshots/random_hybrid_3d/0418/149/0"}, "leaf": false, "n_nets": 1}