{"ari": {"min": 0.6443892121315002, "max": 0.7442069053649902, "mean": 0.7069364070892334, "dir": "snapshots/random_2d_ed/1210/25/0"}, "miou": {"min": 0.2538639008998871, "max": 0.38076114654541016, "mean": 0.3229317903518677, "dir": "snapshots/random_2d_ed/1210/25/0"}, "accuracy": {"min": 0.8596482872962952, "max": 0.8878157734870911, "mean": 0.8775365114212036, "dir": "snapshots/random_2d_ed/1210/25/0"}, "n_params": {"min": 436660, "max": 436660, "mean": 436660.0, "dir": "snapshots/random_2d_ed/1210/25/0"}, "leaf": false, "n_nets": 5}