{"leaf": true, "dir": "snapshots/random_2d_ed/1216/21/1", "n_nets": 1, "name": "RandomUnet2D_21_1", "ari": [0.7512223124504089], "miou": [0.3056885600090027], "accuracy": [0.8881740570068359], "n_params": [2459732], "n_iterations": 66750}