{"leaf": true, "dir": "snapshots/random_hybrid_3d/0424/40/1", "n_nets": 1, "name": "Hybrid3DCRF_40_1", "ari": [0.8295350670814514], "miou": [0.6278653740882874], "accuracy": [0.9372175931930542], "n_params": [1500397], "n_iterations": 55200}