{"leaf": true, "dir": "snapshots/random_hybrid_3d/0416/282/0", "n_nets": 1, "name": "Hybrid3DCRF_282_1", "ari": [0.8401526808738708], "miou": [0.5110529661178589], "accuracy": [0.9420192837715149], "n_params": [5560026], "n_iterations": 368}