{"ari": {"min": -6.765410968397707e-18, "max": 0.8420859575271606, "mean": 0.4210429787635803, "dir": "snapshots/random_hybrid_3d/0416/271/1"}, "miou": {"min": 0.06590643525123596, "max": 0.5105596780776978, "mean": 0.28823305666446686, "dir": "snapshots/random_hybrid_3d/0416/271/1"}, "accuracy": {"min": 0.46134504675865173, "max": 0.9428837299346924, "mean": 0.7021143883466721, "dir": "snapshots/random_hybrid_3d/0416/271/1"}, "n_params": {"min": 395114, "max": 395114, "mean": 395114.0, "dir": "snapshots/random_hybrid_3d/0416/271/0"}, "leaf": false, "n_nets": 2}