{"ari": {"min": 0.8319271802902222, "max": 0.8378729224205017, "mean": 0.8349000513553619, "dir": "snapshots/random_hybrid_3d/0416/163/1"}, "miou": {"min": 0.49583035707473755, "max": 0.581537127494812, "mean": 0.5386837422847748, "dir": "snapshots/random_hybrid_3d/0416/163/0"}, "accuracy": {"min": 0.9372538924217224, "max": 0.9410827159881592, "mean": 0.9391683042049408, "dir": "snapshots/random_hybrid_3d/0416/163/1"}, "n_params": {"min": 5917880, "max": 5917880, "mean": 5917880.0, "dir": "snapshots/random_hybrid_3d/0416/163/1"}, "leaf": false, "n_nets": 2}