{"ari": {"min": 0.8106112480163574, "max": 0.8225388526916504, "mean": 0.8165750503540039, "dir": "snapshots/random_2d_ed_dense/0410/146/0"}, "miou": {"min": 0.5004510283470154, "max": 0.5899204611778259, "mean": 0.5451857447624207, "dir": "snapshots/random_2d_ed_dense/0410/146/0"}, "accuracy": {"min": 0.9254439473152161, "max": 0.9328606724739075, "mean": 0.9291523098945618, "dir": "snapshots/random_2d_ed_dense/0410/146/0"}, "n_params": {"min": 2069525, "max": 2069525, "mean": 2069525.0, "dir": "snapshots/random_2d_ed_dense/0410/146/0"}, "leaf": false, "n_nets": 2}