{"ari": {"min": 0.8328695297241211, "max": 0.8437167406082153, "mean": 0.8382931351661682, "dir": "snapshots/random_hybrid_3d/0416/264/1"}, "miou": {"min": 0.48812976479530334, "max": 0.5506451725959778, "mean": 0.5193874686956406, "dir": "snapshots/random_hybrid_3d/0416/264/1"}, "accuracy": {"min": 0.937701404094696, "max": 0.9430550932884216, "mean": 0.9403782486915588, "dir": "snapshots/random_hybrid_3d/0416/264/1"}, "n_params": {"min": 11413941, "max": 11413941, "mean": 11413941.0, "dir": "snapshots/random_hybrid_3d/0416/264/1"}, "leaf": false, "n_nets": 2}