{"ari": {"min": 0.7087989449501038, "max": 0.7087989449501038, "mean": 0.7087989449501038, "dir": "snapshots/random_2d_ed/1210/33/0"}, "miou": {"min": 0.28248628973960876, "max": 0.28248628973960876, "mean": 0.28248628973960876, "dir": "snapshots/random_2d_ed/1210/33/0"}, "accuracy": {"min": 0.8755013346672058, "max": 0.8755013346672058, "mean": 0.8755013346672058, "dir": "snapshots/random_2d_ed/1210/33/0"}, "n_params": {"min": 44963904, "max": 44963904, "mean": 44963904.0, "dir": "snapshots/random_2d_ed/1210/33/0"}, "leaf": false, "n_nets": 1}