{"ari": {"min": 0.7783413529396057, "max": 0.8211989402770996, "mean": 0.804614782333374, "dir": "snapshots/random_2d_ed/1210/33/2"}, "miou": {"min": 0.4038608968257904, "max": 0.5109712481498718, "mean": 0.4661689519882202, "dir": "snapshots/random_2d_ed/1210/33/3"}, "accuracy": {"min": 0.9033361077308655, "max": 0.9318186640739441, "mean": 0.9224532842636108, "dir": "snapshots/random_2d_ed/1210/33/2"}, "n_params": {"min": 44963904, "max": 44963904, "mean": 44963904.0, "dir": "snapshots/random_2d_ed/1210/33/0"}, "leaf": false, "n_nets": 5}