{"ari": {"min": 0.8280715942382812, "max": 0.8317047953605652, "mean": 0.8298881947994232, "dir": "snapshots/random_hybrid_3d/0424/251/1"}, "miou": {"min": 0.5466042160987854, "max": 0.6238237023353577, "mean": 0.5852139592170715, "dir": "snapshots/random_hybrid_3d/0424/251/0"}, "accuracy": {"min": 0.9370032548904419, "max": 0.9381108283996582, "mean": 0.93755704164505, "dir": "snapshots/random_hybrid_3d/0424/251/1"}, "n_params": {"min": 1702692, "max": 1702692, "mean": 1702692.0, "dir": "snapshots/random_hybrid_3d/0424/251/1"}, "leaf": false, "n_nets": 2}