{"leaf": true, "dir": "snapshots/random_2d_ed/1210/50/2", "n_nets": 1, "name": "RandomUnet2D_50_2", "ari": [0.6697983741760254], "miou": [0.30236557126045227], "accuracy": [0.8796622157096863], "n_params": [32516923], "n_iterations": 49000}