{"ari": {"min": 0.708844780921936, "max": 0.8409726619720459, "mean": 0.774908721446991, "dir": "snapshots/random_hybrid_3d/0416/20/1"}, "miou": {"min": 0.2539925277233124, "max": 0.569329023361206, "mean": 0.4116607755422592, "dir": "snapshots/random_hybrid_3d/0416/20/1"}, "accuracy": {"min": 0.8940879106521606, "max": 0.9431977868080139, "mean": 0.9186428487300873, "dir": "snapshots/random_hybrid_3d/0416/20/1"}, "n_params": {"min": 18948643, "max": 18948643, "mean": 18948643.0, "dir": "snapshots/random_hybrid_3d/0416/20/0"}, "leaf": false, "n_nets": 2}