{"leaf": true, "dir": "snapshots/random_hybrid_3d/0424/246/1", "n_nets": 1, "name": "Hybrid3DCRF_246_0", "ari": [0.8308613896369934], "miou": [0.6199676394462585], "accuracy": [0.9374999403953552], "n_params": [22183], "n_iterations": 55200}