{"leaf": true, "dir": "snapshots/random_2d_ed/1216/53/3", "n_nets": 1, "name": "RandomUnet2D_53_2", "ari": [0.4749729335308075], "miou": [0.21112607419490814], "accuracy": [0.8512538075447083], "n_params": [98298755], "n_iterations": 34176}