{"leaf": true, "dir": "snapshots/random_2d_ed/1210/24/1", "n_nets": 1, "name": "RandomUnet2D_24_1", "ari": [0.6457568407058716], "miou": [0.23647768795490265], "accuracy": [0.8650029897689819], "n_params": [658000], "n_iterations": 8800}