{"leaf": true, "dir": "snapshots/random_2d_ed/1210/29/2", "n_nets": 1, "name": "RandomUnet2D_29_1", "ari": [0.7998173236846924], "miou": [0.49993687868118286], "accuracy": [0.9189195036888123], "n_params": [1002928], "n_iterations": 16000}