{"ari": {"min": 0.8248438239097595, "max": 0.8374402523040771, "mean": 0.8311420381069183, "dir": "snapshots/random_hybrid_3d/0416/142/1"}, "miou": {"min": 0.42323392629623413, "max": 0.4626309275627136, "mean": 0.4429324269294739, "dir": "snapshots/random_hybrid_3d/0416/142/0"}, "accuracy": {"min": 0.9341320395469666, "max": 0.9354375600814819, "mean": 0.9347847998142242, "dir": "snapshots/random_hybrid_3d/0416/142/1"}, "n_params": {"min": 4001676, "max": 4001823, "mean": 4001749.5, "dir": "snapshots/random_hybrid_3d/0416/142/0"}, "leaf": false, "n_nets": 2}