{"ari": {"min": 0.5880658626556396, "max": 0.7981335520744324, "mean": 0.6823349833488465, "dir": "snapshots/random_2d_ed/1216/16/3"}, "miou": {"min": 0.20293766260147095, "max": 0.5631791949272156, "mean": 0.3208048552274704, "dir": "snapshots/random_2d_ed/1216/16/3"}, "accuracy": {"min": 0.8328726291656494, "max": 0.9133212566375732, "mean": 0.8687981128692627, "dir": "snapshots/random_2d_ed/1216/16/3"}, "n_params": {"min": 2729279, "max": 2729279, "mean": 2729279.0, "dir": "snapshots/random_2d_ed/1216/16/0"}, "leaf": false, "n_nets": 5}