{"ari": {"min": 0.6330797672271729, "max": 0.8000152111053467, "mean": 0.7237213651339213, "dir": "snapshots/random_2d_ed/1216/14/1"}, "miou": {"min": 0.2424246221780777, "max": 0.4546259045600891, "mean": 0.33149129649003345, "dir": "snapshots/random_2d_ed/1216/14/1"}, "accuracy": {"min": 0.8532148003578186, "max": 0.9108413457870483, "mean": 0.8835834662119547, "dir": "snapshots/random_2d_ed/1216/14/1"}, "n_params": {"min": 7185509, "max": 7185509, "mean": 7185509.0, "dir": "snapshots/random_2d_ed/1216/14/1"}, "leaf": false, "n_nets": 3}