{"ari": {"min": 0.6330797672271729, "max": 0.8022797107696533, "mean": 0.7244761983553568, "dir": "snapshots/random_2d_ed/1216/14/1"}, "miou": {"min": 0.2424246221780777, "max": 0.4565831124782562, "mean": 0.3321436991294225, "dir": "snapshots/random_2d_ed/1216/14/1"}, "accuracy": {"min": 0.8532148003578186, "max": 0.9126110672950745, "mean": 0.8841733733812968, "dir": "snapshots/random_2d_ed/1216/14/1"}, "n_params": {"min": 7185509, "max": 7185509, "mean": 7185509.0, "dir": "snapshots/random_2d_ed/1216/14/1"}, "leaf": false, "n_nets": 3}