{"leaf": true, "dir": "snapshots/random_2d_ed_dense/0410/262/0", "n_nets": 1, "name": "RandomUnet2D_262_0", "ari": [0.679038941860199], "miou": [0.25913384556770325], "accuracy": [0.8676515221595764], "n_params": [11941521], "n_iterations": 19800}