{"ari": {"min": 0.8277021646499634, "max": 0.830286979675293, "mean": 0.8289945721626282, "dir": "snapshots/random_hybrid_3d/0424/280/1"}, "miou": {"min": 0.6164482235908508, "max": 0.6211981177330017, "mean": 0.6188231706619263, "dir": "snapshots/random_hybrid_3d/0424/280/1"}, "accuracy": {"min": 0.9369034767150879, "max": 0.9371697902679443, "mean": 0.9370366334915161, "dir": "snapshots/random_hybrid_3d/0424/280/1"}, "n_params": {"min": 12195780, "max": 12197012, "mean": 12196396.0, "dir": "snapshots/random_hybrid_3d/0424/280/1"}, "leaf": false, "n_nets": 2}