{"ari": {"min": 0.8169189691543579, "max": 0.8276063799858093, "mean": 0.8222626745700836, "dir": "snapshots/random_hybrid_3d/0424/237/0"}, "miou": {"min": 0.4744841754436493, "max": 0.6171623468399048, "mean": 0.545823261141777, "dir": "snapshots/random_hybrid_3d/0424/237/0"}, "accuracy": {"min": 0.9311152696609497, "max": 0.9368166327476501, "mean": 0.9339659512042999, "dir": "snapshots/random_hybrid_3d/0424/237/0"}, "n_params": {"min": 2420873, "max": 2422035, "mean": 2421454.0, "dir": "snapshots/random_hybrid_3d/0424/237/1"}, "leaf": false, "n_nets": 2}