{"ari": {"min": 0.7928181886672974, "max": 0.8415911197662354, "mean": 0.8172046542167664, "dir": "snapshots/random_hybrid_3d/0416/149/0"}, "miou": {"min": 0.39173266291618347, "max": 0.5890210866928101, "mean": 0.49037687480449677, "dir": "snapshots/random_hybrid_3d/0416/149/0"}, "accuracy": {"min": 0.9259048700332642, "max": 0.9427791833877563, "mean": 0.9343420267105103, "dir": "snapshots/random_hybrid_3d/0416/149/0"}, "n_params": {"min": 855609, "max": 857541, "mean": 856575.0, "dir": "snapshots/random_hybrid_3d/0416/149/0"}, "leaf": false, "n_nets": 2}