{"ari": {"min": 0.5078799724578857, "max": 0.5231817960739136, "mean": 0.5155308842658997, "dir": "snapshots/random_2d_ed_dense/0503/172/1"}, "miou": {"min": 0.21923649311065674, "max": 0.2225569635629654, "mean": 0.22089672833681107, "dir": "snapshots/random_2d_ed_dense/0503/172/0"}, "accuracy": {"min": 0.5735283493995667, "max": 0.6206495761871338, "mean": 0.5970889627933502, "dir": "snapshots/random_2d_ed_dense/0503/172/0"}, "n_params": {"min": 2702511, "max": 2702511, "mean": 2702511.0, "dir": "snapshots/random_2d_ed_dense/0503/172/0"}, "leaf": false, "n_nets": 2}