{"leaf": true, "dir": "snapshots/hybrid_3d_crf/0316/0/1", "n_nets": 1, "name": "Hybrid3DCRF_0_3", "ari": [0.8357491493225098], "miou": [0.6441628336906433], "accuracy": [0.9391240477561951], "n_params": [691951], "n_iterations": 32400}