{"ari": {"min": -0.0021583279594779015, "max": 0.0009430485661141574, "mean": -0.000607639696681872, "dir": "snapshots/random_2d_ed_dense/0410/46/0"}, "miou": {"min": 0.06543440371751785, "max": 0.06913383305072784, "mean": 0.06728411838412285, "dir": "snapshots/random_2d_ed_dense/0410/46/1"}, "accuracy": {"min": 0.45658761262893677, "max": 0.4577350318431854, "mean": 0.4571613222360611, "dir": "snapshots/random_2d_ed_dense/0410/46/1"}, "n_params": {"min": 3269626, "max": 3269626, "mean": 3269626.0, "dir": "snapshots/random_2d_ed_dense/0410/46/0"}, "leaf": false, "n_nets": 2}