{"ari": {"min": 0.2028939127922058, "max": 0.590928852558136, "mean": 0.3969113826751709, "dir": "snapshots/random_2d_ed_dense/0410/63/0"}, "miou": {"min": 0.14397916197776794, "max": 0.22926534712314606, "mean": 0.186622254550457, "dir": "snapshots/random_2d_ed_dense/0410/63/0"}, "accuracy": {"min": 0.5971593260765076, "max": 0.8510577082633972, "mean": 0.7241085171699524, "dir": "snapshots/random_2d_ed_dense/0410/63/0"}, "n_params": {"min": 52600, "max": 52600, "mean": 52600.0, "dir": "snapshots/random_2d_ed_dense/0410/63/1"}, "leaf": false, "n_nets": 2}