{"ari": {"min": 0.8291921019554138, "max": 0.830414354801178, "mean": 0.8298032283782959, "dir": "snapshots/random_hybrid_3d/0424/83/1"}, "miou": {"min": 0.5441465973854065, "max": 0.622431218624115, "mean": 0.5832889080047607, "dir": "snapshots/random_hybrid_3d/0424/83/0"}, "accuracy": {"min": 0.936572253704071, "max": 0.9372321963310242, "mean": 0.9369022250175476, "dir": "snapshots/random_hybrid_3d/0424/83/1"}, "n_params": {"min": 283956, "max": 283956, "mean": 283956.0, "dir": "snapshots/random_hybrid_3d/0424/83/0"}, "leaf": false, "n_nets": 2}