{"ari": {"min": 0.7986142635345459, "max": 0.8140802979469299, "mean": 0.8063472807407379, "dir": "snapshots/random_2d_ed_dense/0410/18/1"}, "miou": {"min": 0.4433355927467346, "max": 0.4595993459224701, "mean": 0.45146746933460236, "dir": "snapshots/random_2d_ed_dense/0410/18/1"}, "accuracy": {"min": 0.9233375191688538, "max": 0.9313009977340698, "mean": 0.9273192584514618, "dir": "snapshots/random_2d_ed_dense/0410/18/1"}, "n_params": {"min": 6170724, "max": 6170724, "mean": 6170724.0, "dir": "snapshots/random_2d_ed_dense/0410/18/0"}, "leaf": false, "n_nets": 2}