{"ari": {"min": 0.7617219090461731, "max": 0.7617219090461731, "mean": 0.7617219090461731, "dir": "snapshots/random_2d_ed_dense/0503/254/0"}, "miou": {"min": 0.5189079642295837, "max": 0.5189079642295837, "mean": 0.5189079642295837, "dir": "snapshots/random_2d_ed_dense/0503/254/0"}, "accuracy": {"min": 0.8988205790519714, "max": 0.8988205790519714, "mean": 0.8988205790519714, "dir": "snapshots/random_2d_ed_dense/0503/254/0"}, "n_params": {"min": 1071662, "max": 1071662, "mean": 1071662.0, "dir": "snapshots/random_2d_ed_dense/0503/254/0"}, "leaf": false, "n_nets": 1}