{"ari": {"min": 0.8325470685958862, "max": 0.8325470685958862, "mean": 0.8325470685958862, "dir": "snapshots/random_hybrid_3d/0418/81/0"}, "miou": {"min": 0.5479955673217773, "max": 0.5479955673217773, "mean": 0.5479955673217773, "dir": "snapshots/random_hybrid_3d/0418/81/0"}, "accuracy": {"min": 0.9378990530967712, "max": 0.9378990530967712, "mean": 0.9378990530967712, "dir": "snapshots/random_hybrid_3d/0418/81/0"}, "n_params": {"min": 1494523, "max": 1494523, "mean": 1494523.0, "dir": "snapshots/random_hybrid_3d/0418/81/0"}, "leaf": false, "n_nets": 1}