{"ari": {"min": 0.8284053206443787, "max": 0.8288862705230713, "mean": 0.828645795583725, "dir": "snapshots/random_hybrid_3d/0424/184/1"}, "miou": {"min": 0.6173978447914124, "max": 0.622115433216095, "mean": 0.6197566390037537, "dir": "snapshots/random_hybrid_3d/0424/184/0"}, "accuracy": {"min": 0.9367856979370117, "max": 0.9369441866874695, "mean": 0.9368649423122406, "dir": "snapshots/random_hybrid_3d/0424/184/1"}, "n_params": {"min": 2276535, "max": 2276535, "mean": 2276535.0, "dir": "snapshots/random_hybrid_3d/0424/184/1"}, "leaf": false, "n_nets": 2}