{"ari": {"min": 0.8283014297485352, "max": 0.836309552192688, "mean": 0.8323054909706116, "dir": "snapshots/random_hybrid_3d/0416/25/1"}, "miou": {"min": 0.43763214349746704, "max": 0.5077218413352966, "mean": 0.47267699241638184, "dir": "snapshots/random_hybrid_3d/0416/25/1"}, "accuracy": {"min": 0.9369620680809021, "max": 0.9415217638015747, "mean": 0.9392419159412384, "dir": "snapshots/random_hybrid_3d/0416/25/1"}, "n_params": {"min": 28884245, "max": 28884245, "mean": 28884245.0, "dir": "snapshots/random_hybrid_3d/0416/25/0"}, "leaf": false, "n_nets": 2}