{"ari": {"min": 0.7391961216926575, "max": 0.808770477771759, "mean": 0.767011821269989, "dir": "snapshots/random_2d_ed/1210/72/2"}, "miou": {"min": 0.31228309869766235, "max": 0.45130619406700134, "mean": 0.3513865113258362, "dir": "snapshots/random_2d_ed/1210/72/2"}, "accuracy": {"min": 0.8839558362960815, "max": 0.9220370054244995, "mean": 0.9040027856826782, "dir": "snapshots/random_2d_ed/1210/72/2"}, "n_params": {"min": 2208110, "max": 2208110, "mean": 2208110.0, "dir": "snapshots/random_2d_ed/1210/72/0"}, "leaf": false, "n_nets": 5}