{"ari": {"min": 0.7304454445838928, "max": 0.8063653111457825, "mean": 0.7648823261260986, "dir": "snapshots/random_2d_ed/1210/72/2"}, "miou": {"min": 0.311345636844635, "max": 0.4639531970024109, "mean": 0.3540928721427917, "dir": "snapshots/random_2d_ed/1210/72/2"}, "accuracy": {"min": 0.8774989247322083, "max": 0.9236090779304504, "mean": 0.903580391407013, "dir": "snapshots/random_2d_ed/1210/72/2"}, "n_params": {"min": 2208110, "max": 2208110, "mean": 2208110.0, "dir": "snapshots/random_2d_ed/1210/72/0"}, "leaf": false, "n_nets": 5}