{"leaf": true, "dir": "snapshots/random_2d_ed_dense/0410/235/0", "n_nets": 1, "name": "RandomUnet2D_235_0", "ari": [0.7430897355079651], "miou": [0.4428037106990814], "accuracy": [0.8875871300697327], "n_params": [895974], "n_iterations": 80000}