{"ari": {"min": 0.2073097974061966, "max": 0.27805089950561523, "mean": 0.24268034845590591, "dir": "snapshots/random_2d_ed_dense/0503/10/1"}, "miou": {"min": 0.12228640913963318, "max": 0.1444983035326004, "mean": 0.1333923563361168, "dir": "snapshots/random_2d_ed_dense/0503/10/0"}, "accuracy": {"min": 0.4367640018463135, "max": 0.5363380908966064, "mean": 0.48655104637145996, "dir": "snapshots/random_2d_ed_dense/0503/10/0"}, "n_params": {"min": 2428633, "max": 2428633, "mean": 2428633.0, "dir": "snapshots/random_2d_ed_dense/0503/10/0"}, "leaf": false, "n_nets": 2}