{"leaf": true, "dir": "snapshots/random_hybrid_3d/0416/249/0", "n_nets": 1, "name": "Hybrid3DCRF_249_1", "ari": [0.836581826210022], "miou": [0.43161049485206604], "accuracy": [0.9372263550758362], "n_params": [1083895], "n_iterations": 368}