{"ari": {"min": 0.22631818056106567, "max": 0.6717073917388916, "mean": 0.5356420040130615, "dir": "snapshots/random_2d_ed/1216/55/4"}, "miou": {"min": 0.17135575413703918, "max": 0.29149866104125977, "mean": 0.23605342507362365, "dir": "snapshots/random_2d_ed/1216/55/4"}, "accuracy": {"min": 0.6826659440994263, "max": 0.8591835498809814, "mean": 0.8079845070838928, "dir": "snapshots/random_2d_ed/1216/55/4"}, "n_params": {"min": 40497, "max": 40497, "mean": 40497.0, "dir": "snapshots/random_2d_ed/1216/55/0"}, "leaf": false, "n_nets": 5}