{"ari": {"min": 0.0006283638649620116, "max": 0.019302524626255035, "mean": 0.009965444245608523, "dir": "snapshots/random_2d_ed_dense/0503/135/0"}, "miou": {"min": 0.01834304817020893, "max": 0.07739026844501495, "mean": 0.04786665830761194, "dir": "snapshots/random_2d_ed_dense/0503/135/1"}, "accuracy": {"min": 0.07017297297716141, "max": 0.45964571833610535, "mean": 0.2649093456566334, "dir": "snapshots/random_2d_ed_dense/0503/135/1"}, "n_params": {"min": 12239062, "max": 12239062, "mean": 12239062.0, "dir": "snapshots/random_2d_ed_dense/0503/135/0"}, "leaf": false, "n_nets": 2}