{"leaf": true, "dir": "snapshots/random_hybrid_3d/0416/113/0", "n_nets": 1, "name": "Hybrid3DCRF_113_0", "ari": [0.8365511298179626], "miou": [0.5291123986244202], "accuracy": [0.9401481747627258], "n_params": [130893], "n_iterations": 368}