{"ari": {"min": 0.8936408758163452, "max": 0.8963413834571838, "mean": 0.8949952244758606, "dir": "snapshots/multi_binary/1221/0/1"}, "miou": {"min": 0.946811318397522, "max": 0.9481625556945801, "mean": 0.9474802732467651, "dir": "snapshots/multi_binary/1221/0/1"}, "accuracy": {"min": 0.972778856754303, "max": 0.9734900593757629, "mean": 0.9731318831443787, "dir": "snapshots/multi_binary/1221/0/1"}, "n_params": {"min": 31030658, "max": 31030658, "mean": 31030658.0, "dir": "snapshots/multi_binary/1221/0/0"}, "leaf": false, "n_nets": 5}