{"ari": {"min": 0.025768158957362175, "max": 0.025768158957362175, "mean": 0.025768158957362175, "dir": "snapshots/random_hybrid_3d/0416/73/0"}, "miou": {"min": 0.11647864431142807, "max": 0.11647864431142807, "mean": 0.11647864431142807, "dir": "snapshots/random_hybrid_3d/0416/73/0"}, "accuracy": {"min": 0.47801798582077026, "max": 0.47801798582077026, "mean": 0.47801798582077026, "dir": "snapshots/random_hybrid_3d/0416/73/0"}, "n_params": {"min": 29349, "max": 29349, "mean": 29349.0, "dir": "snapshots/random_hybrid_3d/0416/73/0"}, "leaf": false, "n_nets": 1}