{"ari": {"min": 0.025768158957362175, "max": 0.8416827917098999, "mean": 0.43372547533363104, "dir": "snapshots/random_hybrid_3d/0416/73/1"}, "miou": {"min": 0.11647864431142807, "max": 0.4637118875980377, "mean": 0.2900952659547329, "dir": "snapshots/random_hybrid_3d/0416/73/1"}, "accuracy": {"min": 0.47801798582077026, "max": 0.9371982216835022, "mean": 0.7076081037521362, "dir": "snapshots/random_hybrid_3d/0416/73/1"}, "n_params": {"min": 29349, "max": 29349, "mean": 29349.0, "dir": "snapshots/random_hybrid_3d/0416/73/0"}, "leaf": false, "n_nets": 2}