{"ari": {"min": 0.7816013097763062, "max": 0.8144757747650146, "mean": 0.7980385422706604, "dir": "snapshots/random_2d_ed_dense/0503/19/0"}, "miou": {"min": 0.4794646203517914, "max": 0.5216704607009888, "mean": 0.5005675405263901, "dir": "snapshots/random_2d_ed_dense/0503/19/0"}, "accuracy": {"min": 0.9160218834877014, "max": 0.9266189336776733, "mean": 0.9213204085826874, "dir": "snapshots/random_2d_ed_dense/0503/19/0"}, "n_params": {"min": 9027313, "max": 9027313, "mean": 9027313.0, "dir": "snapshots/random_2d_ed_dense/0503/19/0"}, "leaf": false, "n_nets": 2}