{"leaf": true, "dir": "snapshots/random_2d_ed/1210/9/3", "n_nets": 1, "name": "RandomUnet2D_9_3", "ari": [0.6685757040977478], "miou": [0.3279304504394531], "accuracy": [0.8856406807899475], "n_params": [167629255], "n_iterations": 41650}