{"ari": {"min": 0.6498203873634338, "max": 0.7823086380958557, "mean": 0.7256563186645508, "dir": "snapshots/random_2d_ed/1210/44/2"}, "miou": {"min": 0.28951600193977356, "max": 0.4486734867095947, "mean": 0.3680348575115204, "dir": "snapshots/random_2d_ed/1210/44/2"}, "accuracy": {"min": 0.8625794053077698, "max": 0.9088097810745239, "mean": 0.8852030634880066, "dir": "snapshots/random_2d_ed/1210/44/2"}, "n_params": {"min": 1626124, "max": 1626124, "mean": 1626124.0, "dir": "snapshots/random_2d_ed/1210/44/0"}, "leaf": false, "n_nets": 5}