{"ari": {"min": 0.8289530277252197, "max": 0.8306199908256531, "mean": 0.8297865092754364, "dir": "snapshots/random_hybrid_3d/0424/99/0"}, "miou": {"min": 0.5418593883514404, "max": 0.5453607439994812, "mean": 0.5436100661754608, "dir": "snapshots/random_hybrid_3d/0424/99/0"}, "accuracy": {"min": 0.9367413520812988, "max": 0.9373021125793457, "mean": 0.9370217323303223, "dir": "snapshots/random_hybrid_3d/0424/99/0"}, "n_params": {"min": 626374, "max": 626374, "mean": 626374.0, "dir": "snapshots/random_hybrid_3d/0424/99/0"}, "leaf": false, "n_nets": 2}