{"ari": {"min": 0.6917529106140137, "max": 0.7318628430366516, "mean": 0.7118078768253326, "dir": "snapshots/random_2d_ed_dense/0503/36/0"}, "miou": {"min": 0.3768819272518158, "max": 0.3951212465763092, "mean": 0.3860015869140625, "dir": "snapshots/random_2d_ed_dense/0503/36/0"}, "accuracy": {"min": 0.8571861386299133, "max": 0.885163426399231, "mean": 0.8711747825145721, "dir": "snapshots/random_2d_ed_dense/0503/36/0"}, "n_params": {"min": 115201, "max": 115201, "mean": 115201.0, "dir": "snapshots/random_2d_ed_dense/0503/36/0"}, "leaf": false, "n_nets": 2}