{"leaf": true, "dir": "snapshots/random_hybrid_3d/0416/275/0", "n_nets": 1, "name": "Hybrid3DCRF_275_1", "ari": [0.8410791754722595], "miou": [0.5177673697471619], "accuracy": [0.9429920315742493], "n_params": [4765353], "n_iterations": 368}