{"ari": {"min": 0.7880361676216125, "max": 0.8394044637680054, "mean": 0.813720315694809, "dir": "snapshots/random_hybrid_3d/0416/202/1"}, "miou": {"min": 0.3404720723628998, "max": 0.5558030009269714, "mean": 0.4481375366449356, "dir": "snapshots/random_hybrid_3d/0416/202/1"}, "accuracy": {"min": 0.9202330708503723, "max": 0.9425572156906128, "mean": 0.9313951432704926, "dir": "snapshots/random_hybrid_3d/0416/202/1"}, "n_params": {"min": 34029, "max": 34029, "mean": 34029.0, "dir": "snapshots/random_hybrid_3d/0416/202/0"}, "leaf": false, "n_nets": 2}