{"ari": {"min": 0.8387168645858765, "max": 0.8406149744987488, "mean": 0.8396659195423126, "dir": "snapshots/random_hybrid_3d/0416/195/0"}, "miou": {"min": 0.42162635922431946, "max": 0.5645638704299927, "mean": 0.49309511482715607, "dir": "snapshots/random_hybrid_3d/0416/195/0"}, "accuracy": {"min": 0.9355583190917969, "max": 0.9428134560585022, "mean": 0.9391858875751495, "dir": "snapshots/random_hybrid_3d/0416/195/0"}, "n_params": {"min": 3202425, "max": 3202943, "mean": 3202684.0, "dir": "snapshots/random_hybrid_3d/0416/195/1"}, "leaf": false, "n_nets": 2}