{"leaf": true, "dir": "snapshots/random_2d_ed_dense/0503/155/0", "n_nets": 1, "name": "RandomUnet2D_155_1", "ari": [0.5594916343688965], "miou": [0.25269967317581177], "accuracy": [0.714913547039032], "n_params": [5269586], "n_iterations": 19800}