{"leaf": true, "dir": "snapshots/random_2d_ed/1210/21/3", "n_nets": 1, "name": "RandomUnet2D_21_1", "ari": [0.7875709533691406], "miou": [0.37913087010383606], "accuracy": [0.9079867601394653], "n_params": [3965798], "n_iterations": 16000}