{"leaf": true, "dir": "snapshots/random_hybrid_3d/0418/8/0", "n_nets": 1, "name": "Hybrid3DCRF_8_1", "ari": [0.8289593458175659], "miou": [0.6226029396057129], "accuracy": [0.9367581009864807], "n_params": [4351631], "n_iterations": 55200}