{"ari": {"min": 0.7790217995643616, "max": 0.8292869329452515, "mean": 0.8041543662548065, "dir": "snapshots/random_hybrid_3d/0424/188/0"}, "miou": {"min": 0.34153223037719727, "max": 0.6217244267463684, "mean": 0.48162832856178284, "dir": "snapshots/random_hybrid_3d/0424/188/0"}, "accuracy": {"min": 0.9133261442184448, "max": 0.9367791414260864, "mean": 0.9250526428222656, "dir": "snapshots/random_hybrid_3d/0424/188/0"}, "n_params": {"min": 226309, "max": 226309, "mean": 226309.0, "dir": "snapshots/random_hybrid_3d/0424/188/0"}, "leaf": false, "n_nets": 2}