{"ari": {"min": 0.8289586305618286, "max": 0.8291656374931335, "mean": 0.8290621340274811, "dir": "snapshots/random_hybrid_3d/0424/193/0"}, "miou": {"min": 0.6021099090576172, "max": 0.6211115717887878, "mean": 0.6116107404232025, "dir": "snapshots/random_hybrid_3d/0424/193/0"}, "accuracy": {"min": 0.93674236536026, "max": 0.936768114566803, "mean": 0.9367552399635315, "dir": "snapshots/random_hybrid_3d/0424/193/1"}, "n_params": {"min": 8780958, "max": 8780958, "mean": 8780958.0, "dir": "snapshots/random_hybrid_3d/0424/193/0"}, "leaf": false, "n_nets": 2}