{"ari": {"min": 0.8303158283233643, "max": 0.831179141998291, "mean": 0.8307474851608276, "dir": "snapshots/random_hybrid_3d/0424/273/0"}, "miou": {"min": 0.6200665235519409, "max": 0.6209012269973755, "mean": 0.6204838752746582, "dir": "snapshots/random_hybrid_3d/0424/273/0"}, "accuracy": {"min": 0.9374327063560486, "max": 0.9374980926513672, "mean": 0.9374653995037079, "dir": "snapshots/random_hybrid_3d/0424/273/1"}, "n_params": {"min": 2011942, "max": 2011942, "mean": 2011942.0, "dir": "snapshots/random_hybrid_3d/0424/273/0"}, "leaf": false, "n_nets": 2}