{"ari": {"min": -6.765410968397707e-18, "max": 0.8263059258460999, "mean": 0.4131529629230499, "dir": "snapshots/random_hybrid_3d/0416/138/1"}, "miou": {"min": 0.06590643525123596, "max": 0.42989879846572876, "mean": 0.24790261685848236, "dir": "snapshots/random_hybrid_3d/0416/138/1"}, "accuracy": {"min": 0.46134504675865173, "max": 0.9340994358062744, "mean": 0.6977222412824631, "dir": "snapshots/random_hybrid_3d/0416/138/1"}, "n_params": {"min": 925408, "max": 925408, "mean": 925408.0, "dir": "snapshots/random_hybrid_3d/0416/138/1"}, "leaf": false, "n_nets": 2}