{"ari": {"min": 0.8282127976417542, "max": 0.8288425207138062, "mean": 0.8285276591777802, "dir": "snapshots/random_hybrid_3d/0418/15/0"}, "miou": {"min": 0.5442090630531311, "max": 0.615660548210144, "mean": 0.5799348056316376, "dir": "snapshots/random_hybrid_3d/0418/15/0"}, "accuracy": {"min": 0.9365062713623047, "max": 0.9368363618850708, "mean": 0.9366713166236877, "dir": "snapshots/random_hybrid_3d/0418/15/0"}, "n_params": {"min": 3824392, "max": 3824539, "mean": 3824465.5, "dir": "snapshots/random_hybrid_3d/0418/15/0"}, "leaf": false, "n_nets": 2}