{"leaf": true, "dir": "snapshots/random_hybrid_3d/0416/223/1", "n_nets": 1, "name": "Hybrid3DCRF_223_1", "ari": [0.8425772190093994], "miou": [0.511050283908844], "accuracy": [0.9430461525917053], "n_params": [2195467], "n_iterations": 368}