{"ari": {"min": 9.201557961220492e-18, "max": 0.8436732888221741, "mean": 0.42183664441108704, "dir": "snapshots/random_hybrid_3d/0416/200/1"}, "miou": {"min": 0.0661250427365303, "max": 0.5667403936386108, "mean": 0.31643271818757057, "dir": "snapshots/random_hybrid_3d/0416/200/1"}, "accuracy": {"min": 0.46287527680397034, "max": 0.9437960386276245, "mean": 0.7033356577157974, "dir": "snapshots/random_hybrid_3d/0416/200/1"}, "n_params": {"min": 2341987, "max": 2343779, "mean": 2342883.0, "dir": "snapshots/random_hybrid_3d/0416/200/1"}, "leaf": false, "n_nets": 2}