{"ari": {"min": 0.8288494348526001, "max": 0.8288494348526001, "mean": 0.8288494348526001, "dir": "snapshots/random_hybrid_3d/0418/292/0"}, "miou": {"min": 0.6116734743118286, "max": 0.6116734743118286, "mean": 0.6116734743118286, "dir": "snapshots/random_hybrid_3d/0418/292/0"}, "accuracy": {"min": 0.9372683167457581, "max": 0.9372683167457581, "mean": 0.9372683167457581, "dir": "snapshots/random_hybrid_3d/0418/292/0"}, "n_params": {"min": 1668515, "max": 1668515, "mean": 1668515.0, "dir": "snapshots/random_hybrid_3d/0418/292/0"}, "leaf": false, "n_nets": 1}