{"ari": {"min": 0.3909872770309448, "max": 0.74704909324646, "mean": 0.6301884531974793, "dir": "snapshots/random_2d_ed/1210/15/4"}, "miou": {"min": 0.13037945330142975, "max": 0.41925349831581116, "mean": 0.2943051427602768, "dir": "snapshots/random_2d_ed/1210/15/3"}, "accuracy": {"min": 0.44257262349128723, "max": 0.8906476497650146, "mean": 0.7826722085475921, "dir": "snapshots/random_2d_ed/1210/15/4"}, "n_params": {"min": 1183171, "max": 1183171, "mean": 1183171.0, "dir": "snapshots/random_2d_ed/1210/15/0"}, "leaf": false, "n_nets": 5}