{"ari": {"min": 0.828088104724884, "max": 0.8285831809043884, "mean": 0.8283356428146362, "dir": "snapshots/random_hybrid_3d/0424/257/1"}, "miou": {"min": 0.490888386964798, "max": 0.5861059427261353, "mean": 0.5384971648454666, "dir": "snapshots/random_hybrid_3d/0424/257/1"}, "accuracy": {"min": 0.9364586472511292, "max": 0.9364894032478333, "mean": 0.9364740252494812, "dir": "snapshots/random_hybrid_3d/0424/257/0"}, "n_params": {"min": 443109, "max": 443109, "mean": 443109.0, "dir": "snapshots/random_hybrid_3d/0424/257/1"}, "leaf": false, "n_nets": 2}