{"leaf": true, "dir": "snapshots/random_hybrid_3d/0424/90/0", "n_nets": 1, "name": "Hybrid3DCRF_90_0", "ari": [0.829859733581543], "miou": [0.6196361184120178], "accuracy": [0.9373294115066528], "n_params": [1401041], "n_iterations": 55200}