{"ari": {"min": 0.7809922099113464, "max": 0.8293833136558533, "mean": 0.8051877617835999, "dir": "snapshots/random_hybrid_3d/0424/191/1"}, "miou": {"min": 0.3273455500602722, "max": 0.6027055382728577, "mean": 0.46502554416656494, "dir": "snapshots/random_hybrid_3d/0424/191/1"}, "accuracy": {"min": 0.9145922064781189, "max": 0.937150239944458, "mean": 0.9258712232112885, "dir": "snapshots/random_hybrid_3d/0424/191/1"}, "n_params": {"min": 255800, "max": 255800, "mean": 255800.0, "dir": "snapshots/random_hybrid_3d/0424/191/0"}, "leaf": false, "n_nets": 2}