{"ari": {"min": 0.7202273607254028, "max": 0.84007328748703, "mean": 0.7801503241062164, "dir": "snapshots/random_hybrid_3d/0416/71/1"}, "miou": {"min": 0.32391229271888733, "max": 0.5056690573692322, "mean": 0.41479067504405975, "dir": "snapshots/random_hybrid_3d/0416/71/1"}, "accuracy": {"min": 0.8992372751235962, "max": 0.9416565299034119, "mean": 0.920446902513504, "dir": "snapshots/random_hybrid_3d/0416/71/1"}, "n_params": {"min": 1796525, "max": 1796861, "mean": 1796693.0, "dir": "snapshots/random_hybrid_3d/0416/71/0"}, "leaf": false, "n_nets": 2}