{"ari": {"min": 0.8293352127075195, "max": 0.82991623878479, "mean": 0.8296257257461548, "dir": "snapshots/random_hybrid_3d/0424/19/1"}, "miou": {"min": 0.6235040426254272, "max": 0.6240273118019104, "mean": 0.6237656772136688, "dir": "snapshots/random_hybrid_3d/0424/19/0"}, "accuracy": {"min": 0.9368590712547302, "max": 0.9370676279067993, "mean": 0.9369633495807648, "dir": "snapshots/random_hybrid_3d/0424/19/1"}, "n_params": {"min": 642435, "max": 642435, "mean": 642435.0, "dir": "snapshots/random_hybrid_3d/0424/19/0"}, "leaf": false, "n_nets": 2}