{"leaf": true, "dir": "snapshots/hybrid_3d_crf/0319/0/12", "n_nets": 1, "name": "Hybrid3DCRF_0_10", "ari": [0.8375752568244934], "miou": [0.643440842628479], "accuracy": [0.9395895600318909], "n_params": [691951], "n_iterations": 32400}