{"leaf": true, "dir": "snapshots/random_hybrid_3d/0424/33/1", "n_nets": 1, "name": "Hybrid3DCRF_33_1", "ari": [0.8296604752540588], "miou": [0.6177219152450562], "accuracy": [0.9372168183326721], "n_params": [1958829], "n_iterations": 55200}