{"leaf": true, "dir": "snapshots/random_2d_ed/1210/67/3", "n_nets": 1, "name": "RandomUnet2D_67_4", "ari": [4.129743048743456e-18], "miou": [0.06909491866827011], "accuracy": [0.4836644232273102], "n_params": [16138544], "n_iterations": 13750}