{"ari": {"min": 0.8193210959434509, "max": 0.8193210959434509, "mean": 0.8193210959434509, "dir": "snapshots/random_hybrid_3d/0418/41/0"}, "miou": {"min": 0.5567349195480347, "max": 0.5567349195480347, "mean": 0.5567349195480347, "dir": "snapshots/random_hybrid_3d/0418/41/0"}, "accuracy": {"min": 0.9314287304878235, "max": 0.9314287304878235, "mean": 0.9314287304878235, "dir": "snapshots/random_hybrid_3d/0418/41/0"}, "n_params": {"min": 12327, "max": 12327, "mean": 12327.0, "dir": "snapshots/random_hybrid_3d/0418/41/0"}, "leaf": false, "n_nets": 1}