{"ari": {"min": 0.8184816837310791, "max": 0.8184816837310791, "mean": 0.8184816837310791, "dir": "snapshots/random_hybrid_3d/0418/41/0"}, "miou": {"min": 0.5581148266792297, "max": 0.5581148266792297, "mean": 0.5581148266792297, "dir": "snapshots/random_hybrid_3d/0418/41/0"}, "accuracy": {"min": 0.9313421249389648, "max": 0.9313421249389648, "mean": 0.9313421249389648, "dir": "snapshots/random_hybrid_3d/0418/41/0"}, "n_params": {"min": 12327, "max": 12327, "mean": 12327.0, "dir": "snapshots/random_hybrid_3d/0418/41/0"}, "leaf": false, "n_nets": 1}