{"leaf": true, "dir": "snapshots/random_2d_ed_dense/0503/73/0", "n_nets": 1, "name": "RandomUnet2D_73_0", "ari": [0.8119378089904785], "miou": [0.4835139513015747], "accuracy": [0.9289910197257996], "n_params": [19969290], "n_iterations": 125000}