{"ari": {"min": 0.829804003238678, "max": 0.8404029607772827, "mean": 0.8351034820079803, "dir": "snapshots/random_hybrid_3d/0416/196/1"}, "miou": {"min": 0.40950360894203186, "max": 0.5094395875930786, "mean": 0.45947159826755524, "dir": "snapshots/random_hybrid_3d/0416/196/1"}, "accuracy": {"min": 0.9311280846595764, "max": 0.9417122006416321, "mean": 0.9364201426506042, "dir": "snapshots/random_hybrid_3d/0416/196/1"}, "n_params": {"min": 2288868, "max": 2289414, "mean": 2289141.0, "dir": "snapshots/random_hybrid_3d/0416/196/1"}, "leaf": false, "n_nets": 2}