{"ari": {"min": 0.0018344277050346136, "max": 0.6659934520721436, "mean": 0.3339139398885891, "dir": "snapshots/random_2d_ed_dense/0410/136/1"}, "miou": {"min": 0.06816266477108002, "max": 0.25016623735427856, "mean": 0.1591644510626793, "dir": "snapshots/random_2d_ed_dense/0410/136/1"}, "accuracy": {"min": 0.4616554379463196, "max": 0.8797928690910339, "mean": 0.6707241535186768, "dir": "snapshots/random_2d_ed_dense/0410/136/1"}, "n_params": {"min": 5498341, "max": 5498341, "mean": 5498341.0, "dir": "snapshots/random_2d_ed_dense/0410/136/0"}, "leaf": false, "n_nets": 2}