{"leaf": true, "dir": "snapshots/random_hybrid_3d/0424/171/0", "n_nets": 1, "name": "Hybrid3DCRF_171_0", "ari": [0.8290830850601196], "miou": [0.6139949560165405], "accuracy": [0.9374772906303406], "n_params": [4973216], "n_iterations": 55200}