{"ari": {"min": 0.671777069568634, "max": 0.7534925937652588, "mean": 0.7141539216041565, "dir": "snapshots/random_2d_ed/1210/91/1"}, "miou": {"min": 0.3298535943031311, "max": 0.4336770474910736, "mean": 0.37512091398239134, "dir": "snapshots/random_2d_ed/1210/91/2"}, "accuracy": {"min": 0.8485941886901855, "max": 0.8908536434173584, "mean": 0.8720781445503235, "dir": "snapshots/random_2d_ed/1210/91/1"}, "n_params": {"min": 1446587, "max": 1446587, "mean": 1446587.0, "dir": "snapshots/random_2d_ed/1210/91/0"}, "leaf": false, "n_nets": 5}