{"ari": {"min": 0.6891306638717651, "max": 0.8199681043624878, "mean": 0.7506444901227951, "dir": "snapshots/random_2d_ed/1216/12/1"}, "miou": {"min": 0.27408933639526367, "max": 0.491970419883728, "mean": 0.37248995155096054, "dir": "snapshots/random_2d_ed/1216/12/1"}, "accuracy": {"min": 0.863738477230072, "max": 0.920420229434967, "mean": 0.8925404101610184, "dir": "snapshots/random_2d_ed/1216/12/1"}, "n_params": {"min": 4952380, "max": 4952380, "mean": 4952380.0, "dir": "snapshots/random_2d_ed/1216/12/0"}, "leaf": false, "n_nets": 4}