{"ari": {"min": 0.8402647972106934, "max": 0.8438972234725952, "mean": 0.8420810103416443, "dir": "snapshots/random_hybrid_3d/0416/111/1"}, "miou": {"min": 0.5693815350532532, "max": 0.6599216461181641, "mean": 0.6146515905857086, "dir": "snapshots/random_hybrid_3d/0416/111/1"}, "accuracy": {"min": 0.9426867365837097, "max": 0.9437131881713867, "mean": 0.9431999623775482, "dir": "snapshots/random_hybrid_3d/0416/111/1"}, "n_params": {"min": 20615, "max": 20762, "mean": 20688.5, "dir": "snapshots/random_hybrid_3d/0416/111/1"}, "leaf": false, "n_nets": 2}