{"ari": {"min": 0.82855224609375, "max": 0.8304405808448792, "mean": 0.8294964134693146, "dir": "snapshots/random_hybrid_3d/0424/262/0"}, "miou": {"min": 0.6146323084831238, "max": 0.6230542063713074, "mean": 0.6188432574272156, "dir": "snapshots/random_hybrid_3d/0424/262/0"}, "accuracy": {"min": 0.9365746378898621, "max": 0.9378413558006287, "mean": 0.9372079968452454, "dir": "snapshots/random_hybrid_3d/0424/262/0"}, "n_params": {"min": 3062461, "max": 3062461, "mean": 3062461.0, "dir": "snapshots/random_hybrid_3d/0424/262/0"}, "leaf": false, "n_nets": 2}