{"leaf": true, "dir": "snapshots/random_2d_ed_dense/0410/54/0", "n_nets": 1, "name": "RandomUnet2D_54_0", "ari": [0.8282412886619568], "miou": [0.5647489428520203], "accuracy": [0.9359033107757568], "n_params": [4935668], "n_iterations": 125000}