{"leaf": true, "dir": "snapshots/random_hybrid_3d/0416/284/0", "n_nets": 1, "name": "Hybrid3DCRF_284_0", "ari": [0.8287631273269653], "miou": [0.4242382347583771], "accuracy": [0.9341933727264404], "n_params": [762806], "n_iterations": 368}