{"leaf": true, "dir": "snapshots/random_hybrid_3d/0424/55/0", "n_nets": 1, "name": "Hybrid3DCRF_55_0", "ari": [0.8303206562995911], "miou": [0.6250177621841431], "accuracy": [0.937447726726532], "n_params": [824935], "n_iterations": 55200}