{"ari": {"min": -0.003130256198346615, "max": 0.0014026701683178544, "mean": -0.0008637930150143802, "dir": "snapshots/random_hybrid_3d/0416/67/1"}, "miou": {"min": 0.06734930723905563, "max": 0.08902357518672943, "mean": 0.07818644121289253, "dir": "snapshots/random_hybrid_3d/0416/67/1"}, "accuracy": {"min": 0.4661136865615845, "max": 0.5208549499511719, "mean": 0.4934843182563782, "dir": "snapshots/random_hybrid_3d/0416/67/1"}, "n_params": {"min": 2013277, "max": 2013424, "mean": 2013350.5, "dir": "snapshots/random_hybrid_3d/0416/67/0"}, "leaf": false, "n_nets": 2}