{"ari": {"min": 0.7257117033004761, "max": 0.8206323981285095, "mean": 0.7731720507144928, "dir": "snapshots/random_2d_ed_dense/0410/271/0"}, "miou": {"min": 0.3840549886226654, "max": 0.5281198620796204, "mean": 0.4560874253511429, "dir": "snapshots/random_2d_ed_dense/0410/271/0"}, "accuracy": {"min": 0.8765694499015808, "max": 0.9331969618797302, "mean": 0.9048832058906555, "dir": "snapshots/random_2d_ed_dense/0410/271/0"}, "n_params": {"min": 3860250, "max": 3860250, "mean": 3860250.0, "dir": "snapshots/random_2d_ed_dense/0410/271/1"}, "leaf": false, "n_nets": 2}