{"ari": {"min": 0.8282163143157959, "max": 0.8282591104507446, "mean": 0.8282377123832703, "dir": "snapshots/random_hybrid_3d/0424/21/1"}, "miou": {"min": 0.6213959455490112, "max": 0.6235787272453308, "mean": 0.622487336397171, "dir": "snapshots/random_hybrid_3d/0424/21/1"}, "accuracy": {"min": 0.9368049502372742, "max": 0.9368948340415955, "mean": 0.9368498921394348, "dir": "snapshots/random_hybrid_3d/0424/21/0"}, "n_params": {"min": 2640946, "max": 2641527, "mean": 2641236.5, "dir": "snapshots/random_hybrid_3d/0424/21/1"}, "leaf": false, "n_nets": 2}