{"ari": {"min": 0.7669761180877686, "max": 0.7800136208534241, "mean": 0.7734948694705963, "dir": "snapshots/random_2d_ed_dense/0503/199/0"}, "miou": {"min": 0.5516377091407776, "max": 0.5629317760467529, "mean": 0.5572847425937653, "dir": "snapshots/random_2d_ed_dense/0503/199/1"}, "accuracy": {"min": 0.9031022191047668, "max": 0.9072036743164062, "mean": 0.9051529467105865, "dir": "snapshots/random_2d_ed_dense/0503/199/0"}, "n_params": {"min": 1595649, "max": 1595649, "mean": 1595649.0, "dir": "snapshots/random_2d_ed_dense/0503/199/0"}, "leaf": false, "n_nets": 2}