{"leaf": true, "dir": "snapshots/random_hybrid_3d/0424/4/1", "n_nets": 1, "name": "Hybrid3DCRF_4_1", "ari": [0.8286247253417969], "miou": [0.6158502697944641], "accuracy": [0.9364049434661865], "n_params": [166721], "n_iterations": 55200}