{"ari": {"min": 0.7172372937202454, "max": 0.7172372937202454, "mean": 0.7172372937202454, "dir": "snapshots/random_2d_ed_dense/0503/198/1"}, "miou": {"min": 0.363180547952652, "max": 0.363180547952652, "mean": 0.363180547952652, "dir": "snapshots/random_2d_ed_dense/0503/198/1"}, "accuracy": {"min": 0.8852373361587524, "max": 0.8852373361587524, "mean": 0.8852373361587524, "dir": "snapshots/random_2d_ed_dense/0503/198/1"}, "n_params": {"min": 200766, "max": 200766, "mean": 200766.0, "dir": "snapshots/random_2d_ed_dense/0503/198/1"}, "leaf": false, "n_nets": 1}