{"leaf": true, "dir": "snapshots/random_2d_ed/1210/87/4", "n_nets": 1, "name": "RandomUnet2D_87_3", "ari": [0.807013750076294], "miou": [0.44692370295524597], "accuracy": [0.9226100444793701], "n_params": [81117998], "n_iterations": 25000}