{"leaf": true, "dir": "snapshots/random_2d_ed/1216/71/4", "n_nets": 1, "name": "RandomUnet2D_71_4", "ari": [0.6510859727859497], "miou": [0.20560428500175476], "accuracy": [0.8617403507232666], "n_params": [1227436], "n_iterations": 24475}