{"ari": {"min": 0.8297010064125061, "max": 0.8307312726974487, "mean": 0.8302161395549774, "dir": "snapshots/random_hybrid_3d/0424/261/1"}, "miou": {"min": 0.6124305129051208, "max": 0.6203510165214539, "mean": 0.6163907647132874, "dir": "snapshots/random_hybrid_3d/0424/261/0"}, "accuracy": {"min": 0.9372096657752991, "max": 0.9375403523445129, "mean": 0.937375009059906, "dir": "snapshots/random_hybrid_3d/0424/261/1"}, "n_params": {"min": 11529181, "max": 11530231, "mean": 11529706.0, "dir": "snapshots/random_hybrid_3d/0424/261/0"}, "leaf": false, "n_nets": 2}