{"leaf": true, "dir": "snapshots/random_hybrid_3d/0416/132/0", "n_nets": 1, "name": "Hybrid3DCRF_132_0", "ari": [-6.765410968397707e-18], "miou": [0.06590643525123596], "accuracy": [0.46134504675865173], "n_params": [78274], "n_iterations": 368}