{"leaf": true, "dir": "snapshots/random_hybrid_3d/0416/155/1", "n_nets": 1, "name": "Hybrid3DCRF_155_0", "ari": [0.8412430882453918], "miou": [0.45890817046165466], "accuracy": [0.9393726587295532], "n_params": [532644], "n_iterations": 368}