{"ari": {"min": 0.8288177251815796, "max": 0.8298082947731018, "mean": 0.8293130099773407, "dir": "snapshots/random_hybrid_3d/0424/208/0"}, "miou": {"min": 0.5406293869018555, "max": 0.5411902070045471, "mean": 0.5409097969532013, "dir": "snapshots/random_hybrid_3d/0424/208/0"}, "accuracy": {"min": 0.9365124106407166, "max": 0.9368703365325928, "mean": 0.9366913735866547, "dir": "snapshots/random_hybrid_3d/0424/208/0"}, "n_params": {"min": 60774, "max": 60774, "mean": 60774.0, "dir": "snapshots/random_hybrid_3d/0424/208/0"}, "leaf": false, "n_nets": 2}