{"leaf": true, "dir": "snapshots/random_2d_ed_dense/0503/90/0", "n_nets": 1, "name": "RandomUnet2D_90_0", "ari": [0.7065840363502502], "miou": [0.42086052894592285], "accuracy": [0.8648148775100708], "n_params": [1744499], "n_iterations": 80000}