{"ari": {"min": 0.48244065046310425, "max": 0.8392372131347656, "mean": 0.6608389317989349, "dir": "snapshots/random_hybrid_3d/0416/289/1"}, "miou": {"min": 0.2190554440021515, "max": 0.5031522512435913, "mean": 0.3611038476228714, "dir": "snapshots/random_hybrid_3d/0416/289/1"}, "accuracy": {"min": 0.8238250613212585, "max": 0.9418021440505981, "mean": 0.8828136026859283, "dir": "snapshots/random_hybrid_3d/0416/289/1"}, "n_params": {"min": 268282, "max": 268485, "mean": 268383.5, "dir": "snapshots/random_hybrid_3d/0416/289/1"}, "leaf": false, "n_nets": 2}