{"leaf": true, "dir": "snapshots/random_2d_ed/1216/73/4", "n_nets": 1, "name": "RandomUnet2D_73_4", "ari": [0.6036559343338013], "miou": [0.20283561944961548], "accuracy": [0.8369792699813843], "n_params": [784308], "n_iterations": 15664}