{"leaf": true, "dir": "snapshots/random_2d_ed_dense/0410/182/1", "n_nets": 1, "name": "RandomUnet2D_182_1", "ari": [2.8912789298471717e-18], "miou": [0.05922568961977959], "accuracy": [0.414579838514328], "n_params": [445115], "n_iterations": 8800}