{"ari": {"min": 0.8295331597328186, "max": 0.830104649066925, "mean": 0.8298189043998718, "dir": "snapshots/random_hybrid_3d/0424/25/0"}, "miou": {"min": 0.5446640849113464, "max": 0.6140478849411011, "mean": 0.5793559849262238, "dir": "snapshots/random_hybrid_3d/0424/25/0"}, "accuracy": {"min": 0.9366328716278076, "max": 0.9374986886978149, "mean": 0.9370657801628113, "dir": "snapshots/random_hybrid_3d/0424/25/0"}, "n_params": {"min": 2771783, "max": 2771783, "mean": 2771783.0, "dir": "snapshots/random_hybrid_3d/0424/25/0"}, "leaf": false, "n_nets": 2}