{"leaf": true, "dir": "snapshots/random_hybrid_3d/0418/18/0", "n_nets": 1, "name": "Hybrid3DCRF_18_1", "ari": [0.8303589820861816], "miou": [0.6251460909843445], "accuracy": [0.9375704526901245], "n_params": [190613], "n_iterations": 55200}