{"ari": {"min": 0.8291687965393066, "max": 0.8295848369598389, "mean": 0.8293768167495728, "dir": "snapshots/random_hybrid_3d/0424/89/0"}, "miou": {"min": 0.615418016910553, "max": 0.620333194732666, "mean": 0.6178756058216095, "dir": "snapshots/random_hybrid_3d/0424/89/1"}, "accuracy": {"min": 0.936735212802887, "max": 0.9367684721946716, "mean": 0.9367518424987793, "dir": "snapshots/random_hybrid_3d/0424/89/1"}, "n_params": {"min": 888796, "max": 888796, "mean": 888796.0, "dir": "snapshots/random_hybrid_3d/0424/89/0"}, "leaf": false, "n_nets": 2}