{"ari": {"min": 0.7836845517158508, "max": 0.820732831954956, "mean": 0.8116987109184265, "dir": "snapshots/weight_volume/1210/75/3"}, "miou": {"min": 0.46645188331604004, "max": 0.567511796951294, "mean": 0.5265107750892639, "dir": "snapshots/weight_volume/1210/75/2"}, "accuracy": {"min": 0.9156959652900696, "max": 0.931961715221405, "mean": 0.928432309627533, "dir": "snapshots/weight_volume/1210/75/3"}, "n_params": {"min": 31030983, "max": 31030983, "mean": 31030983.0, "dir": "snapshots/weight_volume/1210/75/0"}, "leaf": false, "n_nets": 5}