{"leaf": true, "dir": "snapshots/random_hybrid_3d/0424/105/0", "n_nets": 1, "name": "Hybrid3DCRF_105_0", "ari": [0.8303117752075195], "miou": [0.6236256957054138], "accuracy": [0.9376379251480103], "n_params": [2934926], "n_iterations": 55200}