{"leaf": true, "dir": "snapshots/random_2d_ed/1210/30/0", "n_nets": 1, "name": "RandomUnet2D_30_0", "ari": [0.6324955224990845], "miou": [0.2337462157011032], "accuracy": [0.860076904296875], "n_params": [456204], "n_iterations": 4000}