{"ari": {"min": 0.8056169152259827, "max": 0.8056169152259827, "mean": 0.8056169152259827, "dir": "snapshots/random_hybrid_3d/0416/72/0"}, "miou": {"min": 0.5750964879989624, "max": 0.5750964879989624, "mean": 0.5750964879989624, "dir": "snapshots/random_hybrid_3d/0416/72/0"}, "accuracy": {"min": 0.9249710440635681, "max": 0.9249710440635681, "mean": 0.9249710440635681, "dir": "snapshots/random_hybrid_3d/0416/72/0"}, "n_params": {"min": 568077, "max": 568077, "mean": 568077.0, "dir": "snapshots/random_hybrid_3d/0416/72/0"}, "leaf": false, "n_nets": 1}