{"ari": {"min": 0.8056169152259827, "max": 0.8402806520462036, "mean": 0.8229487836360931, "dir": "snapshots/random_hybrid_3d/0416/72/1"}, "miou": {"min": 0.570536732673645, "max": 0.5750964879989624, "mean": 0.5728166103363037, "dir": "snapshots/random_hybrid_3d/0416/72/0"}, "accuracy": {"min": 0.9249710440635681, "max": 0.9428967833518982, "mean": 0.9339339137077332, "dir": "snapshots/random_hybrid_3d/0416/72/1"}, "n_params": {"min": 568077, "max": 568224, "mean": 568150.5, "dir": "snapshots/random_hybrid_3d/0416/72/1"}, "leaf": false, "n_nets": 2}