{"ari": {"min": 0.034692417830228806, "max": 0.48157134652137756, "mean": 0.2581318821758032, "dir": "snapshots/random_2d_ed_dense/0410/82/0"}, "miou": {"min": 0.0952402874827385, "max": 0.10324738174676895, "mean": 0.09924383461475372, "dir": "snapshots/random_2d_ed_dense/0410/82/0"}, "accuracy": {"min": 0.37966233491897583, "max": 0.5274724364280701, "mean": 0.45356738567352295, "dir": "snapshots/random_2d_ed_dense/0410/82/1"}, "n_params": {"min": 1272904, "max": 1272904, "mean": 1272904.0, "dir": "snapshots/random_2d_ed_dense/0410/82/0"}, "leaf": false, "n_nets": 2}