{"leaf": true, "dir": "snapshots/random_hybrid_3d/0416/244/0", "n_nets": 1, "name": "Hybrid3DCRF_244_1", "ari": [0.8357352614402771], "miou": [0.45861315727233887], "accuracy": [0.9371225833892822], "n_params": [902114], "n_iterations": 368}