{"ari": {"min": 0.5961254239082336, "max": 0.7275421619415283, "mean": 0.658649230003357, "dir": "snapshots/random_2d_ed/1216/49/1"}, "miou": {"min": 0.2035951316356659, "max": 0.3392467498779297, "mean": 0.2692441433668137, "dir": "snapshots/random_2d_ed/1216/49/1"}, "accuracy": {"min": 0.8342025876045227, "max": 0.8726514577865601, "mean": 0.8538674950599671, "dir": "snapshots/random_2d_ed/1216/49/1"}, "n_params": {"min": 383782, "max": 383782, "mean": 383782.0, "dir": "snapshots/random_2d_ed/1216/49/0"}, "leaf": false, "n_nets": 5}