{"ari": {"min": 0.769815981388092, "max": 0.769815981388092, "mean": 0.769815981388092, "dir": "snapshots/unet/1212/0"}, "miou": {"min": 0.4304289221763611, "max": 0.4304289221763611, "mean": 0.4304289221763611, "dir": "snapshots/unet/1212/0"}, "accuracy": {"min": 0.906298816204071, "max": 0.906298816204071, "mean": 0.906298816204071, "dir": "snapshots/unet/1212/0"}, "n_params": {"min": 31030983, "max": 31030983, "mean": 31030983.0, "dir": "snapshots/unet/1212/0"}, "leaf": false, "n_nets": 1}