{"ari": {"min": 0.8282825946807861, "max": 0.8302772641181946, "mean": 0.8292799293994904, "dir": "snapshots/random_hybrid_3d/0424/170/1"}, "miou": {"min": 0.4901043474674225, "max": 0.6207879185676575, "mean": 0.55544613301754, "dir": "snapshots/random_hybrid_3d/0424/170/1"}, "accuracy": {"min": 0.9364337921142578, "max": 0.9374904632568359, "mean": 0.9369621276855469, "dir": "snapshots/random_hybrid_3d/0424/170/1"}, "n_params": {"min": 77454, "max": 77454, "mean": 77454.0, "dir": "snapshots/random_hybrid_3d/0424/170/0"}, "leaf": false, "n_nets": 2}