{"ari": {"min": 0.7167240381240845, "max": 0.830035388469696, "mean": 0.7733797132968903, "dir": "snapshots/random_hybrid_3d/0416/293/1"}, "miou": {"min": 0.2477354109287262, "max": 0.4357049763202667, "mean": 0.34172019362449646, "dir": "snapshots/random_hybrid_3d/0416/293/1"}, "accuracy": {"min": 0.8969787359237671, "max": 0.9360175728797913, "mean": 0.9164981544017792, "dir": "snapshots/random_hybrid_3d/0416/293/1"}, "n_params": {"min": 396782, "max": 397657, "mean": 397219.5, "dir": "snapshots/random_hybrid_3d/0416/293/1"}, "leaf": false, "n_nets": 2}