{"leaf": true, "dir": "snapshots/random_2d_ed/1210/48/0", "n_nets": 1, "name": "RandomUnet2D_48_2", "ari": [0.7577574849128723], "miou": [0.32368165254592896], "accuracy": [0.9082374572753906], "n_params": [15614745], "n_iterations": 25000}