{"ari": {"min": 0.14204932749271393, "max": 0.8149658441543579, "mean": 0.4785075858235359, "dir": "snapshots/random_hybrid_3d/0424/104/1"}, "miou": {"min": 0.3502834439277649, "max": 0.6214460730552673, "mean": 0.4858647584915161, "dir": "snapshots/random_hybrid_3d/0424/104/1"}, "accuracy": {"min": 0.5029314160346985, "max": 0.9332199692726135, "mean": 0.718075692653656, "dir": "snapshots/random_hybrid_3d/0424/104/1"}, "n_params": {"min": 3591, "max": 3591, "mean": 3591.0, "dir": "snapshots/random_hybrid_3d/0424/104/0"}, "leaf": false, "n_nets": 2}