{"leaf": true, "dir": "snapshots/random_hybrid_3d/0418/44/1", "n_nets": 1, "name": "Hybrid3DCRF_44_0", "ari": [0.8285164833068848], "miou": [0.49468183517456055], "accuracy": [0.9369800686836243], "n_params": [41963280], "n_iterations": 3680}