{"leaf": true, "dir": "snapshots/random_2d_ed/1210/34/3", "n_nets": 1, "name": "RandomUnet2D_34_3", "ari": [0.6882327795028687], "miou": [0.3172670006752014], "accuracy": [0.8643211126327515], "n_params": [176986], "n_iterations": 25000}