{"ari": {"min": 0.8330798745155334, "max": 0.8413994908332825, "mean": 0.837239682674408, "dir": "snapshots/random_hybrid_3d/0416/136/1"}, "miou": {"min": 0.4378027319908142, "max": 0.5098026394844055, "mean": 0.47380268573760986, "dir": "snapshots/random_hybrid_3d/0416/136/1"}, "accuracy": {"min": 0.9379368424415588, "max": 0.9426001310348511, "mean": 0.940268486738205, "dir": "snapshots/random_hybrid_3d/0416/136/1"}, "n_params": {"min": 2881624, "max": 2882254, "mean": 2881939.0, "dir": "snapshots/random_hybrid_3d/0416/136/1"}, "leaf": false, "n_nets": 2}