{"ari": {"min": 0.8284870386123657, "max": 0.8298282027244568, "mean": 0.8291576206684113, "dir": "snapshots/random_hybrid_3d/0424/87/0"}, "miou": {"min": 0.5664973855018616, "max": 0.6187232136726379, "mean": 0.5926102995872498, "dir": "snapshots/random_hybrid_3d/0424/87/0"}, "accuracy": {"min": 0.936314046382904, "max": 0.9369789361953735, "mean": 0.9366464912891388, "dir": "snapshots/random_hybrid_3d/0424/87/0"}, "n_params": {"min": 656807, "max": 657521, "mean": 657164.0, "dir": "snapshots/random_hybrid_3d/0424/87/1"}, "leaf": false, "n_nets": 2}