{"ari": {"min": 0.828046441078186, "max": 0.8304132223129272, "mean": 0.8292298316955566, "dir": "snapshots/random_hybrid_3d/0424/18/1"}, "miou": {"min": 0.6025957465171814, "max": 0.6183141469955444, "mean": 0.6104549467563629, "dir": "snapshots/random_hybrid_3d/0424/18/1"}, "accuracy": {"min": 0.9368993639945984, "max": 0.9377302527427673, "mean": 0.9373148083686829, "dir": "snapshots/random_hybrid_3d/0424/18/1"}, "n_params": {"min": 12403882, "max": 12403882, "mean": 12403882.0, "dir": "snapshots/random_hybrid_3d/0424/18/1"}, "leaf": false, "n_nets": 2}