{"ari": {"min": 0.8288043737411499, "max": 0.8295791745185852, "mean": 0.8291917741298676, "dir": "snapshots/random_hybrid_3d/0424/18/1"}, "miou": {"min": 0.6143065094947815, "max": 0.6213467717170715, "mean": 0.6178266406059265, "dir": "snapshots/random_hybrid_3d/0424/18/1"}, "accuracy": {"min": 0.9371848106384277, "max": 0.9377829432487488, "mean": 0.9374838769435883, "dir": "snapshots/random_hybrid_3d/0424/18/1"}, "n_params": {"min": 12403882, "max": 12403882, "mean": 12403882.0, "dir": "snapshots/random_hybrid_3d/0424/18/1"}, "leaf": false, "n_nets": 2}