{"leaf": true, "dir": "snapshots/random_2d_ed/1210/84/2", "n_nets": 1, "name": "RandomUnet2D_84_0", "ari": [0.6479377150535583], "miou": [0.2364712506532669], "accuracy": [0.8671598434448242], "n_params": [638789], "n_iterations": 8800}