{"ari": {"min": 0.2593664824962616, "max": 0.7052032947540283, "mean": 0.5782332837581634, "dir": "snapshots/random_2d_ed/1210/73/0"}, "miou": {"min": 0.1435817927122116, "max": 0.3378514349460602, "mean": 0.24851839542388915, "dir": "snapshots/random_2d_ed/1210/73/0"}, "accuracy": {"min": 0.6361541748046875, "max": 0.8699744939804077, "mean": 0.817585027217865, "dir": "snapshots/random_2d_ed/1210/73/0"}, "n_params": {"min": 849934, "max": 849934, "mean": 849934.0, "dir": "snapshots/random_2d_ed/1210/73/0"}, "leaf": false, "n_nets": 5}