{"leaf": true, "dir": "snapshots/random_hybrid_3d/0416/69/0", "n_nets": 1, "name": "Hybrid3DCRF_69_0", "ari": [0.845966100692749], "miou": [0.5829957723617554], "accuracy": [0.9446901679039001], "n_params": [45456], "n_iterations": 368}