{"leaf": true, "dir": "snapshots/random_2d_ed/1216/68/2", "n_nets": 1, "name": "RandomUnet2D_68_2", "ari": [0.7155769467353821], "miou": [0.36367207765579224], "accuracy": [0.8746753334999084], "n_params": [446595], "n_iterations": 42720}