{"leaf": true, "dir": "snapshots/hybrid_3d_crf/0318/0/11", "n_nets": 1, "name": "Hybrid3DCRF_0_5", "ari": [0.835777997970581], "miou": [0.6464566588401794], "accuracy": [0.9389795064926147], "n_params": [691951], "n_iterations": 32400}