{"ari": {"min": 0.829715371131897, "max": 0.8371365666389465, "mean": 0.8334259688854218, "dir": "snapshots/random_hybrid_3d/0416/114/0"}, "miou": {"min": 0.48137879371643066, "max": 0.508226752281189, "mean": 0.4948027729988098, "dir": "snapshots/random_hybrid_3d/0416/114/0"}, "accuracy": {"min": 0.9352020621299744, "max": 0.9412373304367065, "mean": 0.9382196962833405, "dir": "snapshots/random_hybrid_3d/0416/114/0"}, "n_params": {"min": 8074250, "max": 8074999, "mean": 8074624.5, "dir": "snapshots/random_hybrid_3d/0416/114/1"}, "leaf": false, "n_nets": 2}