{"ari": {"min": 0.840606689453125, "max": 0.841581404209137, "mean": 0.841094046831131, "dir": "snapshots/random_hybrid_3d/0416/107/0"}, "miou": {"min": 0.5098016262054443, "max": 0.6007476449012756, "mean": 0.55527463555336, "dir": "snapshots/random_hybrid_3d/0416/107/0"}, "accuracy": {"min": 0.9423369765281677, "max": 0.9426666498184204, "mean": 0.9425018131732941, "dir": "snapshots/random_hybrid_3d/0416/107/0"}, "n_params": {"min": 1920706, "max": 1920706, "mean": 1920706.0, "dir": "snapshots/random_hybrid_3d/0416/107/0"}, "leaf": false, "n_nets": 2}