{"leaf": true, "dir": "snapshots/random_hybrid_3d/0424/67/1", "n_nets": 1, "name": "Hybrid3DCRF_67_0", "ari": [0.828734278678894], "miou": [0.6221011281013489], "accuracy": [0.9367570281028748], "n_params": [59823], "n_iterations": 55200}