{"ari": {"min": 0.8340973854064941, "max": 0.8372808694839478, "mean": 0.835689127445221, "dir": "snapshots/random_hybrid_3d/0416/209/0"}, "miou": {"min": 0.41788578033447266, "max": 0.4196309447288513, "mean": 0.418758362531662, "dir": "snapshots/random_hybrid_3d/0416/209/1"}, "accuracy": {"min": 0.9344660639762878, "max": 0.9344775080680847, "mean": 0.9344717860221863, "dir": "snapshots/random_hybrid_3d/0416/209/0"}, "n_params": {"min": 76279, "max": 76279, "mean": 76279.0, "dir": "snapshots/random_hybrid_3d/0416/209/1"}, "leaf": false, "n_nets": 2}