{"ari": {"min": 0.6250473260879517, "max": 0.6875349879264832, "mean": 0.6562911570072174, "dir": "snapshots/random_2d_ed/0306/10"}, "miou": {"min": 0.2435414046049118, "max": 0.2602843642234802, "mean": 0.251912884414196, "dir": "snapshots/random_2d_ed/0310/5"}, "accuracy": {"min": 0.8586405515670776, "max": 0.8776976466178894, "mean": 0.8681690990924835, "dir": "snapshots/random_2d_ed/0306/10"}, "n_params": {"min": 275757, "max": 7767055, "mean": 4021406.0, "dir": "snapshots/random_2d_ed/0310/5"}, "leaf": false, "n_nets": 2}