{"ari": {"min": -5.007364969613845e-17, "max": 0.8245211243629456, "mean": 0.7089662483114892, "dir": "snapshots/random_2d_ed/1210/67/4"}, "miou": {"min": 0.06563176959753036, "max": 0.5916954874992371, "mean": 0.36157066321353015, "dir": "snapshots/random_2d_ed/1210/67/1"}, "accuracy": {"min": 0.44257262349128723, "max": 0.9338255524635315, "mean": 0.8824693316990008, "dir": "snapshots/random_2d_ed/1210/31/0"}, "n_params": {"min": 108011, "max": 209610976, "mean": 22275426.641541038, "dir": "snapshots/random_2d_ed/1210/46/0"}, "leaf": false, "n_nets": 597}