{"ari": {"min": -5.007364969613845e-17, "max": 0.8250678777694702, "mean": 0.7015949174823284, "dir": "snapshots/random_2d_ed/1216/39/1"}, "miou": {"min": 0.06563176959753036, "max": 0.5916954874992371, "mean": 0.3501284452937582, "dir": "snapshots/random_2d_ed/1210/67/1"}, "accuracy": {"min": 0.44257262349128723, "max": 0.9338255524635315, "mean": 0.8778183337212593, "dir": "snapshots/random_2d_ed/1210/31/0"}, "n_params": {"min": 40497, "max": 209610976, "mean": 15584155.14241486, "dir": "snapshots/random_2d_ed/1210/46/0"}, "leaf": false, "n_nets": 969}