{"leaf": true, "dir": "snapshots/random_hybrid_3d/0424/131/1", "n_nets": 1, "name": "Hybrid3DCRF_131_1", "ari": [0.8268980383872986], "miou": [0.5409932732582092], "accuracy": [0.9356241226196289], "n_params": [969307], "n_iterations": 55200}