{"ari": {"min": 0.8285287022590637, "max": 0.830449104309082, "mean": 0.8294889032840729, "dir": "snapshots/random_hybrid_3d/0424/211/0"}, "miou": {"min": 0.5423711538314819, "max": 0.6219431161880493, "mean": 0.5821571350097656, "dir": "snapshots/random_hybrid_3d/0424/211/1"}, "accuracy": {"min": 0.9367673993110657, "max": 0.9372344613075256, "mean": 0.9370009303092957, "dir": "snapshots/random_hybrid_3d/0424/211/0"}, "n_params": {"min": 62535, "max": 62535, "mean": 62535.0, "dir": "snapshots/random_hybrid_3d/0424/211/0"}, "leaf": false, "n_nets": 2}