{"ari": {"min": 0.5348270535469055, "max": 0.5348270535469055, "mean": 0.5348270535469055, "dir": "snapshots/random_2d_ed_dense/0503/190/1"}, "miou": {"min": 0.2589185833930969, "max": 0.2589185833930969, "mean": 0.2589185833930969, "dir": "snapshots/random_2d_ed_dense/0503/190/1"}, "accuracy": {"min": 0.7365910410881042, "max": 0.7365910410881042, "mean": 0.7365910410881042, "dir": "snapshots/random_2d_ed_dense/0503/190/1"}, "n_params": {"min": 54093, "max": 54093, "mean": 54093.0, "dir": "snapshots/random_2d_ed_dense/0503/190/1"}, "leaf": false, "n_nets": 1}