{"ari": {"min": 0.8288643956184387, "max": 0.8299455642700195, "mean": 0.8294049799442291, "dir": "snapshots/random_hybrid_3d/0424/250/1"}, "miou": {"min": 0.6203852891921997, "max": 0.6211026906967163, "mean": 0.620743989944458, "dir": "snapshots/random_hybrid_3d/0424/250/1"}, "accuracy": {"min": 0.9368298053741455, "max": 0.9370582699775696, "mean": 0.9369440376758575, "dir": "snapshots/random_hybrid_3d/0424/250/1"}, "n_params": {"min": 63077, "max": 63448, "mean": 63262.5, "dir": "snapshots/random_hybrid_3d/0424/250/1"}, "leaf": false, "n_nets": 2}