{"ari": {"min": 3.445969705012981e-18, "max": 0.8156701922416687, "mean": 0.6121145844459533, "dir": "snapshots/random_2d_ed/1210/81/1"}, "miou": {"min": 0.06940975040197372, "max": 0.420484334230423, "mean": 0.30430970042943956, "dir": "snapshots/random_2d_ed/1210/81/1"}, "accuracy": {"min": 0.4858682453632355, "max": 0.9264635443687439, "mean": 0.8214012682437897, "dir": "snapshots/random_2d_ed/1210/81/1"}, "n_params": {"min": 21764125, "max": 21764125, "mean": 21764125.0, "dir": "snapshots/random_2d_ed/1210/81/0"}, "leaf": false, "n_nets": 5}