{"ari": {"min": 0.8282212018966675, "max": 0.8295075297355652, "mean": 0.8288643658161163, "dir": "snapshots/random_hybrid_3d/0424/199/0"}, "miou": {"min": 0.6180621385574341, "max": 0.6194645166397095, "mean": 0.6187633275985718, "dir": "snapshots/random_hybrid_3d/0424/199/1"}, "accuracy": {"min": 0.9366095662117004, "max": 0.9368090629577637, "mean": 0.9367093145847321, "dir": "snapshots/random_hybrid_3d/0424/199/0"}, "n_params": {"min": 475327, "max": 477077, "mean": 476202.0, "dir": "snapshots/random_hybrid_3d/0424/199/0"}, "leaf": false, "n_nets": 2}