{"ari": {"min": 0.8193016648292542, "max": 0.8318967223167419, "mean": 0.825599193572998, "dir": "snapshots/random_hybrid_3d/0416/207/1"}, "miou": {"min": 0.4364340901374817, "max": 0.45492085814476013, "mean": 0.4456774741411209, "dir": "snapshots/random_hybrid_3d/0416/207/1"}, "accuracy": {"min": 0.9330299496650696, "max": 0.9346805214881897, "mean": 0.9338552355766296, "dir": "snapshots/random_hybrid_3d/0416/207/0"}, "n_params": {"min": 252935, "max": 252970, "mean": 252952.5, "dir": "snapshots/random_hybrid_3d/0416/207/0"}, "leaf": false, "n_nets": 2}