{"ari": {"min": -7.240837678353505e-19, "max": 0.06704271584749222, "mean": 0.03352135792374611, "dir": "snapshots/random_2d_ed_dense/0503/191/1"}, "miou": {"min": 0.07851959764957428, "max": 0.12408681958913803, "mean": 0.10130320861935616, "dir": "snapshots/random_2d_ed_dense/0503/191/1"}, "accuracy": {"min": 0.4711175858974457, "max": 0.5665543079376221, "mean": 0.5188359469175339, "dir": "snapshots/random_2d_ed_dense/0503/191/1"}, "n_params": {"min": 8762433, "max": 8762433, "mean": 8762433.0, "dir": "snapshots/random_2d_ed_dense/0503/191/0"}, "leaf": false, "n_nets": 2}