{"ari": {"min": 0.7610533833503723, "max": 0.8414426445960999, "mean": 0.8012480139732361, "dir": "snapshots/random_hybrid_3d/0416/175/1"}, "miou": {"min": 0.32015976309776306, "max": 0.5707286596298218, "mean": 0.4454442113637924, "dir": "snapshots/random_hybrid_3d/0416/175/1"}, "accuracy": {"min": 0.9118698239326477, "max": 0.9430330991744995, "mean": 0.9274514615535736, "dir": "snapshots/random_hybrid_3d/0416/175/1"}, "n_params": {"min": 23751, "max": 23898, "mean": 23824.5, "dir": "snapshots/random_hybrid_3d/0416/175/0"}, "leaf": false, "n_nets": 2}