{"leaf": true, "dir": "snapshots/random_2d_ed_dense/0410/163/0", "n_nets": 1, "name": "RandomUnet2D_163_1", "ari": [0.7598312497138977], "miou": [0.4129883348941803], "accuracy": [0.8979364633560181], "n_params": [5461191], "n_iterations": 125000}