{"ari": {"min": 0.8025751709938049, "max": 0.8290865421295166, "mean": 0.8158308565616608, "dir": "snapshots/random_hybrid_3d/0424/31/0"}, "miou": {"min": 0.419977605342865, "max": 0.6226959228515625, "mean": 0.5213367640972137, "dir": "snapshots/random_hybrid_3d/0424/31/0"}, "accuracy": {"min": 0.926746666431427, "max": 0.9367849826812744, "mean": 0.9317658245563507, "dir": "snapshots/random_hybrid_3d/0424/31/0"}, "n_params": {"min": 132241, "max": 132241, "mean": 132241.0, "dir": "snapshots/random_hybrid_3d/0424/31/1"}, "leaf": false, "n_nets": 2}