{"ari": {"min": 0.8419250249862671, "max": 0.8422113060951233, "mean": 0.8420681655406952, "dir": "snapshots/random_hybrid_3d/0416/274/0"}, "miou": {"min": 0.5047609210014343, "max": 0.5104201436042786, "mean": 0.5075905323028564, "dir": "snapshots/random_hybrid_3d/0416/274/1"}, "accuracy": {"min": 0.9420680403709412, "max": 0.9428841471672058, "mean": 0.9424760937690735, "dir": "snapshots/random_hybrid_3d/0416/274/1"}, "n_params": {"min": 281631, "max": 281778, "mean": 281704.5, "dir": "snapshots/random_hybrid_3d/0416/274/1"}, "leaf": false, "n_nets": 2}