{"leaf": true, "dir": "snapshots/random_hybrid_3d/0424/200/1", "n_nets": 1, "name": "Hybrid3DCRF_200_1", "ari": [0.8292347192764282], "miou": [0.6200537085533142], "accuracy": [0.9373592734336853], "n_params": [5434144], "n_iterations": 55200}