{"ari": {"min": 0.8390723466873169, "max": 0.8418219685554504, "mean": 0.8404471576213837, "dir": "snapshots/random_hybrid_3d/0416/95/0"}, "miou": {"min": 0.49035897850990295, "max": 0.5096773505210876, "mean": 0.5000181645154953, "dir": "snapshots/random_hybrid_3d/0416/95/1"}, "accuracy": {"min": 0.9411713480949402, "max": 0.9415847063064575, "mean": 0.9413780272006989, "dir": "snapshots/random_hybrid_3d/0416/95/1"}, "n_params": {"min": 4716240, "max": 4717052, "mean": 4716646.0, "dir": "snapshots/random_hybrid_3d/0416/95/1"}, "leaf": false, "n_nets": 2}