{"leaf": true, "dir": "snapshots/random_hybrid_3d/0424/168/0", "n_nets": 1, "name": "Hybrid3DCRF_168_0", "ari": [0.8281143307685852], "miou": [0.621942937374115], "accuracy": [0.9366704225540161], "n_params": [6162886], "n_iterations": 55200}