{"ari": {"min": 0.8292803168296814, "max": 0.8303425908088684, "mean": 0.8298114538192749, "dir": "snapshots/random_hybrid_3d/0424/218/1"}, "miou": {"min": 0.6194831132888794, "max": 0.6250291466712952, "mean": 0.6222561299800873, "dir": "snapshots/random_hybrid_3d/0424/218/0"}, "accuracy": {"min": 0.9370429515838623, "max": 0.9371917247772217, "mean": 0.937117338180542, "dir": "snapshots/random_hybrid_3d/0424/218/1"}, "n_params": {"min": 18973470, "max": 18975164, "mean": 18974317.0, "dir": "snapshots/random_hybrid_3d/0424/218/1"}, "leaf": false, "n_nets": 2}