{"leaf": true, "dir": "snapshots/random_hybrid_3d/0416/24/0", "n_nets": 1, "name": "Hybrid3DCRF_24_1", "ari": [0.8375011086463928], "miou": [0.559093713760376], "accuracy": [0.9412708878517151], "n_params": [1137205], "n_iterations": 368}