{"ari": {"min": -0.00010369830124545842, "max": 0.8021772503852844, "mean": 0.4010367760420195, "dir": "snapshots/random_hybrid_3d/0416/8/1"}, "miou": {"min": 0.0660393014550209, "max": 0.41630497574806213, "mean": 0.24117213860154152, "dir": "snapshots/random_hybrid_3d/0416/8/1"}, "accuracy": {"min": 0.4617067575454712, "max": 0.9274111390113831, "mean": 0.6945589482784271, "dir": "snapshots/random_hybrid_3d/0416/8/1"}, "n_params": {"min": 4351778, "max": 4353143, "mean": 4352460.5, "dir": "snapshots/random_hybrid_3d/0416/8/0"}, "leaf": false, "n_nets": 2}