{"ari": {"min": 0.7006807923316956, "max": 0.8067428469657898, "mean": 0.7733887553215026, "dir": "snapshots/random_2d_ed/1210/12/0"}, "miou": {"min": 0.2992261052131653, "max": 0.49266189336776733, "mean": 0.42822192907333373, "dir": "snapshots/random_2d_ed/1210/12/0"}, "accuracy": {"min": 0.8807592391967773, "max": 0.922527015209198, "mean": 0.9077144265174866, "dir": "snapshots/random_2d_ed/1210/12/0"}, "n_params": {"min": 14260710, "max": 14260710, "mean": 14260710.0, "dir": "snapshots/random_2d_ed/1210/12/0"}, "leaf": false, "n_nets": 5}