{"leaf": true, "dir": "snapshots/random_2d_ed_dense/0503/108/1", "n_nets": 1, "name": "RandomUnet2D_108_1", "ari": [0.5820465683937073], "miou": [0.26781928539276123], "accuracy": [0.8524599075317383], "n_params": [6540865], "n_iterations": 103750}