{"ari": {"min": 0.8289141058921814, "max": 0.8293382525444031, "mean": 0.8291261792182922, "dir": "snapshots/random_hybrid_3d/0418/112/1"}, "miou": {"min": 0.5426815748214722, "max": 0.6199122667312622, "mean": 0.5812969207763672, "dir": "snapshots/random_hybrid_3d/0418/112/0"}, "accuracy": {"min": 0.936596155166626, "max": 0.9366340041160583, "mean": 0.9366150796413422, "dir": "snapshots/random_hybrid_3d/0418/112/1"}, "n_params": {"min": 274625, "max": 274625, "mean": 274625.0, "dir": "snapshots/random_hybrid_3d/0418/112/1"}, "leaf": false, "n_nets": 2}