{"ari": {"min": 0.8288999795913696, "max": 0.8293227553367615, "mean": 0.8291113674640656, "dir": "snapshots/random_hybrid_3d/0424/151/1"}, "miou": {"min": 0.6187519431114197, "max": 0.6225007176399231, "mean": 0.6206263303756714, "dir": "snapshots/random_hybrid_3d/0424/151/0"}, "accuracy": {"min": 0.9369490146636963, "max": 0.9370390176773071, "mean": 0.9369940161705017, "dir": "snapshots/random_hybrid_3d/0424/151/0"}, "n_params": {"min": 259690, "max": 259690, "mean": 259690.0, "dir": "snapshots/random_hybrid_3d/0424/151/0"}, "leaf": false, "n_nets": 2}