{"ari": {"min": 0.6598352193832397, "max": 0.8033291101455688, "mean": 0.7568285822868347, "dir": "snapshots/random_2d_ed/1210/38/1"}, "miou": {"min": 0.24939213693141937, "max": 0.5345433354377747, "mean": 0.4214829236268997, "dir": "snapshots/random_2d_ed/1210/38/1"}, "accuracy": {"min": 0.8791364431381226, "max": 0.9286470413208008, "mean": 0.9136934638023376, "dir": "snapshots/random_2d_ed/1210/38/1"}, "n_params": {"min": 64179977, "max": 64179977, "mean": 64179977.0, "dir": "snapshots/random_2d_ed/1210/38/0"}, "leaf": false, "n_nets": 5}