{"leaf": true, "dir": "snapshots/random_2d_ed/1210/73/2", "n_nets": 1, "name": "RandomUnet2D_73_2", "ari": [0.2593664824962616], "miou": [0.1435817927122116], "accuracy": [0.6361541748046875], "n_params": [849934], "n_iterations": 8800}