{"ari": {"min": 0.7425292134284973, "max": 0.8019804954528809, "mean": 0.774314534664154, "dir": "snapshots/random_2d_ed/1216/36/0"}, "miou": {"min": 0.26951155066490173, "max": 0.5442705154418945, "mean": 0.38310826420783994, "dir": "snapshots/random_2d_ed/1216/36/0"}, "accuracy": {"min": 0.8805375099182129, "max": 0.9141725897789001, "mean": 0.8982130646705627, "dir": "snapshots/random_2d_ed/1216/36/0"}, "n_params": {"min": 6426283, "max": 6426283, "mean": 6426283.0, "dir": "snapshots/random_2d_ed/1216/36/0"}, "leaf": false, "n_nets": 5}