{"ari": {"min": 0.8090746402740479, "max": 0.8160415291786194, "mean": 0.8125580847263336, "dir": "snapshots/random_2d_ed_dense/0503/127/0"}, "miou": {"min": 0.6123894453048706, "max": 0.6213870048522949, "mean": 0.6168882250785828, "dir": "snapshots/random_2d_ed_dense/0503/127/1"}, "accuracy": {"min": 0.9261198043823242, "max": 0.9294517040252686, "mean": 0.9277857542037964, "dir": "snapshots/random_2d_ed_dense/0503/127/0"}, "n_params": {"min": 6961561, "max": 6961561, "mean": 6961561.0, "dir": "snapshots/random_2d_ed_dense/0503/127/0"}, "leaf": false, "n_nets": 2}