{"leaf": true, "dir": "snapshots/random_hybrid_3d/0424/128/0", "n_nets": 1, "name": "Hybrid3DCRF_128_1", "ari": [0.830234169960022], "miou": [0.6261196136474609], "accuracy": [0.9376373291015625], "n_params": [5446663], "n_iterations": 55200}