{"leaf": true, "dir": "snapshots/hybrid_3d_crf/0319/0/13", "n_nets": 1, "name": "Hybrid3DCRF_0_11", "ari": [0.8377771973609924], "miou": [0.6489861607551575], "accuracy": [0.9398812055587769], "n_params": [691951], "n_iterations": 32400}