{"ari": {"min": 0.7984456419944763, "max": 0.814856231212616, "mean": 0.8066509366035461, "dir": "snapshots/random_hybrid_3d/0424/43/1"}, "miou": {"min": 0.5429068803787231, "max": 0.565128743648529, "mean": 0.5540178120136261, "dir": "snapshots/random_hybrid_3d/0424/43/1"}, "accuracy": {"min": 0.9218449592590332, "max": 0.9328472018241882, "mean": 0.9273460805416107, "dir": "snapshots/random_hybrid_3d/0424/43/1"}, "n_params": {"min": 3815, "max": 3815, "mean": 3815.0, "dir": "snapshots/random_hybrid_3d/0424/43/0"}, "leaf": false, "n_nets": 2}