{"leaf": true, "dir": "snapshots/random_hybrid_3d/0424/23/0", "n_nets": 1, "name": "Hybrid3DCRF_23_0", "ari": [0.8295796513557434], "miou": [0.6133657097816467], "accuracy": [0.9372954368591309], "n_params": [5979673], "n_iterations": 49680}