{"leaf": true, "dir": "snapshots/random_hybrid_3d/0424/23/0", "n_nets": 1, "name": "Hybrid3DCRF_23_0", "ari": [0.8287325501441956], "miou": [0.6167216300964355], "accuracy": [0.9366840720176697], "n_params": [5979673], "n_iterations": 55200}