{"ari": {"min": 0.8098188042640686, "max": 0.8232729434967041, "mean": 0.8165458738803864, "dir": "snapshots/random_2d_ed_dense/0410/108/1"}, "miou": {"min": 0.42606642842292786, "max": 0.6063402891159058, "mean": 0.5162033587694168, "dir": "snapshots/random_2d_ed_dense/0410/108/1"}, "accuracy": {"min": 0.9235259890556335, "max": 0.9342308044433594, "mean": 0.9288783967494965, "dir": "snapshots/random_2d_ed_dense/0410/108/1"}, "n_params": {"min": 6540929, "max": 6540929, "mean": 6540929.0, "dir": "snapshots/random_2d_ed_dense/0410/108/0"}, "leaf": false, "n_nets": 2}