{"leaf": true, "dir": "snapshots/multi_binary/1220/2/3", "n_nets": 1, "name": "BinaryUnet2D_2_0", "ari": [0.0277818962931633], "miou": [0.48909804224967957], "accuracy": [0.9781907200813293], "n_params": [31030658], "n_iterations": 6408}