{"leaf": true, "dir": "snapshots/random_hybrid_3d/0424/189/1", "n_nets": 1, "name": "Hybrid3DCRF_189_1", "ari": [0.8303007483482361], "miou": [0.6232527494430542], "accuracy": [0.9373908638954163], "n_params": [3707570], "n_iterations": 55200}