{"leaf": true, "dir": "snapshots/random_2d_ed/1210/49/3", "n_nets": 1, "name": "RandomUnet2D_49_4", "ari": [0.7277607917785645], "miou": [0.29835590720176697], "accuracy": [0.8999258279800415], "n_params": [8899337], "n_iterations": 13750}