{"ari": {"min": 0.8345154523849487, "max": 0.836041271686554, "mean": 0.8352783620357513, "dir": "snapshots/random_hybrid_3d/0416/79/1"}, "miou": {"min": 0.501056969165802, "max": 0.503851592540741, "mean": 0.5024542808532715, "dir": "snapshots/random_hybrid_3d/0416/79/0"}, "accuracy": {"min": 0.9398776292800903, "max": 0.94033282995224, "mean": 0.9401052296161652, "dir": "snapshots/random_hybrid_3d/0416/79/0"}, "n_params": {"min": 8083725, "max": 8083725, "mean": 8083725.0, "dir": "snapshots/random_hybrid_3d/0416/79/1"}, "leaf": false, "n_nets": 2}