{"ari": {"min": 0.8425121903419495, "max": 0.843377411365509, "mean": 0.8429448008537292, "dir": "snapshots/random_hybrid_3d/0416/40/1"}, "miou": {"min": 0.5709004402160645, "max": 0.6187618374824524, "mean": 0.5948311388492584, "dir": "snapshots/random_hybrid_3d/0416/40/0"}, "accuracy": {"min": 0.9434245824813843, "max": 0.9435390830039978, "mean": 0.943481832742691, "dir": "snapshots/random_hybrid_3d/0416/40/0"}, "n_params": {"min": 348173, "max": 349447, "mean": 348810.0, "dir": "snapshots/random_hybrid_3d/0416/40/0"}, "leaf": false, "n_nets": 2}