{"leaf": true, "dir": "snapshots/random_hybrid_3d/0424/193/0", "n_nets": 1, "name": "Hybrid3DCRF_193_0", "ari": [0.8291656374931335], "miou": [0.6211115717887878], "accuracy": [0.93674236536026], "n_params": [8780958], "n_iterations": 55200}