{"ari": {"min": 0.6882794499397278, "max": 0.7501389980316162, "mean": 0.719209223985672, "dir": "snapshots/random_2d_ed_dense/0503/235/0"}, "miou": {"min": 0.4628026485443115, "max": 0.4925801753997803, "mean": 0.4776914119720459, "dir": "snapshots/random_2d_ed_dense/0503/235/0"}, "accuracy": {"min": 0.8518660664558411, "max": 0.8910695910453796, "mean": 0.8714678287506104, "dir": "snapshots/random_2d_ed_dense/0503/235/0"}, "n_params": {"min": 895893, "max": 895893, "mean": 895893.0, "dir": "snapshots/random_2d_ed_dense/0503/235/0"}, "leaf": false, "n_nets": 2}