{"ari": {"min": 0.4167265295982361, "max": 0.7251380085945129, "mean": 0.5709322690963745, "dir": "snapshots/random_hybrid_3d/0416/232/1"}, "miou": {"min": 0.20268265902996063, "max": 0.2480345070362091, "mean": 0.22535858303308487, "dir": "snapshots/random_hybrid_3d/0416/232/1"}, "accuracy": {"min": 0.8020291328430176, "max": 0.8972861170768738, "mean": 0.8496576249599457, "dir": "snapshots/random_hybrid_3d/0416/232/1"}, "n_params": {"min": 2744941, "max": 2745088, "mean": 2745014.5, "dir": "snapshots/random_hybrid_3d/0416/232/1"}, "leaf": false, "n_nets": 2}