{"ari": {"min": 0.6370905041694641, "max": 0.7871480584144592, "mean": 0.7376333832740783, "dir": "snapshots/random_2d_ed/1210/77/0"}, "miou": {"min": 0.2760607898235321, "max": 0.42849865555763245, "mean": 0.3727649450302124, "dir": "snapshots/random_2d_ed/1210/77/1"}, "accuracy": {"min": 0.846065104007721, "max": 0.9215255975723267, "mean": 0.8963557362556458, "dir": "snapshots/random_2d_ed/1210/77/0"}, "n_params": {"min": 42185389, "max": 42185389, "mean": 42185389.0, "dir": "snapshots/random_2d_ed/1210/77/0"}, "leaf": false, "n_nets": 5}