{"ari": {"min": 0.6051425933837891, "max": 0.7742928862571716, "mean": 0.7086094319820404, "dir": "snapshots/random_2d_ed/1210/77/0"}, "miou": {"min": 0.25035199522972107, "max": 0.38886722922325134, "mean": 0.33102092146873474, "dir": "snapshots/random_2d_ed/1210/77/0"}, "accuracy": {"min": 0.8484798669815063, "max": 0.9161279201507568, "mean": 0.8870205134153366, "dir": "snapshots/random_2d_ed/1210/77/0"}, "n_params": {"min": 42185389, "max": 42185389, "mean": 42185389.0, "dir": "snapshots/random_2d_ed/1210/77/1"}, "leaf": false, "n_nets": 4}