{"leaf": true, "dir": "snapshots/random_2d_ed/1210/65/2", "n_nets": 1, "name": "RandomUnet2D_65_0", "ari": [0.8106750845909119], "miou": [0.5008499026298523], "accuracy": [0.9271812438964844], "n_params": [13644535], "n_iterations": 25000}