{"leaf": true, "dir": "snapshots/random_2d_ed/1210/32/2", "n_nets": 1, "name": "RandomUnet2D_32_4", "ari": [0.7655520439147949], "miou": [0.3714706301689148], "accuracy": [0.8953962922096252], "n_params": [4459788], "n_iterations": 4000}