{"leaf": true, "dir": "snapshots/random_hybrid_3d/0424/26/0", "n_nets": 1, "name": "Hybrid3DCRF_26_0", "ari": [0.8285229206085205], "miou": [0.6174553632736206], "accuracy": [0.9370298385620117], "n_params": [14134796], "n_iterations": 25760}