{"leaf": true, "dir": "snapshots/random_hybrid_3d/0418/33/1", "n_nets": 1, "name": "Hybrid3DCRF_33_1", "ari": [0.8162886500358582], "miou": [0.4768635928630829], "accuracy": [0.9305321574211121], "n_params": [11360003], "n_iterations": 16560}