{"ari": {"min": 0.6030159592628479, "max": 0.833868682384491, "mean": 0.7184423208236694, "dir": "snapshots/random_hybrid_3d/0416/173/0"}, "miou": {"min": 0.2441677749156952, "max": 0.5144273638725281, "mean": 0.37929756939411163, "dir": "snapshots/random_hybrid_3d/0416/173/0"}, "accuracy": {"min": 0.8157983422279358, "max": 0.9362645149230957, "mean": 0.8760314285755157, "dir": "snapshots/random_hybrid_3d/0416/173/0"}, "n_params": {"min": 11431, "max": 11431, "mean": 11431.0, "dir": "snapshots/random_hybrid_3d/0416/173/0"}, "leaf": false, "n_nets": 2}