{"ari": {"min": 0.6847438216209412, "max": 0.7907856106758118, "mean": 0.7269936203956604, "dir": "snapshots/random_2d_ed/1210/34/1"}, "miou": {"min": 0.2406236082315445, "max": 0.3775812089443207, "mean": 0.3072988003492355, "dir": "snapshots/random_2d_ed/1210/34/1"}, "accuracy": {"min": 0.8643211126327515, "max": 0.9179530739784241, "mean": 0.8919193863868713, "dir": "snapshots/random_2d_ed/1210/34/0"}, "n_params": {"min": 176986, "max": 176986, "mean": 176986.0, "dir": "snapshots/random_2d_ed/1210/34/0"}, "leaf": false, "n_nets": 5}