{"ari": {"min": 0.6858916878700256, "max": 0.7940022945404053, "mean": 0.7507941842079162, "dir": "snapshots/random_2d_ed/1216/70/2"}, "miou": {"min": 0.2764381170272827, "max": 0.5325661301612854, "mean": 0.37177202105522156, "dir": "snapshots/random_2d_ed/1216/70/2"}, "accuracy": {"min": 0.8729039430618286, "max": 0.912187933921814, "mean": 0.8935974955558776, "dir": "snapshots/random_2d_ed/1216/70/2"}, "n_params": {"min": 2344844, "max": 2344844, "mean": 2344844.0, "dir": "snapshots/random_2d_ed/1216/70/0"}, "leaf": false, "n_nets": 5}