{"ari": {"min": 0.8068187832832336, "max": 0.8145065307617188, "mean": 0.8106626570224762, "dir": "snapshots/random_2d_ed_dense/0410/20/1"}, "miou": {"min": 0.510252058506012, "max": 0.5355685949325562, "mean": 0.5229103267192841, "dir": "snapshots/random_2d_ed_dense/0410/20/0"}, "accuracy": {"min": 0.9250442385673523, "max": 0.9279307126998901, "mean": 0.9264874756336212, "dir": "snapshots/random_2d_ed_dense/0410/20/1"}, "n_params": {"min": 3278069, "max": 3278069, "mean": 3278069.0, "dir": "snapshots/random_2d_ed_dense/0410/20/0"}, "leaf": false, "n_nets": 2}