{"ari": {"min": 0.829858660697937, "max": 0.829858660697937, "mean": 0.829858660697937, "dir": "snapshots/random_hybrid_3d/0418/6/1"}, "miou": {"min": 0.6174086332321167, "max": 0.6174086332321167, "mean": 0.6174086332321167, "dir": "snapshots/random_hybrid_3d/0418/6/1"}, "accuracy": {"min": 0.9370647668838501, "max": 0.9370647668838501, "mean": 0.9370647668838501, "dir": "snapshots/random_hybrid_3d/0418/6/1"}, "n_params": {"min": 1099427, "max": 1099427, "mean": 1099427.0, "dir": "snapshots/random_hybrid_3d/0418/6/1"}, "leaf": false, "n_nets": 1}