{"ari": {"min": 0.3010386526584625, "max": 0.557110607624054, "mean": 0.5018507897853851, "dir": "snapshots/random_2d_ed/1210/22/4"}, "miou": {"min": 0.2795259356498718, "max": 0.3390616774559021, "mean": 0.3147589862346649, "dir": "snapshots/random_2d_ed/1210/22/0"}, "accuracy": {"min": 0.799804151058197, "max": 0.884691059589386, "mean": 0.8570667266845703, "dir": "snapshots/random_2d_ed/1210/22/4"}, "n_params": {"min": 57430773, "max": 57430773, "mean": 57430773.0, "dir": "snapshots/random_2d_ed/1210/22/0"}, "leaf": false, "n_nets": 5}