{"ari": {"min": 0.2999365031719208, "max": 0.6377054452896118, "mean": 0.5240672290325165, "dir": "snapshots/random_2d_ed/1210/22/3"}, "miou": {"min": 0.2836478352546692, "max": 0.37631919980049133, "mean": 0.32478432059288026, "dir": "snapshots/random_2d_ed/1210/22/3"}, "accuracy": {"min": 0.7927030324935913, "max": 0.905304491519928, "mean": 0.8663914799690247, "dir": "snapshots/random_2d_ed/1210/22/3"}, "n_params": {"min": 57430773, "max": 57430773, "mean": 57430773.0, "dir": "snapshots/random_2d_ed/1210/22/0"}, "leaf": false, "n_nets": 5}