{"ari": {"min": 0.3320969045162201, "max": 0.5748125910758972, "mean": 0.5147611558437347, "dir": "snapshots/random_2d_ed/1210/22/3"}, "miou": {"min": 0.2795259356498718, "max": 0.3390616774559021, "mean": 0.3100156426429749, "dir": "snapshots/random_2d_ed/1210/22/0"}, "accuracy": {"min": 0.8132821917533875, "max": 0.8857093453407288, "mean": 0.8666298031806946, "dir": "snapshots/random_2d_ed/1210/22/3"}, "n_params": {"min": 57430773, "max": 57430773, "mean": 57430773.0, "dir": "snapshots/random_2d_ed/1210/22/0"}, "leaf": false, "n_nets": 5}