{"ari": {"min": 0.8273856043815613, "max": 0.8288391828536987, "mean": 0.82811239361763, "dir": "snapshots/random_hybrid_3d/0424/122/1"}, "miou": {"min": 0.5693899393081665, "max": 0.615356981754303, "mean": 0.5923734605312347, "dir": "snapshots/random_hybrid_3d/0424/122/0"}, "accuracy": {"min": 0.936396598815918, "max": 0.9370306730270386, "mean": 0.9367136359214783, "dir": "snapshots/random_hybrid_3d/0424/122/1"}, "n_params": {"min": 3853086, "max": 3853086, "mean": 3853086.0, "dir": "snapshots/random_hybrid_3d/0424/122/0"}, "leaf": false, "n_nets": 2}