{"ari": {"min": 0.828273355960846, "max": 0.8293740153312683, "mean": 0.8288236856460571, "dir": "snapshots/random_hybrid_3d/0424/122/0"}, "miou": {"min": 0.6128364205360413, "max": 0.6251148581504822, "mean": 0.6189756393432617, "dir": "snapshots/random_hybrid_3d/0424/122/1"}, "accuracy": {"min": 0.9365922212600708, "max": 0.9371541738510132, "mean": 0.936873197555542, "dir": "snapshots/random_hybrid_3d/0424/122/0"}, "n_params": {"min": 3853086, "max": 3853086, "mean": 3853086.0, "dir": "snapshots/random_hybrid_3d/0424/122/0"}, "leaf": false, "n_nets": 2}