{"ari": {"min": 0.000602669024374336, "max": 0.027877019718289375, "mean": 0.014239844371331856, "dir": "snapshots/random_2d_ed_dense/0503/29/1"}, "miou": {"min": 0.08415073901414871, "max": 0.08580654114484787, "mean": 0.08497864007949829, "dir": "snapshots/random_2d_ed_dense/0503/29/0"}, "accuracy": {"min": 0.32951709628105164, "max": 0.4765811264514923, "mean": 0.403049111366272, "dir": "snapshots/random_2d_ed_dense/0503/29/0"}, "n_params": {"min": 2701250, "max": 2701250, "mean": 2701250.0, "dir": "snapshots/random_2d_ed_dense/0503/29/1"}, "leaf": false, "n_nets": 2}