{"ari": {"min": 0.8276523947715759, "max": 0.8289085626602173, "mean": 0.8282804787158966, "dir": "snapshots/random_hybrid_3d/0424/239/0"}, "miou": {"min": 0.5428406000137329, "max": 0.6220925450325012, "mean": 0.5824665725231171, "dir": "snapshots/random_hybrid_3d/0424/239/0"}, "accuracy": {"min": 0.9364542365074158, "max": 0.9373253583908081, "mean": 0.9368897974491119, "dir": "snapshots/random_hybrid_3d/0424/239/0"}, "n_params": {"min": 4440278, "max": 4440859, "mean": 4440568.5, "dir": "snapshots/random_hybrid_3d/0424/239/1"}, "leaf": false, "n_nets": 2}