{"ari": {"min": 0.8133656978607178, "max": 0.8281369805335999, "mean": 0.8207513391971588, "dir": "snapshots/random_hybrid_3d/0424/286/1"}, "miou": {"min": 0.39979007840156555, "max": 0.6210960149765015, "mean": 0.5104430466890335, "dir": "snapshots/random_hybrid_3d/0424/286/1"}, "accuracy": {"min": 0.9306814074516296, "max": 0.9365090131759644, "mean": 0.933595210313797, "dir": "snapshots/random_hybrid_3d/0424/286/1"}, "n_params": {"min": 31308, "max": 31581, "mean": 31444.5, "dir": "snapshots/random_hybrid_3d/0424/286/1"}, "leaf": false, "n_nets": 2}