{"ari": {"min": 0.6915939450263977, "max": 0.8217946290969849, "mean": 0.7758750557899475, "dir": "snapshots/random_2d_ed/1210/48/3"}, "miou": {"min": 0.2799990177154541, "max": 0.5096593499183655, "mean": 0.40398144721984863, "dir": "snapshots/random_2d_ed/1210/48/4"}, "accuracy": {"min": 0.8717472553253174, "max": 0.9305723309516907, "mean": 0.9101584672927856, "dir": "snapshots/random_2d_ed/1210/48/3"}, "n_params": {"min": 15614745, "max": 15614745, "mean": 15614745.0, "dir": "snapshots/random_2d_ed/1210/48/0"}, "leaf": false, "n_nets": 5}