{"ari": {"min": 0.8355082869529724, "max": 0.8367898464202881, "mean": 0.8361490666866302, "dir": "snapshots/random_hybrid_3d/0416/13/1"}, "miou": {"min": 0.4633108973503113, "max": 0.5548527836799622, "mean": 0.5090818405151367, "dir": "snapshots/random_hybrid_3d/0416/13/1"}, "accuracy": {"min": 0.9368566870689392, "max": 0.9409252405166626, "mean": 0.9388909637928009, "dir": "snapshots/random_hybrid_3d/0416/13/1"}, "n_params": {"min": 456822, "max": 456969, "mean": 456895.5, "dir": "snapshots/random_hybrid_3d/0416/13/1"}, "leaf": false, "n_nets": 2}