{"ari": {"min": 0.829618513584137, "max": 0.8310338258743286, "mean": 0.8303261697292328, "dir": "snapshots/random_hybrid_3d/0424/155/1"}, "miou": {"min": 0.5878735780715942, "max": 0.6151202321052551, "mean": 0.6014969050884247, "dir": "snapshots/random_hybrid_3d/0424/155/1"}, "accuracy": {"min": 0.9370606541633606, "max": 0.9378569722175598, "mean": 0.9374588131904602, "dir": "snapshots/random_hybrid_3d/0424/155/1"}, "n_params": {"min": 359297, "max": 359297, "mean": 359297.0, "dir": "snapshots/random_hybrid_3d/0424/155/1"}, "leaf": false, "n_nets": 2}