{"ari": {"min": 0.8334300518035889, "max": 0.8418331742286682, "mean": 0.8376316130161285, "dir": "snapshots/random_hybrid_3d/0416/2/1"}, "miou": {"min": 0.5930137634277344, "max": 0.6576579213142395, "mean": 0.6253358423709869, "dir": "snapshots/random_hybrid_3d/0416/2/0"}, "accuracy": {"min": 0.9408873319625854, "max": 0.9431521892547607, "mean": 0.9420197606086731, "dir": "snapshots/random_hybrid_3d/0416/2/1"}, "n_params": {"min": 29309, "max": 29701, "mean": 29505.0, "dir": "snapshots/random_hybrid_3d/0416/2/1"}, "leaf": false, "n_nets": 2}