{"ari": {"min": 0.02586519531905651, "max": 0.02586519531905651, "mean": 0.02586519531905651, "dir": "snapshots/random_2d_ed_dense/0410/227/1"}, "miou": {"min": 0.06096050515770912, "max": 0.06096050515770912, "mean": 0.06096050515770912, "dir": "snapshots/random_2d_ed_dense/0410/227/1"}, "accuracy": {"min": 0.3820245563983917, "max": 0.3820245563983917, "mean": 0.3820245563983917, "dir": "snapshots/random_2d_ed_dense/0410/227/1"}, "n_params": {"min": 49701896, "max": 49701896, "mean": 49701896.0, "dir": "snapshots/random_2d_ed_dense/0410/227/1"}, "leaf": false, "n_nets": 1}