{"leaf": true, "dir": "snapshots/random_2d_ed/1210/85/0", "n_nets": 1, "name": "RandomUnet2D_85_0", "ari": [0.7112429738044739], "miou": [0.3423432409763336], "accuracy": [0.8762595057487488], "n_params": [985535], "n_iterations": 16000}