{"ari": {"min": 0.8269261121749878, "max": 0.8302425146102905, "mean": 0.8285843133926392, "dir": "snapshots/random_hybrid_3d/0424/103/1"}, "miou": {"min": 0.48792022466659546, "max": 0.624587893486023, "mean": 0.5562540590763092, "dir": "snapshots/random_hybrid_3d/0424/103/1"}, "accuracy": {"min": 0.9356564879417419, "max": 0.9377743005752563, "mean": 0.9367153942584991, "dir": "snapshots/random_hybrid_3d/0424/103/1"}, "n_params": {"min": 549285, "max": 549754, "mean": 549519.5, "dir": "snapshots/random_hybrid_3d/0424/103/0"}, "leaf": false, "n_nets": 2}