{"leaf": true, "dir": "snapshots/random_2d_ed/1216/87/2", "n_nets": 1, "name": "RandomUnet2D_87_2", "ari": [0.7839946746826172], "miou": [0.4117991328239441], "accuracy": [0.9039872288703918], "n_params": [3586068], "n_iterations": 66750}