{"leaf": true, "dir": "snapshots/random_2d_ed/1216/26/1", "n_nets": 1, "name": "RandomUnet2D_26_1", "ari": [0.757310688495636], "miou": [0.42912983894348145], "accuracy": [0.8896207809448242], "n_params": [864610], "n_iterations": 42720}