{"ari": {"min": 0.037808340042829514, "max": 0.037808340042829514, "mean": 0.037808340042829514, "dir": "snapshots/random_2d_ed_dense/0503/244/0"}, "miou": {"min": 0.11940222233533859, "max": 0.11940222233533859, "mean": 0.11940222233533859, "dir": "snapshots/random_2d_ed_dense/0503/244/0"}, "accuracy": {"min": 0.5641686916351318, "max": 0.5641686916351318, "mean": 0.5641686916351318, "dir": "snapshots/random_2d_ed_dense/0503/244/0"}, "n_params": {"min": 5391927, "max": 5391927, "mean": 5391927.0, "dir": "snapshots/random_2d_ed_dense/0503/244/0"}, "leaf": false, "n_nets": 1}