{"ari": {"min": 0.8217137455940247, "max": 0.8340637683868408, "mean": 0.8306841611862182, "dir": "snapshots/weight_volume/1210/025/2"}, "miou": {"min": 0.48388150334358215, "max": 0.5673073530197144, "mean": 0.5353050291538238, "dir": "snapshots/weight_volume/1210/025/1"}, "accuracy": {"min": 0.9322481155395508, "max": 0.9381493926048279, "mean": 0.9359814286231994, "dir": "snapshots/weight_volume/1210/025/2"}, "n_params": {"min": 31030983, "max": 31030983, "mean": 31030983.0, "dir": "snapshots/weight_volume/1210/025/0"}, "leaf": false, "n_nets": 5}