{"ari": {"min": 0.5953688025474548, "max": 0.7254667282104492, "mean": 0.6798345804214477, "dir": "snapshots/random_2d_ed/1216/60/3"}, "miou": {"min": 0.201917827129364, "max": 0.39578622579574585, "mean": 0.31932458877563474, "dir": "snapshots/random_2d_ed/1216/60/4"}, "accuracy": {"min": 0.8350801467895508, "max": 0.8684803247451782, "mean": 0.855009138584137, "dir": "snapshots/random_2d_ed/1216/60/3"}, "n_params": {"min": 585512, "max": 585512, "mean": 585512.0, "dir": "snapshots/random_2d_ed/1216/60/0"}, "leaf": false, "n_nets": 5}