{"ari": {"min": 0.5953688025474548, "max": 0.7191674709320068, "mean": 0.6752941608428955, "dir": "snapshots/random_2d_ed/1216/60/4"}, "miou": {"min": 0.201917827129364, "max": 0.4010622799396515, "mean": 0.3171145796775818, "dir": "snapshots/random_2d_ed/1216/60/4"}, "accuracy": {"min": 0.8350801467895508, "max": 0.8663265109062195, "mean": 0.8520575284957885, "dir": "snapshots/random_2d_ed/1216/60/4"}, "n_params": {"min": 585512, "max": 585512, "mean": 585512.0, "dir": "snapshots/random_2d_ed/1216/60/0"}, "leaf": false, "n_nets": 5}