{"ari": {"min": 1.4997734108929603e-17, "max": 0.41008028388023376, "mean": 0.20504014194011688, "dir": "snapshots/random_2d_ed_dense/0503/243/1"}, "miou": {"min": 0.07773377746343613, "max": 0.13975436985492706, "mean": 0.1087440736591816, "dir": "snapshots/random_2d_ed_dense/0503/243/1"}, "accuracy": {"min": 0.398372083902359, "max": 0.46640264987945557, "mean": 0.4323873668909073, "dir": "snapshots/random_2d_ed_dense/0503/243/0"}, "n_params": {"min": 2343535, "max": 2343535, "mean": 2343535.0, "dir": "snapshots/random_2d_ed_dense/0503/243/0"}, "leaf": false, "n_nets": 2}