{"ari": {"min": 0.7842433452606201, "max": 0.8281495571136475, "mean": 0.8061964511871338, "dir": "snapshots/random_hybrid_3d/0424/180/0"}, "miou": {"min": 0.34191960096359253, "max": 0.5443347096443176, "mean": 0.4431271553039551, "dir": "snapshots/random_hybrid_3d/0424/180/0"}, "accuracy": {"min": 0.9148833751678467, "max": 0.9366384148597717, "mean": 0.9257608950138092, "dir": "snapshots/random_hybrid_3d/0424/180/0"}, "n_params": {"min": 1560830, "max": 1561194, "mean": 1561012.0, "dir": "snapshots/random_hybrid_3d/0424/180/0"}, "leaf": false, "n_nets": 2}