{"ari": {"min": 0.7776370644569397, "max": 0.8435197472572327, "mean": 0.8105784058570862, "dir": "snapshots/random_hybrid_3d/0416/4/1"}, "miou": {"min": 0.3250395357608795, "max": 0.5655001401901245, "mean": 0.445269837975502, "dir": "snapshots/random_hybrid_3d/0416/4/1"}, "accuracy": {"min": 0.9176074862480164, "max": 0.943070113658905, "mean": 0.9303387999534607, "dir": "snapshots/random_hybrid_3d/0416/4/1"}, "n_params": {"min": 224092, "max": 224092, "mean": 224092.0, "dir": "snapshots/random_hybrid_3d/0416/4/1"}, "leaf": false, "n_nets": 2}