{"leaf": true, "dir": "snapshots/random_hybrid_3d/0424/253/0", "n_nets": 1, "name": "Hybrid3DCRF_253_0", "ari": [0.8277316689491272], "miou": [0.6174468398094177], "accuracy": [0.9366040825843811], "n_params": [1643899], "n_iterations": 55200}