{"ari": {"min": 0.7714725136756897, "max": 0.8413447737693787, "mean": 0.8064086437225342, "dir": "snapshots/random_hybrid_3d/0416/166/1"}, "miou": {"min": 0.4136548340320587, "max": 0.5627437233924866, "mean": 0.48819927871227264, "dir": "snapshots/random_hybrid_3d/0416/166/1"}, "accuracy": {"min": 0.9087446928024292, "max": 0.9430356621742249, "mean": 0.925890177488327, "dir": "snapshots/random_hybrid_3d/0416/166/1"}, "n_params": {"min": 26663, "max": 26810, "mean": 26736.5, "dir": "snapshots/random_hybrid_3d/0416/166/1"}, "leaf": false, "n_nets": 2}