{"ari": {"min": 0.6361530423164368, "max": 0.8177312016487122, "mean": 0.7473527193069458, "dir": "snapshots/random_2d_ed/1216/90/4"}, "miou": {"min": 0.20579665899276733, "max": 0.5318368673324585, "mean": 0.3856664001941681, "dir": "snapshots/random_2d_ed/1216/90/0"}, "accuracy": {"min": 0.8641206622123718, "max": 0.9221388101577759, "mean": 0.9000443339347839, "dir": "snapshots/random_2d_ed/1216/90/4"}, "n_params": {"min": 2045334, "max": 2045334, "mean": 2045334.0, "dir": "snapshots/random_2d_ed/1216/90/3"}, "leaf": false, "n_nets": 5}