{"ari": {"min": 0.8282982707023621, "max": 0.831118106842041, "mean": 0.8297081887722015, "dir": "snapshots/random_hybrid_3d/0418/36/0"}, "miou": {"min": 0.5419069528579712, "max": 0.621606707572937, "mean": 0.5817568302154541, "dir": "snapshots/random_hybrid_3d/0418/36/1"}, "accuracy": {"min": 0.9365290999412537, "max": 0.9379051923751831, "mean": 0.9372171461582184, "dir": "snapshots/random_hybrid_3d/0418/36/0"}, "n_params": {"min": 58516442, "max": 58518269, "mean": 58517355.5, "dir": "snapshots/random_hybrid_3d/0418/36/0"}, "leaf": false, "n_nets": 2}