{"ari": {"min": 0.8295854330062866, "max": 0.8299773931503296, "mean": 0.8297814130783081, "dir": "snapshots/random_hybrid_3d/0418/36/0"}, "miou": {"min": 0.5422908067703247, "max": 0.6229020953178406, "mean": 0.5825964510440826, "dir": "snapshots/random_hybrid_3d/0418/36/1"}, "accuracy": {"min": 0.9370608925819397, "max": 0.9376055002212524, "mean": 0.9373331964015961, "dir": "snapshots/random_hybrid_3d/0418/36/0"}, "n_params": {"min": 58516442, "max": 58518269, "mean": 58517355.5, "dir": "snapshots/random_hybrid_3d/0418/36/0"}, "leaf": false, "n_nets": 2}