{"ari": {"min": 0.7971002459526062, "max": 0.8383694887161255, "mean": 0.8177348673343658, "dir": "snapshots/random_hybrid_3d/0416/298/0"}, "miou": {"min": 0.3555702865123749, "max": 0.42206379771232605, "mean": 0.38881704211235046, "dir": "snapshots/random_hybrid_3d/0416/298/0"}, "accuracy": {"min": 0.9245133996009827, "max": 0.9357848763465881, "mean": 0.9301491379737854, "dir": "snapshots/random_hybrid_3d/0416/298/0"}, "n_params": {"min": 1061464, "max": 1062395, "mean": 1061929.5, "dir": "snapshots/random_hybrid_3d/0416/298/0"}, "leaf": false, "n_nets": 2}