{"ari": {"min": 0.8282172083854675, "max": 0.8299401998519897, "mean": 0.8290787041187286, "dir": "snapshots/random_hybrid_3d/0418/16/0"}, "miou": {"min": 0.6177893877029419, "max": 0.619074285030365, "mean": 0.6184318363666534, "dir": "snapshots/random_hybrid_3d/0418/16/0"}, "accuracy": {"min": 0.9370591640472412, "max": 0.9370847344398499, "mean": 0.9370719492435455, "dir": "snapshots/random_hybrid_3d/0418/16/1"}, "n_params": {"min": 643950, "max": 643950, "mean": 643950.0, "dir": "snapshots/random_hybrid_3d/0418/16/0"}, "leaf": false, "n_nets": 2}