{"ari": {"min": -5.7757377362577245e-05, "max": 0.8424692749977112, "mean": 0.4212057588101743, "dir": "snapshots/random_hybrid_3d/0416/156/0"}, "miou": {"min": 0.06595947593450546, "max": 0.6547755002975464, "mean": 0.3603674881160259, "dir": "snapshots/random_hybrid_3d/0416/156/0"}, "accuracy": {"min": 0.46147891879081726, "max": 0.9436340928077698, "mean": 0.7025565057992935, "dir": "snapshots/random_hybrid_3d/0416/156/0"}, "n_params": {"min": 121034, "max": 121650, "mean": 121342.0, "dir": "snapshots/random_hybrid_3d/0416/156/1"}, "leaf": false, "n_nets": 2}