{"ari": {"min": 0.8160660266876221, "max": 0.8216575384140015, "mean": 0.8188617825508118, "dir": "snapshots/random_2d_ed_dense/0503/0/1"}, "miou": {"min": 0.5499430298805237, "max": 0.6046425700187683, "mean": 0.577292799949646, "dir": "snapshots/random_2d_ed_dense/0503/0/1"}, "accuracy": {"min": 0.9316498637199402, "max": 0.9328631162643433, "mean": 0.9322564899921417, "dir": "snapshots/random_2d_ed_dense/0503/0/1"}, "n_params": {"min": 17217478, "max": 17217478, "mean": 17217478.0, "dir": "snapshots/random_2d_ed_dense/0503/0/0"}, "leaf": false, "n_nets": 2}