{"ari": {"min": 0.6695070862770081, "max": 0.7820866107940674, "mean": 0.7377676725387573, "dir": "snapshots/random_2d_ed/1210/69/0"}, "miou": {"min": 0.2813622057437897, "max": 0.49200135469436646, "mean": 0.373187655210495, "dir": "snapshots/random_2d_ed/1210/69/0"}, "accuracy": {"min": 0.8732914328575134, "max": 0.9066113233566284, "mean": 0.8918532967567444, "dir": "snapshots/random_2d_ed/1210/69/4"}, "n_params": {"min": 1059188, "max": 1059188, "mean": 1059188.0, "dir": "snapshots/random_2d_ed/1210/69/0"}, "leaf": false, "n_nets": 5}