{"ari": {"min": 0.8302605748176575, "max": 0.8310621380805969, "mean": 0.8306613564491272, "dir": "snapshots/random_hybrid_3d/0424/46/0"}, "miou": {"min": 0.6254749894142151, "max": 0.6260579228401184, "mean": 0.6257664561271667, "dir": "snapshots/random_hybrid_3d/0424/46/0"}, "accuracy": {"min": 0.9373384714126587, "max": 0.9376063942909241, "mean": 0.9374724328517914, "dir": "snapshots/random_hybrid_3d/0424/46/0"}, "n_params": {"min": 877663, "max": 877663, "mean": 877663.0, "dir": "snapshots/random_hybrid_3d/0424/46/0"}, "leaf": false, "n_nets": 2}