{"ari": {"min": 0.5793823599815369, "max": 0.7543355822563171, "mean": 0.6756825685501099, "dir": "snapshots/random_2d_ed/1216/88/2"}, "miou": {"min": 0.19972094893455505, "max": 0.426268994808197, "mean": 0.28703499734401705, "dir": "snapshots/random_2d_ed/1216/88/2"}, "accuracy": {"min": 0.8323456645011902, "max": 0.8866210579872131, "mean": 0.8608902812004089, "dir": "snapshots/random_2d_ed/1216/88/2"}, "n_params": {"min": 88439, "max": 88439, "mean": 88439.0, "dir": "snapshots/random_2d_ed/1216/88/0"}, "leaf": false, "n_nets": 5}