{"ari": {"min": 0.8110553026199341, "max": 0.8287631273269653, "mean": 0.8199092149734497, "dir": "snapshots/random_hybrid_3d/0416/284/0"}, "miou": {"min": 0.3196994662284851, "max": 0.4242382347583771, "mean": 0.3719688504934311, "dir": "snapshots/random_hybrid_3d/0416/284/0"}, "accuracy": {"min": 0.9170739650726318, "max": 0.9341933727264404, "mean": 0.9256336688995361, "dir": "snapshots/random_hybrid_3d/0416/284/0"}, "n_params": {"min": 762806, "max": 762806, "mean": 762806.0, "dir": "snapshots/random_hybrid_3d/0416/284/0"}, "leaf": false, "n_nets": 2}