{"ari": {"min": 0.03695928677916527, "max": 0.09091410040855408, "mean": 0.06393669359385967, "dir": "snapshots/random_hybrid_3d/0416/198/1"}, "miou": {"min": 0.10069654881954193, "max": 0.1422373205423355, "mean": 0.12146693468093872, "dir": "snapshots/random_hybrid_3d/0416/198/1"}, "accuracy": {"min": 0.37434902787208557, "max": 0.6221774816513062, "mean": 0.49826325476169586, "dir": "snapshots/random_hybrid_3d/0416/198/1"}, "n_params": {"min": 145939, "max": 146163, "mean": 146051.0, "dir": "snapshots/random_hybrid_3d/0416/198/1"}, "leaf": false, "n_nets": 2}