{"ari": {"min": 0.8373780846595764, "max": 0.8420303463935852, "mean": 0.8397042155265808, "dir": "snapshots/random_hybrid_3d/0416/215/1"}, "miou": {"min": 0.42432013154029846, "max": 0.5507721304893494, "mean": 0.4875461310148239, "dir": "snapshots/random_hybrid_3d/0416/215/1"}, "accuracy": {"min": 0.9360285401344299, "max": 0.9428802728652954, "mean": 0.9394544064998627, "dir": "snapshots/random_hybrid_3d/0416/215/1"}, "n_params": {"min": 35726187, "max": 35728350, "mean": 35727268.5, "dir": "snapshots/random_hybrid_3d/0416/215/0"}, "leaf": false, "n_nets": 2}