{"ari": {"min": 0.8286639451980591, "max": 0.829718291759491, "mean": 0.829191118478775, "dir": "snapshots/random_hybrid_3d/0424/59/0"}, "miou": {"min": 0.621631920337677, "max": 0.6220169067382812, "mean": 0.6218244135379791, "dir": "snapshots/random_hybrid_3d/0424/59/1"}, "accuracy": {"min": 0.9366210103034973, "max": 0.937433660030365, "mean": 0.9370273351669312, "dir": "snapshots/random_hybrid_3d/0424/59/0"}, "n_params": {"min": 2371412, "max": 2371412, "mean": 2371412.0, "dir": "snapshots/random_hybrid_3d/0424/59/0"}, "leaf": false, "n_nets": 2}