{"leaf": true, "dir": "snapshots/random_hybrid_3d/0418/35/0", "n_nets": 1, "name": "Hybrid3DCRF_35_0", "ari": [0.8310877680778503], "miou": [0.6267252564430237], "accuracy": [0.9378202557563782], "n_params": [2128931], "n_iterations": 11040}