{"leaf": true, "dir": "snapshots/random_2d_ed_dense/0503/173/0", "n_nets": 1, "name": "RandomUnet2D_173_0", "ari": [0.39667558670043945], "miou": [0.08656460791826248], "accuracy": [0.23401029407978058], "n_params": [248110], "n_iterations": 8800}