{"ari": {"min": 0.8280441164970398, "max": 0.8425576090812683, "mean": 0.835300862789154, "dir": "snapshots/random_hybrid_3d/0416/134/0"}, "miou": {"min": 0.4372374415397644, "max": 0.5632763504981995, "mean": 0.5002568960189819, "dir": "snapshots/random_hybrid_3d/0416/134/0"}, "accuracy": {"min": 0.9369734525680542, "max": 0.9430947303771973, "mean": 0.9400340914726257, "dir": "snapshots/random_hybrid_3d/0416/134/0"}, "n_params": {"min": 2567390, "max": 2567390, "mean": 2567390.0, "dir": "snapshots/random_hybrid_3d/0416/134/1"}, "leaf": false, "n_nets": 2}