{"ari": {"min": 0.8271020650863647, "max": 0.8282182216644287, "mean": 0.8276803940534592, "dir": "snapshots/hybrid_3d_crf/0404/6/3"}, "miou": {"min": 0.63306725025177, "max": 0.6381439566612244, "mean": 0.6349748522043228, "dir": "snapshots/hybrid_3d_crf/0404/6/1"}, "accuracy": {"min": 0.9360671639442444, "max": 0.9365819692611694, "mean": 0.9363368451595306, "dir": "snapshots/hybrid_3d_crf/0404/6/3"}, "n_params": {"min": 1743930, "max": 1743930, "mean": 1743930.0, "dir": "snapshots/hybrid_3d_crf/0404/6/3"}, "leaf": false, "n_nets": 4}