{"ari": {"min": 0.8020001649856567, "max": 0.8264231085777283, "mean": 0.8142116367816925, "dir": "snapshots/random_hybrid_3d/0416/193/0"}, "miou": {"min": 0.33585095405578613, "max": 0.4320044219493866, "mean": 0.38392768800258636, "dir": "snapshots/random_hybrid_3d/0416/193/0"}, "accuracy": {"min": 0.9176302552223206, "max": 0.9351710677146912, "mean": 0.9264006614685059, "dir": "snapshots/random_hybrid_3d/0416/193/0"}, "n_params": {"min": 1145246, "max": 1145939, "mean": 1145592.5, "dir": "snapshots/random_hybrid_3d/0416/193/1"}, "leaf": false, "n_nets": 2}