{"ari": {"min": 0.7820364832878113, "max": 0.7820364832878113, "mean": 0.7820364832878113, "dir": "snapshots/random_hybrid_3d/0424/7/0"}, "miou": {"min": 0.32870370149612427, "max": 0.32870370149612427, "mean": 0.32870370149612427, "dir": "snapshots/random_hybrid_3d/0424/7/0"}, "accuracy": {"min": 0.9150093197822571, "max": 0.9150093197822571, "mean": 0.9150093197822571, "dir": "snapshots/random_hybrid_3d/0424/7/0"}, "n_params": {"min": 15241070, "max": 15241070, "mean": 15241070.0, "dir": "snapshots/random_hybrid_3d/0424/7/0"}, "leaf": false, "n_nets": 1}