{"ari": {"min": 0.6942446827888489, "max": 0.8065564036369324, "mean": 0.7752878069877625, "dir": "snapshots/random_2d_ed/1210/21/4"}, "miou": {"min": 0.3304736316204071, "max": 0.5602372288703918, "mean": 0.463705974817276, "dir": "snapshots/random_2d_ed/1210/21/1"}, "accuracy": {"min": 0.8710463643074036, "max": 0.9214205741882324, "mean": 0.9054578423500061, "dir": "snapshots/random_2d_ed/1210/21/4"}, "n_params": {"min": 3965798, "max": 3965798, "mean": 3965798.0, "dir": "snapshots/random_2d_ed/1210/21/0"}, "leaf": false, "n_nets": 5}