{"leaf": true, "dir": "snapshots/random_2d_ed/1216/77/4", "n_nets": 1, "name": "RandomUnet2D_77_4", "ari": [0.7470582127571106], "miou": [0.42043590545654297], "accuracy": [0.8777793645858765], "n_params": [2911571], "n_iterations": 42720}