{"leaf": true, "dir": "snapshots/random_hybrid_3d/0418/29/0", "n_nets": 1, "name": "Hybrid3DCRF_29_0", "ari": [0.8287290930747986], "miou": [0.6223717927932739], "accuracy": [0.936369776725769], "n_params": [3566975], "n_iterations": 42320}