{"ari": {"min": 0.8284681439399719, "max": 0.8293761610984802, "mean": 0.8289221525192261, "dir": "snapshots/random_hybrid_3d/0424/167/1"}, "miou": {"min": 0.6151151657104492, "max": 0.6199297308921814, "mean": 0.6175224483013153, "dir": "snapshots/random_hybrid_3d/0424/167/0"}, "accuracy": {"min": 0.9367436766624451, "max": 0.9370564222335815, "mean": 0.9369000494480133, "dir": "snapshots/random_hybrid_3d/0424/167/1"}, "n_params": {"min": 3349629, "max": 3350994, "mean": 3350311.5, "dir": "snapshots/random_hybrid_3d/0424/167/0"}, "leaf": false, "n_nets": 2}