{"ari": {"min": 0.7322661280632019, "max": 0.840987503528595, "mean": 0.7866268157958984, "dir": "snapshots/random_hybrid_3d/0416/80/0"}, "miou": {"min": 0.25039947032928467, "max": 0.5751451849937439, "mean": 0.4127723276615143, "dir": "snapshots/random_hybrid_3d/0416/80/0"}, "accuracy": {"min": 0.8995044231414795, "max": 0.9431111216545105, "mean": 0.921307772397995, "dir": "snapshots/random_hybrid_3d/0416/80/0"}, "n_params": {"min": 533723, "max": 533723, "mean": 533723.0, "dir": "snapshots/random_hybrid_3d/0416/80/0"}, "leaf": false, "n_nets": 2}