{"ari": {"min": 0.8272180557250977, "max": 0.8281026482582092, "mean": 0.8276603519916534, "dir": "snapshots/random_hybrid_3d/0424/61/1"}, "miou": {"min": 0.53608238697052, "max": 0.6240720748901367, "mean": 0.5800772309303284, "dir": "snapshots/random_hybrid_3d/0424/61/1"}, "accuracy": {"min": 0.9364576935768127, "max": 0.9365198016166687, "mean": 0.9364887475967407, "dir": "snapshots/random_hybrid_3d/0424/61/1"}, "n_params": {"min": 138131, "max": 138131, "mean": 138131.0, "dir": "snapshots/random_hybrid_3d/0424/61/0"}, "leaf": false, "n_nets": 2}