{"leaf": true, "dir": "snapshots/random_2d_ed/1216/61/0", "n_nets": 1, "name": "RandomUnet2D_61_0", "ari": [0.681046724319458], "miou": [0.2656177878379822], "accuracy": [0.8641021251678467], "n_params": [12713131], "n_iterations": 24475}