{"leaf": true, "dir": "snapshots/random_2d_ed/1210/76/2", "n_nets": 1, "name": "RandomUnet2D_76_2", "ari": [0.8115053772926331], "miou": [0.5683726072311401], "accuracy": [0.9269600510597229], "n_params": [59950744], "n_iterations": 25000}