{"ari": {"min": 0.8341558575630188, "max": 0.8415073752403259, "mean": 0.8378316164016724, "dir": "snapshots/random_hybrid_3d/0416/128/1"}, "miou": {"min": 0.43150758743286133, "max": 0.5018605589866638, "mean": 0.4666840732097626, "dir": "snapshots/random_hybrid_3d/0416/128/1"}, "accuracy": {"min": 0.9379956722259521, "max": 0.941333532333374, "mean": 0.9396646022796631, "dir": "snapshots/random_hybrid_3d/0416/128/1"}, "n_params": {"min": 105343, "max": 105343, "mean": 105343.0, "dir": "snapshots/random_hybrid_3d/0416/128/0"}, "leaf": false, "n_nets": 2}