{"ari": {"min": -0.010652702301740646, "max": 0.11629737168550491, "mean": 0.052822334691882133, "dir": "snapshots/random_2d_ed_dense/0410/117/0"}, "miou": {"min": 0.08590388298034668, "max": 0.12782800197601318, "mean": 0.10686594247817993, "dir": "snapshots/random_2d_ed_dense/0410/117/0"}, "accuracy": {"min": 0.43712928891181946, "max": 0.5208754539489746, "mean": 0.47900237143039703, "dir": "snapshots/random_2d_ed_dense/0410/117/0"}, "n_params": {"min": 56320, "max": 56320, "mean": 56320.0, "dir": "snapshots/random_2d_ed_dense/0410/117/1"}, "leaf": false, "n_nets": 2}