{"ari": {"min": 0.6634467840194702, "max": 0.7507762312889099, "mean": 0.7193576097488403, "dir": "snapshots/random_2d_ed_dense/0408/0/0"}, "miou": {"min": 0.2663123309612274, "max": 0.4086589217185974, "mean": 0.34466056029001874, "dir": "snapshots/random_2d_ed_dense/0408/0/0"}, "accuracy": {"min": 0.870888888835907, "max": 0.8982589244842529, "mean": 0.8871922294298807, "dir": "snapshots/random_2d_ed_dense/0408/1/0"}, "n_params": {"min": 198864, "max": 8237315, "mean": 2878347.6666666665, "dir": "snapshots/random_2d_ed_dense/0408/1/0"}, "leaf": false, "n_nets": 3}