{"ari": {"min": 0.499350905418396, "max": 0.8419699668884277, "mean": 0.6706604361534119, "dir": "snapshots/random_hybrid_3d/0416/191/0"}, "miou": {"min": 0.22313225269317627, "max": 0.5113858580589294, "mean": 0.36725905537605286, "dir": "snapshots/random_hybrid_3d/0416/191/0"}, "accuracy": {"min": 0.8308119177818298, "max": 0.9427288770675659, "mean": 0.8867703974246979, "dir": "snapshots/random_hybrid_3d/0416/191/0"}, "n_params": {"min": 2583947, "max": 2584262, "mean": 2584104.5, "dir": "snapshots/random_hybrid_3d/0416/191/0"}, "leaf": false, "n_nets": 2}