{"ari": {"min": 0.014256424270570278, "max": 0.02011549100279808, "mean": 0.01718595763668418, "dir": "snapshots/random_hybrid_3d/0416/76/0"}, "miou": {"min": 0.10262931138277054, "max": 0.1087459996342659, "mean": 0.10568765550851822, "dir": "snapshots/random_hybrid_3d/0416/76/0"}, "accuracy": {"min": 0.5416316390037537, "max": 0.5738951563835144, "mean": 0.557763397693634, "dir": "snapshots/random_hybrid_3d/0416/76/0"}, "n_params": {"min": 663726, "max": 663726, "mean": 663726.0, "dir": "snapshots/random_hybrid_3d/0416/76/0"}, "leaf": false, "n_nets": 2}