{"ari": {"min": 0.827878475189209, "max": 0.8303592205047607, "mean": 0.8291188478469849, "dir": "snapshots/random_hybrid_3d/0418/280/1"}, "miou": {"min": 0.6172839999198914, "max": 0.621432900428772, "mean": 0.6193584501743317, "dir": "snapshots/random_hybrid_3d/0418/280/1"}, "accuracy": {"min": 0.9360873699188232, "max": 0.9372202754020691, "mean": 0.9366538226604462, "dir": "snapshots/random_hybrid_3d/0418/280/1"}, "n_params": {"min": 762538, "max": 763420, "mean": 762979.0, "dir": "snapshots/random_hybrid_3d/0418/280/1"}, "leaf": false, "n_nets": 2}