{"leaf": true, "dir": "snapshots/random_2d_ed/1210/82/2", "n_nets": 1, "name": "RandomUnet2D_82_3", "ari": [0.7684767246246338], "miou": [0.5241056680679321], "accuracy": [0.8990915417671204], "n_params": [2127827], "n_iterations": 16000}