{"leaf": true, "dir": "snapshots/random_2d_ed_dense/0503/263/0", "n_nets": 1, "name": "RandomUnet2D_263_1", "ari": [0.4578101336956024], "miou": [0.28351131081581116], "accuracy": [0.790176510810852], "n_params": [1186753], "n_iterations": 8800}