{"ari": {"min": 0.3482339382171631, "max": 0.40157055854797363, "mean": 0.3745293393731117, "dir": "snapshots/multi_binary/1221/1/4"}, "miou": {"min": 0.5867424011230469, "max": 0.6180242300033569, "mean": 0.6034251749515533, "dir": "snapshots/multi_binary/1221/1/4"}, "accuracy": {"min": 0.9551973342895508, "max": 0.9668130874633789, "mean": 0.9615299701690674, "dir": "snapshots/multi_binary/1221/1/4"}, "n_params": {"min": 31030658, "max": 31030658, "mean": 31030658.0, "dir": "snapshots/multi_binary/1221/1/1"}, "leaf": false, "n_nets": 4}