{"leaf": true, "dir": "snapshots/random_2d_ed/1210/27/2", "n_nets": 1, "name": "RandomUnet2D_27_0", "ari": [0.7964174747467041], "miou": [0.4248437285423279], "accuracy": [0.9187253713607788], "n_params": [16314706], "n_iterations": 25200}