{"leaf": true, "dir": "snapshots/random_2d_ed/1216/26/4", "n_nets": 1, "name": "RandomUnet2D_26_4", "ari": [0.7408361434936523], "miou": [0.36034685373306274], "accuracy": [0.8804402351379395], "n_params": [864610], "n_iterations": 42720}