{"ari": {"min": 0.8294121623039246, "max": 0.8294401168823242, "mean": 0.8294261395931244, "dir": "snapshots/random_hybrid_3d/0418/30/0"}, "miou": {"min": 0.622795581817627, "max": 0.6245938539505005, "mean": 0.6236947178840637, "dir": "snapshots/random_hybrid_3d/0418/30/0"}, "accuracy": {"min": 0.9369965195655823, "max": 0.9370782971382141, "mean": 0.9370374083518982, "dir": "snapshots/random_hybrid_3d/0418/30/1"}, "n_params": {"min": 1836159, "max": 1836880, "mean": 1836519.5, "dir": "snapshots/random_hybrid_3d/0418/30/0"}, "leaf": false, "n_nets": 2}