{"ari": {"min": 0.8283833861351013, "max": 0.8300711512565613, "mean": 0.8292272686958313, "dir": "snapshots/random_hybrid_3d/0418/30/0"}, "miou": {"min": 0.6236128807067871, "max": 0.6246841549873352, "mean": 0.6241485178470612, "dir": "snapshots/random_hybrid_3d/0418/30/0"}, "accuracy": {"min": 0.9369967579841614, "max": 0.9374330639839172, "mean": 0.9372149109840393, "dir": "snapshots/random_hybrid_3d/0418/30/0"}, "n_params": {"min": 1836159, "max": 1836880, "mean": 1836519.5, "dir": "snapshots/random_hybrid_3d/0418/30/0"}, "leaf": false, "n_nets": 2}