{"ari": {"min": 0.8358012437820435, "max": 0.841282308101654, "mean": 0.8385417759418488, "dir": "snapshots/random_hybrid_3d/0416/190/0"}, "miou": {"min": 0.4252934455871582, "max": 0.5656428933143616, "mean": 0.4954681694507599, "dir": "snapshots/random_hybrid_3d/0416/190/0"}, "accuracy": {"min": 0.9363358020782471, "max": 0.9424187541007996, "mean": 0.9393772780895233, "dir": "snapshots/random_hybrid_3d/0416/190/0"}, "n_params": {"min": 2489836, "max": 2490704, "mean": 2490270.0, "dir": "snapshots/random_hybrid_3d/0416/190/1"}, "leaf": false, "n_nets": 2}