{"leaf": true, "dir": "snapshots/random_2d_ed_dense/0503/234/1", "n_nets": 1, "name": "RandomUnet2D_234_1", "ari": [0.6930039525032043], "miou": [0.5014252066612244], "accuracy": [0.8697184324264526], "n_params": [481245], "n_iterations": 80000}