{"ari": {"min": 0.8306926488876343, "max": 0.8331321477890015, "mean": 0.8319123983383179, "dir": "snapshots/random_hybrid_3d/0416/277/1"}, "miou": {"min": 0.4353678226470947, "max": 0.43726322054862976, "mean": 0.43631552159786224, "dir": "snapshots/random_hybrid_3d/0416/277/1"}, "accuracy": {"min": 0.9367607831954956, "max": 0.9384477734565735, "mean": 0.9376042783260345, "dir": "snapshots/random_hybrid_3d/0416/277/1"}, "n_params": {"min": 37618, "max": 37618, "mean": 37618.0, "dir": "snapshots/random_hybrid_3d/0416/277/1"}, "leaf": false, "n_nets": 2}