{"leaf": true, "dir": "snapshots/random_hybrid_3d/0424/5/0", "n_nets": 1, "name": "Hybrid3DCRF_5_1", "ari": [0.8310816287994385], "miou": [0.6260868310928345], "accuracy": [0.937970757484436], "n_params": [9996450], "n_iterations": 42320}