{"ari": {"min": 0.8280577063560486, "max": 0.842067539691925, "mean": 0.8350626230239868, "dir": "snapshots/random_hybrid_3d/0416/102/1"}, "miou": {"min": 0.4282573163509369, "max": 0.4350709617137909, "mean": 0.4316641390323639, "dir": "snapshots/random_hybrid_3d/0416/102/0"}, "accuracy": {"min": 0.9358755350112915, "max": 0.9377866387367249, "mean": 0.9368310868740082, "dir": "snapshots/random_hybrid_3d/0416/102/1"}, "n_params": {"min": 325725, "max": 325872, "mean": 325798.5, "dir": "snapshots/random_hybrid_3d/0416/102/1"}, "leaf": false, "n_nets": 2}