{"leaf": true, "dir": "snapshots/random_hybrid_3d/0424/79/0", "n_nets": 1, "name": "Hybrid3DCRF_79_0", "ari": [0.8316037654876709], "miou": [0.6116620302200317], "accuracy": [0.9381183385848999], "n_params": [16337661], "n_iterations": 49680}