{"ari": {"min": 0.5761502385139465, "max": 0.630149781703949, "mean": 0.598996615409851, "dir": "snapshots/random_2d_ed/1216/6/3"}, "miou": {"min": 0.1996866911649704, "max": 0.2357742190361023, "mean": 0.21119796335697175, "dir": "snapshots/random_2d_ed/1216/6/3"}, "accuracy": {"min": 0.8294792175292969, "max": 0.8420215249061584, "mean": 0.8336481809616089, "dir": "snapshots/random_2d_ed/1216/6/3"}, "n_params": {"min": 197039, "max": 197039, "mean": 197039.0, "dir": "snapshots/random_2d_ed/1216/6/0"}, "leaf": false, "n_nets": 5}