{"ari": {"min": 0.8291381597518921, "max": 0.8295039534568787, "mean": 0.8293210566043854, "dir": "snapshots/random_hybrid_3d/0424/205/0"}, "miou": {"min": 0.5526863932609558, "max": 0.6225313544273376, "mean": 0.5876088738441467, "dir": "snapshots/random_hybrid_3d/0424/205/0"}, "accuracy": {"min": 0.9367825388908386, "max": 0.9371713995933533, "mean": 0.936976969242096, "dir": "snapshots/random_hybrid_3d/0424/205/0"}, "n_params": {"min": 2640396, "max": 2640396, "mean": 2640396.0, "dir": "snapshots/random_hybrid_3d/0424/205/0"}, "leaf": false, "n_nets": 2}