{"ari": {"min": 0.378104567527771, "max": 0.557632327079773, "mean": 0.5004127383232116, "dir": "snapshots/random_2d_ed/1210/13/4"}, "miou": {"min": 0.22186149656772614, "max": 0.33242732286453247, "mean": 0.29774332940578463, "dir": "snapshots/random_2d_ed/1210/13/4"}, "accuracy": {"min": 0.842502772808075, "max": 0.874707818031311, "mean": 0.8580646634101867, "dir": "snapshots/random_2d_ed/1210/13/4"}, "n_params": {"min": 46196228, "max": 46196228, "mean": 46196228.0, "dir": "snapshots/random_2d_ed/1210/13/0"}, "leaf": false, "n_nets": 5}