{"ari": {"min": 0.378104567527771, "max": 0.5558303594589233, "mean": 0.5031938076019287, "dir": "snapshots/random_2d_ed/1210/13/4"}, "miou": {"min": 0.22186149656772614, "max": 0.33465737104415894, "mean": 0.29921950995922086, "dir": "snapshots/random_2d_ed/1210/13/4"}, "accuracy": {"min": 0.842502772808075, "max": 0.8754923939704895, "mean": 0.8592873454093933, "dir": "snapshots/random_2d_ed/1210/13/4"}, "n_params": {"min": 46196228, "max": 46196228, "mean": 46196228.0, "dir": "snapshots/random_2d_ed/1210/13/0"}, "leaf": false, "n_nets": 5}