{"ari": {"min": 0.378104567527771, "max": 0.5729209184646606, "mean": 0.5124119758605957, "dir": "snapshots/random_2d_ed/1210/13/0"}, "miou": {"min": 0.22186149656772614, "max": 0.33242732286453247, "mean": 0.29714405834674834, "dir": "snapshots/random_2d_ed/1210/13/4"}, "accuracy": {"min": 0.842502772808075, "max": 0.893183171749115, "mean": 0.8670102477073669, "dir": "snapshots/random_2d_ed/1210/13/0"}, "n_params": {"min": 46196228, "max": 46196228, "mean": 46196228.0, "dir": "snapshots/random_2d_ed/1210/13/0"}, "leaf": false, "n_nets": 5}