{"leaf": true, "dir": "snapshots/random_hybrid_3d/0416/208/0", "n_nets": 1, "name": "Hybrid3DCRF_208_1", "ari": [0.8356584310531616], "miou": [0.4260047376155853], "accuracy": [0.9355475306510925], "n_params": [5632047], "n_iterations": 368}