{"leaf": true, "dir": "snapshots/random_2d_ed/1216/35/0", "n_nets": 1, "name": "RandomUnet2D_35_0", "ari": [0.7675355076789856], "miou": [0.4500538408756256], "accuracy": [0.8951126933097839], "n_params": [373862], "n_iterations": 42720}