{"leaf": true, "dir": "snapshots/random_hybrid_3d/0424/82/0", "n_nets": 1, "name": "Hybrid3DCRF_82_0", "ari": [0.828735888004303], "miou": [0.6216737031936646], "accuracy": [0.9367761015892029], "n_params": [21287], "n_iterations": 55200}