{"ari": {"min": 0.8288034796714783, "max": 0.829693615436554, "mean": 0.8292485475540161, "dir": "snapshots/random_hybrid_3d/0424/88/1"}, "miou": {"min": 0.616422176361084, "max": 0.6256021857261658, "mean": 0.6210121810436249, "dir": "snapshots/random_hybrid_3d/0424/88/1"}, "accuracy": {"min": 0.9366269707679749, "max": 0.9376040697097778, "mean": 0.9371155202388763, "dir": "snapshots/random_hybrid_3d/0424/88/1"}, "n_params": {"min": 345357, "max": 345357, "mean": 345357.0, "dir": "snapshots/random_hybrid_3d/0424/88/0"}, "leaf": false, "n_nets": 2}