{"leaf": true, "dir": "snapshots/random_2d_ed/1210/73/1", "n_nets": 1, "name": "RandomUnet2D_73_1", "ari": [0.6383765935897827], "miou": [0.2358149141073227], "accuracy": [0.863429069519043], "n_params": [849934], "n_iterations": 8800}