{"ari": {"min": 0.8107602000236511, "max": 0.8264113664627075, "mean": 0.8185857832431793, "dir": "snapshots/random_2d_ed_dense/0503/218/1"}, "miou": {"min": 0.5938529372215271, "max": 0.6361419558525085, "mean": 0.6149974465370178, "dir": "snapshots/random_2d_ed_dense/0503/218/1"}, "accuracy": {"min": 0.9246335029602051, "max": 0.9349606037139893, "mean": 0.9297970533370972, "dir": "snapshots/random_2d_ed_dense/0503/218/1"}, "n_params": {"min": 11869338, "max": 11869338, "mean": 11869338.0, "dir": "snapshots/random_2d_ed_dense/0503/218/0"}, "leaf": false, "n_nets": 2}