{"ari": {"min": 0.7176289558410645, "max": 0.7875022888183594, "mean": 0.7474333047866821, "dir": "snapshots/random_2d_ed/1210/61/3"}, "miou": {"min": 0.3275619447231293, "max": 0.4181327223777771, "mean": 0.35342555642127993, "dir": "snapshots/random_2d_ed/1210/61/3"}, "accuracy": {"min": 0.8708699941635132, "max": 0.9172331094741821, "mean": 0.8977259874343873, "dir": "snapshots/random_2d_ed/1210/61/1"}, "n_params": {"min": 20472004, "max": 20472004, "mean": 20472004.0, "dir": "snapshots/random_2d_ed/1210/61/4"}, "leaf": false, "n_nets": 5}