{"ari": {"min": 0.8276770710945129, "max": 0.8300999402999878, "mean": 0.8288885056972504, "dir": "snapshots/random_hybrid_3d/0418/22/1"}, "miou": {"min": 0.5437654256820679, "max": 0.5475358366966248, "mean": 0.5456506311893463, "dir": "snapshots/random_hybrid_3d/0418/22/1"}, "accuracy": {"min": 0.9360180497169495, "max": 0.937583327293396, "mean": 0.9368006885051727, "dir": "snapshots/random_hybrid_3d/0418/22/1"}, "n_params": {"min": 4895957, "max": 4896636, "mean": 4896296.5, "dir": "snapshots/random_hybrid_3d/0418/22/1"}, "leaf": false, "n_nets": 2}