{"ari": {"min": 0.8303042650222778, "max": 0.8315393328666687, "mean": 0.8309217989444733, "dir": "snapshots/random_hybrid_3d/0418/22/0"}, "miou": {"min": 0.5354178547859192, "max": 0.5464328527450562, "mean": 0.5409253537654877, "dir": "snapshots/random_hybrid_3d/0418/22/0"}, "accuracy": {"min": 0.937539279460907, "max": 0.9377906322479248, "mean": 0.9376649558544159, "dir": "snapshots/random_hybrid_3d/0418/22/0"}, "n_params": {"min": 4895957, "max": 4896636, "mean": 4896296.5, "dir": "snapshots/random_hybrid_3d/0418/22/1"}, "leaf": false, "n_nets": 2}