{"ari": {"min": 0.8306213617324829, "max": 0.8306469321250916, "mean": 0.8306341469287872, "dir": "snapshots/random_hybrid_3d/0424/53/0"}, "miou": {"min": 0.6219492554664612, "max": 0.6220967173576355, "mean": 0.6220229864120483, "dir": "snapshots/random_hybrid_3d/0424/53/1"}, "accuracy": {"min": 0.9377042055130005, "max": 0.9378370046615601, "mean": 0.9377706050872803, "dir": "snapshots/random_hybrid_3d/0424/53/0"}, "n_params": {"min": 14914857, "max": 14914857, "mean": 14914857.0, "dir": "snapshots/random_hybrid_3d/0424/53/0"}, "leaf": false, "n_nets": 2}