{"leaf": true, "dir": "snapshots/random_hybrid_3d/0424/277/0", "n_nets": 1, "name": "Hybrid3DCRF_277_0", "ari": [0.8308057188987732], "miou": [0.6201963424682617], "accuracy": [0.937481164932251], "n_params": [165107], "n_iterations": 55200}