{"ari": {"min": 0.7835363745689392, "max": 0.828407883644104, "mean": 0.8059721291065216, "dir": "snapshots/random_hybrid_3d/0416/283/1"}, "miou": {"min": 0.33019351959228516, "max": 0.4350690245628357, "mean": 0.3826312720775604, "dir": "snapshots/random_hybrid_3d/0416/283/1"}, "accuracy": {"min": 0.9189568161964417, "max": 0.9356995820999146, "mean": 0.9273281991481781, "dir": "snapshots/random_hybrid_3d/0416/283/1"}, "n_params": {"min": 1928844, "max": 1928991, "mean": 1928917.5, "dir": "snapshots/random_hybrid_3d/0416/283/0"}, "leaf": false, "n_nets": 2}