{"ari": {"min": 0.8289899826049805, "max": 0.8290885090827942, "mean": 0.8290392458438873, "dir": "snapshots/random_hybrid_3d/0424/182/1"}, "miou": {"min": 0.6209572553634644, "max": 0.6242551803588867, "mean": 0.6226062178611755, "dir": "snapshots/random_hybrid_3d/0424/182/0"}, "accuracy": {"min": 0.9367817044258118, "max": 0.9372786283493042, "mean": 0.937030166387558, "dir": "snapshots/random_hybrid_3d/0424/182/1"}, "n_params": {"min": 1019613, "max": 1020208, "mean": 1019910.5, "dir": "snapshots/random_hybrid_3d/0424/182/0"}, "leaf": false, "n_nets": 2}