{"ari": {"min": 0.8290809392929077, "max": 0.8297035098075867, "mean": 0.8293922245502472, "dir": "snapshots/random_hybrid_3d/0424/207/1"}, "miou": {"min": 0.621062159538269, "max": 0.6230564117431641, "mean": 0.6220592856407166, "dir": "snapshots/random_hybrid_3d/0424/207/0"}, "accuracy": {"min": 0.9369871616363525, "max": 0.9374237060546875, "mean": 0.93720543384552, "dir": "snapshots/random_hybrid_3d/0424/207/1"}, "n_params": {"min": 6871326, "max": 6871326, "mean": 6871326.0, "dir": "snapshots/random_hybrid_3d/0424/207/0"}, "leaf": false, "n_nets": 2}