{"ari": {"min": 0.14932964742183685, "max": 0.14932964742183685, "mean": 0.14932964742183685, "dir": "snapshots/random_2d_ed_dense/0410/209/1"}, "miou": {"min": 0.10461502522230148, "max": 0.10461502522230148, "mean": 0.10461502522230148, "dir": "snapshots/random_2d_ed_dense/0410/209/1"}, "accuracy": {"min": 0.4644817113876343, "max": 0.4644817113876343, "mean": 0.4644817113876343, "dir": "snapshots/random_2d_ed_dense/0410/209/1"}, "n_params": {"min": 4326088, "max": 4326088, "mean": 4326088.0, "dir": "snapshots/random_2d_ed_dense/0410/209/1"}, "leaf": false, "n_nets": 1}