{"ari": {"min": 0.028523771092295647, "max": 0.10450076311826706, "mean": 0.06651226710528135, "dir": "snapshots/random_hybrid_3d/0416/183/1"}, "miou": {"min": 0.15576039254665375, "max": 0.23924709856510162, "mean": 0.19750374555587769, "dir": "snapshots/random_hybrid_3d/0416/183/1"}, "accuracy": {"min": 0.48431724309921265, "max": 0.4955926537513733, "mean": 0.48995494842529297, "dir": "snapshots/random_hybrid_3d/0416/183/0"}, "n_params": {"min": 11655, "max": 11655, "mean": 11655.0, "dir": "snapshots/random_hybrid_3d/0416/183/0"}, "leaf": false, "n_nets": 2}