{"ari": {"min": 0.48153215646743774, "max": 0.7785517573356628, "mean": 0.6300419569015503, "dir": "snapshots/random_hybrid_3d/0416/22/1"}, "miou": {"min": 0.21323375403881073, "max": 0.3429807722568512, "mean": 0.27810726314783096, "dir": "snapshots/random_hybrid_3d/0416/22/1"}, "accuracy": {"min": 0.8252230882644653, "max": 0.9129787683486938, "mean": 0.8691009283065796, "dir": "snapshots/random_hybrid_3d/0416/22/1"}, "n_params": {"min": 4896636, "max": 4896636, "mean": 4896636.0, "dir": "snapshots/random_hybrid_3d/0416/22/1"}, "leaf": false, "n_nets": 2}