{"ari": {"min": 0.02734837681055069, "max": 0.4709286391735077, "mean": 0.2491385079920292, "dir": "snapshots/random_2d_ed_dense/0410/297/0"}, "miou": {"min": 0.06157397851347923, "max": 0.1923758089542389, "mean": 0.12697489373385906, "dir": "snapshots/random_2d_ed_dense/0410/297/0"}, "accuracy": {"min": 0.40153491497039795, "max": 0.6808421015739441, "mean": 0.541188508272171, "dir": "snapshots/random_2d_ed_dense/0410/297/0"}, "n_params": {"min": 857496, "max": 857496, "mean": 857496.0, "dir": "snapshots/random_2d_ed_dense/0410/297/0"}, "leaf": false, "n_nets": 2}