{"ari": {"min": 0.6177625060081482, "max": 0.7519118785858154, "mean": 0.6995079636573791, "dir": "snapshots/random_2d_ed/1216/67/0"}, "miou": {"min": 0.2163693904876709, "max": 0.41961991786956787, "mean": 0.31311713457107543, "dir": "snapshots/random_2d_ed/1216/67/0"}, "accuracy": {"min": 0.8425464630126953, "max": 0.8878912925720215, "mean": 0.8670241236686707, "dir": "snapshots/random_2d_ed/1216/67/0"}, "n_params": {"min": 1880229, "max": 1880229, "mean": 1880229.0, "dir": "snapshots/random_2d_ed/1216/67/0"}, "leaf": false, "n_nets": 5}