{"ari": {"min": 0.7455620169639587, "max": 0.7519118785858154, "mean": 0.7487369477748871, "dir": "snapshots/random_2d_ed/1216/67/0"}, "miou": {"min": 0.4179217219352722, "max": 0.41961991786956787, "mean": 0.41877081990242004, "dir": "snapshots/random_2d_ed/1216/67/0"}, "accuracy": {"min": 0.8848239779472351, "max": 0.8878912925720215, "mean": 0.8863576352596283, "dir": "snapshots/random_2d_ed/1216/67/0"}, "n_params": {"min": 1880229, "max": 1880229, "mean": 1880229.0, "dir": "snapshots/random_2d_ed/1216/67/0"}, "leaf": false, "n_nets": 2}