{"ari": {"min": 0.8288220763206482, "max": 0.8295221328735352, "mean": 0.8291721045970917, "dir": "snapshots/random_hybrid_3d/0424/144/1"}, "miou": {"min": 0.5514851808547974, "max": 0.6252632737159729, "mean": 0.5883742272853851, "dir": "snapshots/random_hybrid_3d/0424/144/1"}, "accuracy": {"min": 0.9367900490760803, "max": 0.9368282556533813, "mean": 0.9368091523647308, "dir": "snapshots/random_hybrid_3d/0424/144/0"}, "n_params": {"min": 711219, "max": 711219, "mean": 711219.0, "dir": "snapshots/random_hybrid_3d/0424/144/0"}, "leaf": false, "n_nets": 2}