{"ari": {"min": 0.8287762403488159, "max": 0.8434234857559204, "mean": 0.8360998630523682, "dir": "snapshots/random_hybrid_3d/0416/87/1"}, "miou": {"min": 0.4337349534034729, "max": 0.5065348744392395, "mean": 0.4701349139213562, "dir": "snapshots/random_hybrid_3d/0416/87/1"}, "accuracy": {"min": 0.935451865196228, "max": 0.9425987005233765, "mean": 0.9390252828598022, "dir": "snapshots/random_hybrid_3d/0416/87/1"}, "n_params": {"min": 6246403, "max": 6247054, "mean": 6246728.5, "dir": "snapshots/random_hybrid_3d/0416/87/0"}, "leaf": false, "n_nets": 2}