{"ari": {"min": 0.7235288023948669, "max": 0.800593912601471, "mean": 0.7752949476242066, "dir": "snapshots/random_2d_ed/1210/63/0"}, "miou": {"min": 0.29344916343688965, "max": 0.5461897253990173, "mean": 0.41903595328330995, "dir": "snapshots/random_2d_ed/1210/63/0"}, "accuracy": {"min": 0.8937017321586609, "max": 0.9195848107337952, "mean": 0.9085807085037232, "dir": "snapshots/random_2d_ed/1210/63/0"}, "n_params": {"min": 1829719, "max": 1829719, "mean": 1829719.0, "dir": "snapshots/random_2d_ed/1210/63/0"}, "leaf": false, "n_nets": 5}