{"ari": {"min": 0.8434030413627625, "max": 0.8438975214958191, "mean": 0.8436502814292908, "dir": "snapshots/random_hybrid_3d/0416/90/0"}, "miou": {"min": 0.5302374958992004, "max": 0.5679358243942261, "mean": 0.5490866601467133, "dir": "snapshots/random_hybrid_3d/0416/90/1"}, "accuracy": {"min": 0.9434123635292053, "max": 0.9435315728187561, "mean": 0.9434719681739807, "dir": "snapshots/random_hybrid_3d/0416/90/0"}, "n_params": {"min": 271807, "max": 272479, "mean": 272143.0, "dir": "snapshots/random_hybrid_3d/0416/90/1"}, "leaf": false, "n_nets": 2}