{"leaf": true, "dir": "snapshots/random_hybrid_3d/0416/21/1", "n_nets": 1, "name": "Hybrid3DCRF_21_1", "ari": [0.8386975526809692], "miou": [0.5154693126678467], "accuracy": [0.9414952397346497], "n_params": [14563824], "n_iterations": 368}