{"ari": {"min": 0.8289238214492798, "max": 0.8289469480514526, "mean": 0.8289353847503662, "dir": "snapshots/random_hybrid_3d/0424/20/1"}, "miou": {"min": 0.6206219792366028, "max": 0.6227024793624878, "mean": 0.6216622292995453, "dir": "snapshots/random_hybrid_3d/0424/20/1"}, "accuracy": {"min": 0.9367839097976685, "max": 0.9371924996376038, "mean": 0.9369882047176361, "dir": "snapshots/random_hybrid_3d/0424/20/0"}, "n_params": {"min": 6143510, "max": 6143510, "mean": 6143510.0, "dir": "snapshots/random_hybrid_3d/0424/20/1"}, "leaf": false, "n_nets": 2}