{"leaf": true, "dir": "snapshots/random_2d_ed/1210/44/0", "n_nets": 1, "name": "RandomUnet2D_44_0", "ari": [0.6498203873634338], "miou": [0.28951600193977356], "accuracy": [0.8625794053077698], "n_params": [1626124], "n_iterations": 8800}