{"leaf": true, "dir": "snapshots/random_hybrid_3d/0424/148/0", "n_nets": 1, "name": "Hybrid3DCRF_148_0", "ari": [0.8301325440406799], "miou": [0.6219713091850281], "accuracy": [0.9378432631492615], "n_params": [5905441], "n_iterations": 55200}