{"ari": {"min": 0.6692332625389099, "max": 0.7126097083091736, "mean": 0.6909214854240417, "dir": "snapshots/random_2d_ed_dense/0410/198/0"}, "miou": {"min": 0.2788262367248535, "max": 0.37649646401405334, "mean": 0.32766135036945343, "dir": "snapshots/random_2d_ed_dense/0410/198/0"}, "accuracy": {"min": 0.8727099895477295, "max": 0.8751575350761414, "mean": 0.8739337623119354, "dir": "snapshots/random_2d_ed_dense/0410/198/0"}, "n_params": {"min": 200815, "max": 200815, "mean": 200815.0, "dir": "snapshots/random_2d_ed_dense/0410/198/1"}, "leaf": false, "n_nets": 2}