{"ari": {"min": 0.766523003578186, "max": 0.8027797937393188, "mean": 0.7846513986587524, "dir": "snapshots/random_hybrid_3d/0416/77/0"}, "miou": {"min": 0.304157555103302, "max": 0.41562777757644653, "mean": 0.35989266633987427, "dir": "snapshots/random_hybrid_3d/0416/77/0"}, "accuracy": {"min": 0.9130567908287048, "max": 0.9236368536949158, "mean": 0.9183468222618103, "dir": "snapshots/random_hybrid_3d/0416/77/0"}, "n_params": {"min": 67873, "max": 68020, "mean": 67946.5, "dir": "snapshots/random_hybrid_3d/0416/77/0"}, "leaf": false, "n_nets": 2}