{"ari": {"min": 0.6902948021888733, "max": 0.7469878792762756, "mean": 0.7162383675575257, "dir": "snapshots/random_2d_ed/1216/21/0"}, "miou": {"min": 0.21630245447158813, "max": 0.33668142557144165, "mean": 0.27192099690437316, "dir": "snapshots/random_2d_ed/1216/21/0"}, "accuracy": {"min": 0.8668344616889954, "max": 0.885872483253479, "mean": 0.8780103921890259, "dir": "snapshots/random_2d_ed/1216/21/0"}, "n_params": {"min": 2459732, "max": 2459732, "mean": 2459732.0, "dir": "snapshots/random_2d_ed/1216/21/0"}, "leaf": false, "n_nets": 5}