{"ari": {"min": 0.6942211985588074, "max": 0.7558982372283936, "mean": 0.7297154188156127, "dir": "snapshots/random_2d_ed/1216/21/0"}, "miou": {"min": 0.24713215231895447, "max": 0.361996054649353, "mean": 0.29017032980918883, "dir": "snapshots/random_2d_ed/1216/21/0"}, "accuracy": {"min": 0.8750821352005005, "max": 0.889635443687439, "mean": 0.8831522107124329, "dir": "snapshots/random_2d_ed/1216/21/0"}, "n_params": {"min": 2459732, "max": 2459732, "mean": 2459732.0, "dir": "snapshots/random_2d_ed/1216/21/0"}, "leaf": false, "n_nets": 5}