{"ari": {"min": 0.6103096604347229, "max": 0.8197973966598511, "mean": 0.7666466116905213, "dir": "snapshots/random_2d_ed/1216/40/3"}, "miou": {"min": 0.20645886659622192, "max": 0.5400397777557373, "mean": 0.446589869260788, "dir": "snapshots/random_2d_ed/1216/40/1"}, "accuracy": {"min": 0.8480195999145508, "max": 0.9190689921379089, "mean": 0.900749683380127, "dir": "snapshots/random_2d_ed/1216/40/3"}, "n_params": {"min": 1822954, "max": 1822954, "mean": 1822954.0, "dir": "snapshots/random_2d_ed/1216/40/0"}, "leaf": false, "n_nets": 5}