{"leaf": true, "dir": "snapshots/random_hybrid_3d/0424/98/1", "n_nets": 1, "name": "Hybrid3DCRF_98_1", "ari": [0.8282619118690491], "miou": [0.6226636171340942], "accuracy": [0.9366406798362732], "n_params": [5295673], "n_iterations": 55200}