{"leaf": true, "dir": "snapshots/random_2d_ed/1210/96/2", "n_nets": 1, "name": "RandomUnet2D_96_1", "ari": [0.7681975364685059], "miou": [0.4193367063999176], "accuracy": [0.8975826501846313], "n_params": [1459642], "n_iterations": 16000}