{"ari": {"min": 0.8400889039039612, "max": 0.8403127193450928, "mean": 0.840200811624527, "dir": "snapshots/random_hybrid_3d/0416/258/1"}, "miou": {"min": 0.4934585392475128, "max": 0.5695089101791382, "mean": 0.5314837247133255, "dir": "snapshots/random_hybrid_3d/0416/258/1"}, "accuracy": {"min": 0.9412553310394287, "max": 0.9426307082176208, "mean": 0.9419430196285248, "dir": "snapshots/random_hybrid_3d/0416/258/1"}, "n_params": {"min": 3260354, "max": 3261880, "mean": 3261117.0, "dir": "snapshots/random_hybrid_3d/0416/258/1"}, "leaf": false, "n_nets": 2}