{"leaf": true, "dir": "snapshots/random_hybrid_3d/0416/283/1", "n_nets": 1, "name": "Hybrid3DCRF_283_0", "ari": [0.828407883644104], "miou": [0.4350690245628357], "accuracy": [0.9356995820999146], "n_params": [1928844], "n_iterations": 368}