{"ari": {"min": 0.8295333981513977, "max": 0.8299707174301147, "mean": 0.8297520577907562, "dir": "snapshots/random_hybrid_3d/0424/77/1"}, "miou": {"min": 0.6220647096633911, "max": 0.6271926760673523, "mean": 0.6246286928653717, "dir": "snapshots/random_hybrid_3d/0424/77/1"}, "accuracy": {"min": 0.9370598793029785, "max": 0.9379459023475647, "mean": 0.9375028908252716, "dir": "snapshots/random_hybrid_3d/0424/77/1"}, "n_params": {"min": 13839718, "max": 13841524, "mean": 13840621.0, "dir": "snapshots/random_hybrid_3d/0424/77/1"}, "leaf": false, "n_nets": 2}