{"ari": {"min": 0.8295549750328064, "max": 0.8296422362327576, "mean": 0.829598605632782, "dir": "snapshots/random_hybrid_3d/0424/145/1"}, "miou": {"min": 0.6208563446998596, "max": 0.6256651282310486, "mean": 0.6232607364654541, "dir": "snapshots/random_hybrid_3d/0424/145/1"}, "accuracy": {"min": 0.93697589635849, "max": 0.9373661279678345, "mean": 0.9371710121631622, "dir": "snapshots/random_hybrid_3d/0424/145/0"}, "n_params": {"min": 3086029, "max": 3087415, "mean": 3086722.0, "dir": "snapshots/random_hybrid_3d/0424/145/1"}, "leaf": false, "n_nets": 2}