{"leaf": true, "dir": "snapshots/random_2d_ed_dense/0410/110/0", "n_nets": 1, "name": "RandomUnet2D_110_1", "ari": [0.8127641081809998], "miou": [0.5437889695167542], "accuracy": [0.9257118701934814], "n_params": [14344583], "n_iterations": 125000}