{"ari": {"min": 0.8282320499420166, "max": 0.8297767639160156, "mean": 0.8290044069290161, "dir": "snapshots/random_hybrid_3d/0424/240/1"}, "miou": {"min": 0.6090870499610901, "max": 0.6215201020240784, "mean": 0.6153035759925842, "dir": "snapshots/random_hybrid_3d/0424/240/1"}, "accuracy": {"min": 0.9365960359573364, "max": 0.9372215270996094, "mean": 0.9369087815284729, "dir": "snapshots/random_hybrid_3d/0424/240/1"}, "n_params": {"min": 918155, "max": 919730, "mean": 918942.5, "dir": "snapshots/random_hybrid_3d/0424/240/0"}, "leaf": false, "n_nets": 2}