{"ari": {"min": 0.8417595624923706, "max": 0.842105507850647, "mean": 0.8419325351715088, "dir": "snapshots/random_hybrid_3d/0416/204/0"}, "miou": {"min": 0.4738355278968811, "max": 0.48398685455322266, "mean": 0.4789111912250519, "dir": "snapshots/random_hybrid_3d/0416/204/0"}, "accuracy": {"min": 0.9408643841743469, "max": 0.9413838982582092, "mean": 0.9411241412162781, "dir": "snapshots/random_hybrid_3d/0416/204/0"}, "n_params": {"min": 5047665, "max": 5050073, "mean": 5048869.0, "dir": "snapshots/random_hybrid_3d/0416/204/0"}, "leaf": false, "n_nets": 2}