{"ari": {"min": 0.8289080262184143, "max": 0.8300771117210388, "mean": 0.8294925689697266, "dir": "snapshots/random_hybrid_3d/0424/92/0"}, "miou": {"min": 0.5445855855941772, "max": 0.6113147735595703, "mean": 0.5779501795768738, "dir": "snapshots/random_hybrid_3d/0424/92/1"}, "accuracy": {"min": 0.9367360472679138, "max": 0.9376781582832336, "mean": 0.9372071027755737, "dir": "snapshots/random_hybrid_3d/0424/92/0"}, "n_params": {"min": 5096147, "max": 5096581, "mean": 5096364.0, "dir": "snapshots/random_hybrid_3d/0424/92/0"}, "leaf": false, "n_nets": 2}