{"ari": {"min": 0.8293694257736206, "max": 0.8294426202774048, "mean": 0.8294060230255127, "dir": "snapshots/random_hybrid_3d/0424/183/1"}, "miou": {"min": 0.5459149479866028, "max": 0.6220906376838684, "mean": 0.5840027928352356, "dir": "snapshots/random_hybrid_3d/0424/183/0"}, "accuracy": {"min": 0.9369848370552063, "max": 0.937015175819397, "mean": 0.9370000064373016, "dir": "snapshots/random_hybrid_3d/0424/183/0"}, "n_params": {"min": 198062, "max": 198062, "mean": 198062.0, "dir": "snapshots/random_hybrid_3d/0424/183/1"}, "leaf": false, "n_nets": 2}