{"ari": {"min": 0.8013648986816406, "max": 0.8294181823730469, "mean": 0.8153915405273438, "dir": "snapshots/random_hybrid_3d/0424/36/0"}, "miou": {"min": 0.4975525438785553, "max": 0.61988365650177, "mean": 0.5587181001901627, "dir": "snapshots/random_hybrid_3d/0424/36/0"}, "accuracy": {"min": 0.926317036151886, "max": 0.9368855357170105, "mean": 0.9316012859344482, "dir": "snapshots/random_hybrid_3d/0424/36/0"}, "n_params": {"min": 6279, "max": 6279, "mean": 6279.0, "dir": "snapshots/random_hybrid_3d/0424/36/0"}, "leaf": false, "n_nets": 2}