{"ari": {"min": 0.5073896646499634, "max": 0.5073896646499634, "mean": 0.5073896646499634, "dir": "snapshots/random_2d_ed_dense/0410/173/1"}, "miou": {"min": 0.1705974042415619, "max": 0.1705974042415619, "mean": 0.1705974042415619, "dir": "snapshots/random_2d_ed_dense/0410/173/1"}, "accuracy": {"min": 0.5653813481330872, "max": 0.5653813481330872, "mean": 0.5653813481330872, "dir": "snapshots/random_2d_ed_dense/0410/173/1"}, "n_params": {"min": 248127, "max": 248127, "mean": 248127.0, "dir": "snapshots/random_2d_ed_dense/0410/173/1"}, "leaf": false, "n_nets": 1}