{"ari": {"min": 0.8292737603187561, "max": 0.8295124769210815, "mean": 0.8293931186199188, "dir": "snapshots/random_hybrid_3d/0424/221/0"}, "miou": {"min": 0.5969633460044861, "max": 0.6241651177406311, "mean": 0.6105642318725586, "dir": "snapshots/random_hybrid_3d/0424/221/0"}, "accuracy": {"min": 0.9368423819541931, "max": 0.9369157552719116, "mean": 0.9368790686130524, "dir": "snapshots/random_hybrid_3d/0424/221/1"}, "n_params": {"min": 4558856, "max": 4558856, "mean": 4558856.0, "dir": "snapshots/random_hybrid_3d/0424/221/0"}, "leaf": false, "n_nets": 2}