{"leaf": true, "dir": "snapshots/random_2d_ed/1210/74/3", "n_nets": 1, "name": "RandomUnet2D_74_1", "ari": [0.7693122029304504], "miou": [0.40882399678230286], "accuracy": [0.9209511876106262], "n_params": [49953371], "n_iterations": 49000}