{"leaf": true, "dir": "snapshots/random_hybrid_3d/0418/39/0", "n_nets": 1, "name": "Hybrid3DCRF_39_1", "ari": [0.8291984796524048], "miou": [0.6130863428115845], "accuracy": [0.9368665814399719], "n_params": [3336097], "n_iterations": 7360}