{"ari": {"min": 0.7626109719276428, "max": 0.8199183940887451, "mean": 0.7889283061027527, "dir": "snapshots/random_2d_ed/1216/87/4"}, "miou": {"min": 0.3681179881095886, "max": 0.5089114308357239, "mean": 0.4285699546337128, "dir": "snapshots/random_2d_ed/1216/87/0"}, "accuracy": {"min": 0.898434579372406, "max": 0.9219606518745422, "mean": 0.906394612789154, "dir": "snapshots/random_2d_ed/1216/87/4"}, "n_params": {"min": 3586068, "max": 3586068, "mean": 3586068.0, "dir": "snapshots/random_2d_ed/1216/87/0"}, "leaf": false, "n_nets": 5}