{"ari": {"min": 0.6882681250572205, "max": 0.7115854620933533, "mean": 0.6999267935752869, "dir": "snapshots/random_2d_ed_dense/0503/288/1"}, "miou": {"min": 0.35117653012275696, "max": 0.3733547031879425, "mean": 0.36226561665534973, "dir": "snapshots/random_2d_ed_dense/0503/288/0"}, "accuracy": {"min": 0.8595365881919861, "max": 0.8840497732162476, "mean": 0.8717931807041168, "dir": "snapshots/random_2d_ed_dense/0503/288/1"}, "n_params": {"min": 744416, "max": 744416, "mean": 744416.0, "dir": "snapshots/random_2d_ed_dense/0503/288/0"}, "leaf": false, "n_nets": 2}