{"leaf": true, "dir": "snapshots/random_hybrid_3d/0418/22/1", "n_nets": 1, "name": "Hybrid3DCRF_22_1", "ari": [0.8303042650222778], "miou": [0.5354178547859192], "accuracy": [0.937539279460907], "n_params": [4896636], "n_iterations": 25760}