{"leaf": true, "dir": "snapshots/random_hybrid_3d/0416/246/0", "n_nets": 1, "name": "Hybrid3DCRF_246_1", "ari": [0.8409299254417419], "miou": [0.5060437917709351], "accuracy": [0.9419966340065002], "n_params": [333205], "n_iterations": 368}