{"ari": {"min": 0.828790009021759, "max": 0.8288253545761108, "mean": 0.8288076817989349, "dir": "snapshots/random_hybrid_3d/0424/115/1"}, "miou": {"min": 0.6129692196846008, "max": 0.6202216148376465, "mean": 0.6165954172611237, "dir": "snapshots/random_hybrid_3d/0424/115/0"}, "accuracy": {"min": 0.9367702603340149, "max": 0.9368880391120911, "mean": 0.936829149723053, "dir": "snapshots/random_hybrid_3d/0424/115/0"}, "n_params": {"min": 2659099, "max": 2659099, "mean": 2659099.0, "dir": "snapshots/random_hybrid_3d/0424/115/0"}, "leaf": false, "n_nets": 2}