{"ari": {"min": 0.8281830549240112, "max": 0.8291341066360474, "mean": 0.8286585807800293, "dir": "snapshots/random_hybrid_3d/0424/115/1"}, "miou": {"min": 0.6121252179145813, "max": 0.6172474026679993, "mean": 0.6146863102912903, "dir": "snapshots/random_hybrid_3d/0424/115/0"}, "accuracy": {"min": 0.9365902543067932, "max": 0.9366273880004883, "mean": 0.9366088211536407, "dir": "snapshots/random_hybrid_3d/0424/115/1"}, "n_params": {"min": 2659099, "max": 2659099, "mean": 2659099.0, "dir": "snapshots/random_hybrid_3d/0424/115/0"}, "leaf": false, "n_nets": 2}