{"leaf": true, "dir": "snapshots/random_2d_ed/1216/52/4", "n_nets": 1, "name": "RandomUnet2D_52_2", "ari": [0.8160252571105957], "miou": [0.5596299171447754], "accuracy": [0.9215750098228455], "n_params": [7276783], "n_iterations": 44500}