{"leaf": true, "dir": "snapshots/random_hybrid_3d/0424/125/0", "n_nets": 1, "name": "Hybrid3DCRF_125_0", "ari": [0.8294768333435059], "miou": [0.548361599445343], "accuracy": [0.9375245571136475], "n_params": [716007], "n_iterations": 9200}