{"ari": {"min": 0.8151884078979492, "max": 0.8291680812835693, "mean": 0.8221782445907593, "dir": "snapshots/random_hybrid_3d/0424/293/1"}, "miou": {"min": 0.5455394983291626, "max": 0.6192873120307922, "mean": 0.5824134051799774, "dir": "snapshots/random_hybrid_3d/0424/293/1"}, "accuracy": {"min": 0.9293898344039917, "max": 0.9368695616722107, "mean": 0.9331296980381012, "dir": "snapshots/random_hybrid_3d/0424/293/1"}, "n_params": {"min": 1576073, "max": 1576073, "mean": 1576073.0, "dir": "snapshots/random_hybrid_3d/0424/293/0"}, "leaf": false, "n_nets": 2}