{"ari": {"min": 0.8290475606918335, "max": 0.8290475606918335, "mean": 0.8290475606918335, "dir": "snapshots/random_hybrid_3d/0418/148/0"}, "miou": {"min": 0.6161249279975891, "max": 0.6161249279975891, "mean": 0.6161249279975891, "dir": "snapshots/random_hybrid_3d/0418/148/0"}, "accuracy": {"min": 0.9367578029632568, "max": 0.9367578029632568, "mean": 0.9367578029632568, "dir": "snapshots/random_hybrid_3d/0418/148/0"}, "n_params": {"min": 110034, "max": 110034, "mean": 110034.0, "dir": "snapshots/random_hybrid_3d/0418/148/0"}, "leaf": false, "n_nets": 1}