{"ari": {"min": 0.5790876746177673, "max": 0.6913968920707703, "mean": 0.6352422833442688, "dir": "snapshots/random_2d_ed_dense/0410/92/0"}, "miou": {"min": 0.287249892950058, "max": 0.3239270746707916, "mean": 0.3055884838104248, "dir": "snapshots/random_2d_ed_dense/0410/92/0"}, "accuracy": {"min": 0.806096613407135, "max": 0.8530910611152649, "mean": 0.8295938372612, "dir": "snapshots/random_2d_ed_dense/0410/92/0"}, "n_params": {"min": 328413, "max": 328413, "mean": 328413.0, "dir": "snapshots/random_2d_ed_dense/0410/92/0"}, "leaf": false, "n_nets": 2}