{"ari": {"min": 0.8293623924255371, "max": 0.8301836848258972, "mean": 0.8297730386257172, "dir": "snapshots/random_hybrid_3d/0424/10/0"}, "miou": {"min": 0.6214374899864197, "max": 0.6236144304275513, "mean": 0.6225259602069855, "dir": "snapshots/random_hybrid_3d/0424/10/0"}, "accuracy": {"min": 0.9370846152305603, "max": 0.9374546408653259, "mean": 0.9372696280479431, "dir": "snapshots/random_hybrid_3d/0424/10/0"}, "n_params": {"min": 1722346, "max": 1722346, "mean": 1722346.0, "dir": "snapshots/random_hybrid_3d/0424/10/1"}, "leaf": false, "n_nets": 2}