{"ari": {"min": 0.5127338767051697, "max": 0.6402581930160522, "mean": 0.576496034860611, "dir": "snapshots/random_2d_ed_dense/0503/11/0"}, "miou": {"min": 0.2752434313297272, "max": 0.29441893100738525, "mean": 0.2848311811685562, "dir": "snapshots/random_2d_ed_dense/0503/11/1"}, "accuracy": {"min": 0.8098435997962952, "max": 0.8656992316246033, "mean": 0.8377714157104492, "dir": "snapshots/random_2d_ed_dense/0503/11/0"}, "n_params": {"min": 983377, "max": 983377, "mean": 983377.0, "dir": "snapshots/random_2d_ed_dense/0503/11/0"}, "leaf": false, "n_nets": 2}