{"ari": {"min": 0.7802942991256714, "max": 0.8415884971618652, "mean": 0.8109413981437683, "dir": "snapshots/random_hybrid_3d/0416/250/1"}, "miou": {"min": 0.32047238945961, "max": 0.5717076659202576, "mean": 0.4460900276899338, "dir": "snapshots/random_hybrid_3d/0416/250/1"}, "accuracy": {"min": 0.9172869324684143, "max": 0.9433238506317139, "mean": 0.9303053915500641, "dir": "snapshots/random_hybrid_3d/0416/250/1"}, "n_params": {"min": 53931, "max": 54078, "mean": 54004.5, "dir": "snapshots/random_hybrid_3d/0416/250/0"}, "leaf": false, "n_nets": 2}