{"ari": {"min": 0.8305346369743347, "max": 0.832144021987915, "mean": 0.8313393294811249, "dir": "snapshots/random_hybrid_3d/0416/297/1"}, "miou": {"min": 0.43122658133506775, "max": 0.48612794280052185, "mean": 0.4586772620677948, "dir": "snapshots/random_hybrid_3d/0416/297/1"}, "accuracy": {"min": 0.9355065822601318, "max": 0.9373521208763123, "mean": 0.936429351568222, "dir": "snapshots/random_hybrid_3d/0416/297/1"}, "n_params": {"min": 6868252, "max": 6869764, "mean": 6869008.0, "dir": "snapshots/random_hybrid_3d/0416/297/1"}, "leaf": false, "n_nets": 2}