{"ari": {"min": 0.8282768130302429, "max": 0.8283096551895142, "mean": 0.8282932341098785, "dir": "snapshots/random_hybrid_3d/0424/160/0"}, "miou": {"min": 0.6135529279708862, "max": 0.6164336800575256, "mean": 0.6149933040142059, "dir": "snapshots/random_hybrid_3d/0424/160/1"}, "accuracy": {"min": 0.9364103674888611, "max": 0.936668872833252, "mean": 0.9365396201610565, "dir": "snapshots/random_hybrid_3d/0424/160/0"}, "n_params": {"min": 4466859, "max": 4468098, "mean": 4467478.5, "dir": "snapshots/random_hybrid_3d/0424/160/1"}, "leaf": false, "n_nets": 2}