{"ari": {"min": 0.8290703892707825, "max": 0.8294012546539307, "mean": 0.8292358219623566, "dir": "snapshots/random_hybrid_3d/0424/9/0"}, "miou": {"min": 0.546281099319458, "max": 0.6323065757751465, "mean": 0.5892938375473022, "dir": "snapshots/random_hybrid_3d/0424/9/0"}, "accuracy": {"min": 0.9371860027313232, "max": 0.9372273683547974, "mean": 0.9372066855430603, "dir": "snapshots/random_hybrid_3d/0424/9/0"}, "n_params": {"min": 134409, "max": 134409, "mean": 134409.0, "dir": "snapshots/random_hybrid_3d/0424/9/1"}, "leaf": false, "n_nets": 2}