{"leaf": true, "dir": "snapshots/random_2d_ed/1216/95/1", "n_nets": 1, "name": "RandomUnet2D_95_0", "ari": [0.7749001979827881], "miou": [0.45368310809135437], "accuracy": [0.8979228138923645], "n_params": [2292994], "n_iterations": 96120}