{"ari": {"min": 0.798981785774231, "max": 0.8240512609481812, "mean": 0.8120606660842895, "dir": "snapshots/random_2d_ed/1210/31/0"}, "miou": {"min": 0.42040345072746277, "max": 0.5239695906639099, "mean": 0.4686562180519104, "dir": "snapshots/random_2d_ed/1210/31/4"}, "accuracy": {"min": 0.919818103313446, "max": 0.9338255524635315, "mean": 0.9259881496429443, "dir": "snapshots/random_2d_ed/1210/31/0"}, "n_params": {"min": 52598179, "max": 52598179, "mean": 52598179.0, "dir": "snapshots/random_2d_ed/1210/31/0"}, "leaf": false, "n_nets": 5}