{"ari": {"min": 1.1846023773869857e-17, "max": 0.7979207038879395, "mean": 0.6164054632186889, "dir": "snapshots/random_2d_ed/1210/31/0"}, "miou": {"min": 0.06716249138116837, "max": 0.43104690313339233, "mean": 0.3105982854962349, "dir": "snapshots/random_2d_ed/1210/31/0"}, "accuracy": {"min": 0.47013741731643677, "max": 0.9193400740623474, "mean": 0.8219152331352234, "dir": "snapshots/random_2d_ed/1210/31/0"}, "n_params": {"min": 52598179, "max": 52598179, "mean": 52598179.0, "dir": "snapshots/random_2d_ed/1210/31/0"}, "leaf": false, "n_nets": 5}