{"leaf": true, "dir": "snapshots/random_2d_ed/1216/53/4", "n_nets": 1, "name": "RandomUnet2D_53_4", "ari": [0.5804429650306702], "miou": [0.2849748134613037], "accuracy": [0.8776494264602661], "n_params": [98298755], "n_iterations": 28480}