{"ari": {"min": 0.7129649519920349, "max": 0.805415153503418, "mean": 0.7752630472183227, "dir": "snapshots/random_2d_ed/1210/96/4"}, "miou": {"min": 0.3548460304737091, "max": 0.5548503994941711, "mean": 0.43581865429878236, "dir": "snapshots/random_2d_ed/1210/96/4"}, "accuracy": {"min": 0.8913321495056152, "max": 0.9208861589431763, "mean": 0.9075781822204589, "dir": "snapshots/random_2d_ed/1210/96/4"}, "n_params": {"min": 1459642, "max": 1459642, "mean": 1459642.0, "dir": "snapshots/random_2d_ed/1210/96/0"}, "leaf": false, "n_nets": 5}