{"leaf": true, "dir": "snapshots/random_2d_ed_dense/0503/162/1", "n_nets": 1, "name": "RandomUnet2D_162_0", "ari": [0.8106507062911987], "miou": [0.6002904772758484], "accuracy": [0.9275467991828918], "n_params": [724961], "n_iterations": 180000}