{"leaf": true, "dir": "snapshots/random_2d_ed/1216/99/4", "n_nets": 1, "name": "RandomUnet2D_99_1", "ari": [0.7166340351104736], "miou": [0.36695605516433716], "accuracy": [0.8760027289390564], "n_params": [928663], "n_iterations": 42720}