{"ari": {"min": 0.02777777798473835, "max": 0.0277818962931633, "mean": 0.027779150754213333, "dir": "snapshots/multi_binary/1220/2/3"}, "miou": {"min": 0.48909541964530945, "max": 0.48909804224967957, "mean": 0.4890962938467662, "dir": "snapshots/multi_binary/1220/2/3"}, "accuracy": {"min": 0.9781907200813293, "max": 0.9781911373138428, "mean": 0.9781909982363383, "dir": "snapshots/multi_binary/1220/2/4"}, "n_params": {"min": 31030658, "max": 31030658, "mean": 31030658.0, "dir": "snapshots/multi_binary/1220/2/3"}, "leaf": false, "n_nets": 3}