{"ari": {"min": 0.5012574195861816, "max": 0.5012574195861816, "mean": 0.5012574195861816, "dir": "snapshots/random_2d_ed_dense/0410/154/1"}, "miou": {"min": 0.2141375094652176, "max": 0.2141375094652176, "mean": 0.2141375094652176, "dir": "snapshots/random_2d_ed_dense/0410/154/1"}, "accuracy": {"min": 0.8174648284912109, "max": 0.8174648284912109, "mean": 0.8174648284912109, "dir": "snapshots/random_2d_ed_dense/0410/154/1"}, "n_params": {"min": 3037111, "max": 3037111, "mean": 3037111.0, "dir": "snapshots/random_2d_ed_dense/0410/154/1"}, "leaf": false, "n_nets": 1}