{"ari": {"min": 0.826100766658783, "max": 0.8317126035690308, "mean": 0.8289066851139069, "dir": "snapshots/random_hybrid_3d/0424/74/0"}, "miou": {"min": 0.6132730841636658, "max": 0.623886227607727, "mean": 0.6185796558856964, "dir": "snapshots/random_hybrid_3d/0424/74/0"}, "accuracy": {"min": 0.9362125396728516, "max": 0.9381182789802551, "mean": 0.9371654093265533, "dir": "snapshots/random_hybrid_3d/0424/74/0"}, "n_params": {"min": 97046028, "max": 97048527, "mean": 97047277.5, "dir": "snapshots/random_hybrid_3d/0424/74/1"}, "leaf": false, "n_nets": 2}