{"ari": {"min": 0.8209496140480042, "max": 0.8312579393386841, "mean": 0.8261037766933441, "dir": "snapshots/random_hybrid_3d/0424/74/0"}, "miou": {"min": 0.5333733558654785, "max": 0.6235215067863464, "mean": 0.5784474313259125, "dir": "snapshots/random_hybrid_3d/0424/74/0"}, "accuracy": {"min": 0.9337656497955322, "max": 0.937764585018158, "mean": 0.9357651174068451, "dir": "snapshots/random_hybrid_3d/0424/74/0"}, "n_params": {"min": 97046028, "max": 97048527, "mean": 97047277.5, "dir": "snapshots/random_hybrid_3d/0424/74/1"}, "leaf": false, "n_nets": 2}