{"ari": {"min": 0.6290046572685242, "max": 0.7808659672737122, "mean": 0.7192082047462464, "dir": "snapshots/random_2d_ed/1216/50/2"}, "miou": {"min": 0.21905837953090668, "max": 0.4735901355743408, "mean": 0.3486553132534027, "dir": "snapshots/random_2d_ed/1216/50/1"}, "accuracy": {"min": 0.8489388227462769, "max": 0.8980581164360046, "mean": 0.8777711987495422, "dir": "snapshots/random_2d_ed/1216/50/2"}, "n_params": {"min": 807571, "max": 807571, "mean": 807571.0, "dir": "snapshots/random_2d_ed/1216/50/0"}, "leaf": false, "n_nets": 5}