{"ari": {"min": 0.6340554356575012, "max": 0.7309082746505737, "mean": 0.689738929271698, "dir": "snapshots/random_2d_ed/1210/50/1"}, "miou": {"min": 0.30236557126045227, "max": 0.4006330370903015, "mean": 0.33861479759216306, "dir": "snapshots/random_2d_ed/1210/50/1"}, "accuracy": {"min": 0.8601661920547485, "max": 0.9073364734649658, "mean": 0.8896271467208863, "dir": "snapshots/random_2d_ed/1210/50/1"}, "n_params": {"min": 32516923, "max": 32516923, "mean": 32516923.0, "dir": "snapshots/random_2d_ed/1210/50/0"}, "leaf": false, "n_nets": 5}