{"ari": {"min": -1.161268935795845e-18, "max": -1.161268935795845e-18, "mean": -1.161268935795845e-18, "dir": "snapshots/hybrid_3d_crf/0401/0/22"}, "miou": {"min": 0.06525168567895889, "max": 0.06525168567895889, "mean": 0.06525168567895889, "dir": "snapshots/hybrid_3d_crf/0401/0/22"}, "accuracy": {"min": 0.45676177740097046, "max": 0.45676177740097046, "mean": 0.45676177740097046, "dir": "snapshots/hybrid_3d_crf/0401/0/22"}, "n_params": {"min": 1743930, "max": 1743930, "mean": 1743930.0, "dir": "snapshots/hybrid_3d_crf/0401/0/22"}, "leaf": false, "n_nets": 24}