{"leaf": true, "dir": "snapshots/random_hybrid_3d/0418/38/1", "n_nets": 1, "name": "Hybrid3DCRF_38_1", "ari": [0.8295621275901794], "miou": [0.6223353147506714], "accuracy": [0.9370373487472534], "n_params": [155875], "n_iterations": 55200}