{"leaf": true, "dir": "snapshots/random_2d_ed/1210/68/0", "n_nets": 1, "name": "RandomUnet2D_68_0", "ari": [0.5599496960639954], "miou": [0.3047530949115753], "accuracy": [0.8779837489128113], "n_params": [110541902], "n_iterations": 22400}