{"ari": {"min": 0.5327200889587402, "max": 0.7232489585876465, "mean": 0.6039090514183044, "dir": "snapshots/random_2d_ed/1216/75/0"}, "miou": {"min": 0.20602059364318848, "max": 0.361136257648468, "mean": 0.27499645948410034, "dir": "snapshots/random_2d_ed/1216/75/0"}, "accuracy": {"min": 0.856219470500946, "max": 0.9059140086174011, "mean": 0.871374762058258, "dir": "snapshots/random_2d_ed/1216/75/0"}, "n_params": {"min": 15629314, "max": 15629314, "mean": 15629314.0, "dir": "snapshots/random_2d_ed/1216/75/0"}, "leaf": false, "n_nets": 5}