{"ari": {"min": 0.836668848991394, "max": 0.8387080430984497, "mean": 0.8376884460449219, "dir": "snapshots/random_hybrid_3d/0416/126/0"}, "miou": {"min": 0.4975983798503876, "max": 0.5087146162986755, "mean": 0.5031564980745316, "dir": "snapshots/random_hybrid_3d/0416/126/0"}, "accuracy": {"min": 0.9401874542236328, "max": 0.9411109089851379, "mean": 0.9406491816043854, "dir": "snapshots/random_hybrid_3d/0416/126/0"}, "n_params": {"min": 127487, "max": 127634, "mean": 127560.5, "dir": "snapshots/random_hybrid_3d/0416/126/1"}, "leaf": false, "n_nets": 2}