{"leaf": true, "dir": "snapshots/random_hybrid_3d/0416/18/0", "n_nets": 1, "name": "Hybrid3DCRF_18_0", "ari": [0.8016472458839417], "miou": [0.41126301884651184], "accuracy": [0.9244221448898315], "n_params": [190466], "n_iterations": 368}