{"ari": {"min": 0.8316510319709778, "max": 0.841934859752655, "mean": 0.8367929458618164, "dir": "snapshots/random_hybrid_3d/0416/38/1"}, "miou": {"min": 0.47056418657302856, "max": 0.5726193189620972, "mean": 0.5215917527675629, "dir": "snapshots/random_hybrid_3d/0416/38/1"}, "accuracy": {"min": 0.9392173886299133, "max": 0.9430872201919556, "mean": 0.9411523044109344, "dir": "snapshots/random_hybrid_3d/0416/38/1"}, "n_params": {"min": 156022, "max": 156785, "mean": 156403.5, "dir": "snapshots/random_hybrid_3d/0416/38/1"}, "leaf": false, "n_nets": 2}