{"leaf": true, "dir": "snapshots/random_hybrid_3d/0416/169/0", "n_nets": 1, "name": "Hybrid3DCRF_169_0", "ari": [0.8428565263748169], "miou": [0.5349723100662231], "accuracy": [0.9434745907783508], "n_params": [71089], "n_iterations": 368}