{"ari": {"min": 0.8403981328010559, "max": 0.8429284691810608, "mean": 0.8416633009910583, "dir": "snapshots/random_hybrid_3d/0416/165/0"}, "miou": {"min": 0.5097677111625671, "max": 0.5098874568939209, "mean": 0.509827584028244, "dir": "snapshots/random_hybrid_3d/0416/165/0"}, "accuracy": {"min": 0.942070722579956, "max": 0.942747950553894, "mean": 0.942409336566925, "dir": "snapshots/random_hybrid_3d/0416/165/0"}, "n_params": {"min": 3460391, "max": 3460958, "mean": 3460674.5, "dir": "snapshots/random_hybrid_3d/0416/165/1"}, "leaf": false, "n_nets": 2}