{"ari": {"min": 0.14997385442256927, "max": 0.828119158744812, "mean": 0.48904650658369064, "dir": "snapshots/random_hybrid_3d/0424/225/0"}, "miou": {"min": 0.38698306679725647, "max": 0.6209606528282166, "mean": 0.5039718598127365, "dir": "snapshots/random_hybrid_3d/0424/225/0"}, "accuracy": {"min": 0.6275551319122314, "max": 0.9366788268089294, "mean": 0.7821169793605804, "dir": "snapshots/random_hybrid_3d/0424/225/0"}, "n_params": {"min": 8519, "max": 8519, "mean": 8519.0, "dir": "snapshots/random_hybrid_3d/0424/225/0"}, "leaf": false, "n_nets": 2}