{"leaf": true, "dir": "snapshots/random_2d_ed/1216/89/2", "n_nets": 1, "name": "RandomUnet2D_89_2", "ari": [0.6482692360877991], "miou": [0.24303682148456573], "accuracy": [0.8481510281562805], "n_params": [2514958], "n_iterations": 15664}