{"ari": {"min": 0.6431339383125305, "max": 0.7262144684791565, "mean": 0.6846742033958435, "dir": "snapshots/random_2d_ed_dense/0410/288/1"}, "miou": {"min": 0.2979608178138733, "max": 0.4008285105228424, "mean": 0.34939466416835785, "dir": "snapshots/random_2d_ed_dense/0410/288/1"}, "accuracy": {"min": 0.8399179577827454, "max": 0.8800657391548157, "mean": 0.8599918484687805, "dir": "snapshots/random_2d_ed_dense/0410/288/1"}, "n_params": {"min": 744538, "max": 744538, "mean": 744538.0, "dir": "snapshots/random_2d_ed_dense/0410/288/1"}, "leaf": false, "n_nets": 2}