{"ari": {"min": 0.8294149041175842, "max": 0.8301030397415161, "mean": 0.8297589719295502, "dir": "snapshots/random_hybrid_3d/0424/217/1"}, "miou": {"min": 0.6194297671318054, "max": 0.6218116879463196, "mean": 0.6206207275390625, "dir": "snapshots/random_hybrid_3d/0424/217/1"}, "accuracy": {"min": 0.9372658729553223, "max": 0.937316358089447, "mean": 0.9372911155223846, "dir": "snapshots/random_hybrid_3d/0424/217/0"}, "n_params": {"min": 5412056, "max": 5413904, "mean": 5412980.0, "dir": "snapshots/random_hybrid_3d/0424/217/0"}, "leaf": false, "n_nets": 2}