{"leaf": true, "dir": "snapshots/random_2d_ed/1216/21/2", "n_nets": 1, "name": "RandomUnet2D_21_2", "ari": [0.6912602186203003], "miou": [0.2518337368965149], "accuracy": [0.8736426830291748], "n_params": [2459732], "n_iterations": 11125}