{"leaf": true, "dir": "snapshots/random_hybrid_3d/0424/173/1", "n_nets": 1, "name": "Hybrid3DCRF_173_1", "ari": [0.8296502232551575], "miou": [0.6162323355674744], "accuracy": [0.937223494052887], "n_params": [9170589], "n_iterations": 55200}