{"ari": {"min": 0.6897156834602356, "max": 0.7872588038444519, "mean": 0.7487419247627258, "dir": "snapshots/random_2d_ed/1216/25/3"}, "miou": {"min": 0.2845478951931, "max": 0.4411624073982239, "mean": 0.37455223202705384, "dir": "snapshots/random_2d_ed/1216/25/4"}, "accuracy": {"min": 0.8752996921539307, "max": 0.911863386631012, "mean": 0.8957849264144897, "dir": "snapshots/random_2d_ed/1216/25/3"}, "n_params": {"min": 10166160, "max": 10166160, "mean": 10166160.0, "dir": "snapshots/random_2d_ed/1216/25/0"}, "leaf": false, "n_nets": 5}