{"ari": {"min": 0.8282697796821594, "max": 0.8289127945899963, "mean": 0.8285912871360779, "dir": "snapshots/random_hybrid_3d/0424/33/1"}, "miou": {"min": 0.5436440706253052, "max": 0.6195960640907288, "mean": 0.581620067358017, "dir": "snapshots/random_hybrid_3d/0424/33/1"}, "accuracy": {"min": 0.9365988373756409, "max": 0.9368880987167358, "mean": 0.9367434680461884, "dir": "snapshots/random_hybrid_3d/0424/33/1"}, "n_params": {"min": 1958829, "max": 1960278, "mean": 1959553.5, "dir": "snapshots/random_hybrid_3d/0424/33/0"}, "leaf": false, "n_nets": 2}