{"ari": {"min": 0.8291836380958557, "max": 0.8296604752540588, "mean": 0.8294220566749573, "dir": "snapshots/random_hybrid_3d/0424/33/1"}, "miou": {"min": 0.543640673160553, "max": 0.6177219152450562, "mean": 0.5806812942028046, "dir": "snapshots/random_hybrid_3d/0424/33/1"}, "accuracy": {"min": 0.9369058609008789, "max": 0.9372168183326721, "mean": 0.9370613396167755, "dir": "snapshots/random_hybrid_3d/0424/33/1"}, "n_params": {"min": 1958829, "max": 1960278, "mean": 1959553.5, "dir": "snapshots/random_hybrid_3d/0424/33/0"}, "leaf": false, "n_nets": 2}