{"ari": {"min": 0.8289127945899963, "max": 0.829071581363678, "mean": 0.8289921879768372, "dir": "snapshots/random_hybrid_3d/0424/33/0"}, "miou": {"min": 0.5426406860351562, "max": 0.6195960640907288, "mean": 0.5811183750629425, "dir": "snapshots/random_hybrid_3d/0424/33/1"}, "accuracy": {"min": 0.9368880987167358, "max": 0.9369088411331177, "mean": 0.9368984699249268, "dir": "snapshots/random_hybrid_3d/0424/33/0"}, "n_params": {"min": 1958829, "max": 1960278, "mean": 1959553.5, "dir": "snapshots/random_hybrid_3d/0424/33/0"}, "leaf": false, "n_nets": 2}