{"ari": {"min": 0.042325496673583984, "max": 0.8344334363937378, "mean": 0.4383794665336609, "dir": "snapshots/random_hybrid_3d/0416/248/1"}, "miou": {"min": 0.13385966420173645, "max": 0.4775175452232361, "mean": 0.30568860471248627, "dir": "snapshots/random_hybrid_3d/0416/248/1"}, "accuracy": {"min": 0.4731799364089966, "max": 0.9392400979995728, "mean": 0.7062100172042847, "dir": "snapshots/random_hybrid_3d/0416/248/1"}, "n_params": {"min": 115841, "max": 116555, "mean": 116198.0, "dir": "snapshots/random_hybrid_3d/0416/248/1"}, "leaf": false, "n_nets": 2}