{"ari": {"min": 0.7137058973312378, "max": 0.8423681259155273, "mean": 0.7780370116233826, "dir": "snapshots/random_hybrid_3d/0416/160/1"}, "miou": {"min": 0.24709650874137878, "max": 0.5258215069770813, "mean": 0.38645900785923004, "dir": "snapshots/random_hybrid_3d/0416/160/1"}, "accuracy": {"min": 0.8950499296188354, "max": 0.9416924118995667, "mean": 0.918371170759201, "dir": "snapshots/random_hybrid_3d/0416/160/1"}, "n_params": {"min": 2924967, "max": 2926332, "mean": 2925649.5, "dir": "snapshots/random_hybrid_3d/0416/160/0"}, "leaf": false, "n_nets": 2}