{"ari": {"min": 0.8274355530738831, "max": 0.82963627576828, "mean": 0.8285359144210815, "dir": "snapshots/random_hybrid_3d/0424/108/1"}, "miou": {"min": 0.6124499440193176, "max": 0.6245156526565552, "mean": 0.6184827983379364, "dir": "snapshots/random_hybrid_3d/0424/108/1"}, "accuracy": {"min": 0.9357534050941467, "max": 0.9373196363449097, "mean": 0.9365365207195282, "dir": "snapshots/random_hybrid_3d/0424/108/1"}, "n_params": {"min": 1064455, "max": 1065988, "mean": 1065221.5, "dir": "snapshots/random_hybrid_3d/0424/108/1"}, "leaf": false, "n_nets": 2}