{"leaf": true, "dir": "snapshots/random_hybrid_3d/0424/135/1", "n_nets": 1, "name": "Hybrid3DCRF_135_1", "ari": [0.8277410864830017], "miou": [0.6193069815635681], "accuracy": [0.9362125396728516], "n_params": [1347435], "n_iterations": 55200}