{"ari": {"min": 0.7331780195236206, "max": 0.8400848507881165, "mean": 0.7866314351558685, "dir": "snapshots/random_hybrid_3d/0416/272/1"}, "miou": {"min": 0.24931761622428894, "max": 0.507646918296814, "mean": 0.37848226726055145, "dir": "snapshots/random_hybrid_3d/0416/272/1"}, "accuracy": {"min": 0.9002358317375183, "max": 0.9421236515045166, "mean": 0.9211797416210175, "dir": "snapshots/random_hybrid_3d/0416/272/1"}, "n_params": {"min": 1447940, "max": 1447940, "mean": 1447940.0, "dir": "snapshots/random_hybrid_3d/0416/272/1"}, "leaf": false, "n_nets": 2}