{"leaf": true, "dir": "snapshots/random_2d_ed_dense/0503/271/0", "n_nets": 1, "name": "RandomUnet2D_271_1", "ari": [0.8011791110038757], "miou": [0.4662837088108063], "accuracy": [0.9229320287704468], "n_params": [3860188], "n_iterations": 125000}