{"ari": {"min": 0.6350328326225281, "max": 0.806948721408844, "mean": 0.7500222206115723, "dir": "snapshots/random_2d_ed/1216/80/0"}, "miou": {"min": 0.22897109389305115, "max": 0.5432001352310181, "mean": 0.40873841643333436, "dir": "snapshots/random_2d_ed/1216/80/0"}, "accuracy": {"min": 0.8604158163070679, "max": 0.9206081628799438, "mean": 0.8973462700843811, "dir": "snapshots/random_2d_ed/1216/80/0"}, "n_params": {"min": 5283596, "max": 5283596, "mean": 5283596.0, "dir": "snapshots/random_2d_ed/1216/80/0"}, "leaf": false, "n_nets": 5}