{"ari": {"min": 0.00014072924386709929, "max": 0.005742779932916164, "mean": 0.002941754588391632, "dir": "snapshots/random_hybrid_3d/0416/120/1"}, "miou": {"min": 0.06614132225513458, "max": 0.07711810618638992, "mean": 0.07162971422076225, "dir": "snapshots/random_hybrid_3d/0416/120/1"}, "accuracy": {"min": 0.4613882005214691, "max": 0.4634067118167877, "mean": 0.4623974561691284, "dir": "snapshots/random_hybrid_3d/0416/120/1"}, "n_params": {"min": 132898, "max": 132898, "mean": 132898.0, "dir": "snapshots/random_hybrid_3d/0416/120/1"}, "leaf": false, "n_nets": 2}