{"leaf": true, "dir": "snapshots/random_2d_ed/1210/75/4", "n_nets": 1, "name": "RandomUnet2D_75_4", "ari": [0.8200095891952515], "miou": [0.5101524591445923], "accuracy": [0.9292504191398621], "n_params": [7997183], "n_iterations": 25000}