{"ari": {"min": -5.007364969613845e-17, "max": 0.6702578663825989, "mean": 0.42726461092631024, "dir": "snapshots/random_2d_ed/1210/46/0"}, "miou": {"min": 0.06625118106603622, "max": 0.2799878716468811, "mean": 0.19291837761799494, "dir": "snapshots/random_2d_ed/1210/46/0"}, "accuracy": {"min": 0.463758260011673, "max": 0.8833972811698914, "mean": 0.7377477387587229, "dir": "snapshots/random_2d_ed/1210/46/0"}, "n_params": {"min": 209610976, "max": 209610976, "mean": 209610976.0, "dir": "snapshots/random_2d_ed/1210/46/0"}, "leaf": false, "n_nets": 3}