{"ari": {"min": -5.007364969613845e-17, "max": 0.7730183005332947, "mean": 0.5137030333280563, "dir": "snapshots/random_2d_ed/1210/46/4"}, "miou": {"min": 0.06625118106603622, "max": 0.3800327777862549, "mean": 0.23969697766005993, "dir": "snapshots/random_2d_ed/1210/46/4"}, "accuracy": {"min": 0.463758260011673, "max": 0.9090868234634399, "mean": 0.7805825099349022, "dir": "snapshots/random_2d_ed/1210/46/4"}, "n_params": {"min": 209610976, "max": 209610976, "mean": 209610976.0, "dir": "snapshots/random_2d_ed/1210/46/0"}, "leaf": false, "n_nets": 4}