{"ari": {"min": 0.6814778447151184, "max": 0.8177084922790527, "mean": 0.7693221688270568, "dir": "snapshots/random_2d_ed/1210/95/0"}, "miou": {"min": 0.2787861227989197, "max": 0.5150393843650818, "mean": 0.38207279443740844, "dir": "snapshots/random_2d_ed/1210/95/0"}, "accuracy": {"min": 0.864963710308075, "max": 0.9309685826301575, "mean": 0.9085290193557739, "dir": "snapshots/random_2d_ed/1210/95/0"}, "n_params": {"min": 8755384, "max": 8755384, "mean": 8755384.0, "dir": "snapshots/random_2d_ed/1210/95/0"}, "leaf": false, "n_nets": 5}