{"ari": {"min": 0.6307200789451599, "max": 0.6737861037254333, "mean": 0.6436684727668762, "dir": "snapshots/random_2d_ed/1210/89/2"}, "miou": {"min": 0.23475371301174164, "max": 0.2908654510974884, "mean": 0.25479383766651154, "dir": "snapshots/random_2d_ed/1210/89/2"}, "accuracy": {"min": 0.8508049249649048, "max": 0.8646973967552185, "mean": 0.8582613825798034, "dir": "snapshots/random_2d_ed/1210/89/2"}, "n_params": {"min": 291979, "max": 291979, "mean": 291979.0, "dir": "snapshots/random_2d_ed/1210/89/0"}, "leaf": false, "n_nets": 5}