{"ari": {"min": 0.6118192076683044, "max": 0.7758963108062744, "mean": 0.7097079634666443, "dir": "snapshots/random_2d_ed/1216/99/2"}, "miou": {"min": 0.20452387630939484, "max": 0.47307288646698, "mean": 0.3476034015417099, "dir": "snapshots/random_2d_ed/1216/99/2"}, "accuracy": {"min": 0.8416008949279785, "max": 0.8974010348320007, "mean": 0.8742676615715027, "dir": "snapshots/random_2d_ed/1216/99/2"}, "n_params": {"min": 928663, "max": 928663, "mean": 928663.0, "dir": "snapshots/random_2d_ed/1216/99/0"}, "leaf": false, "n_nets": 5}