{"leaf": true, "dir": "snapshots/random_hybrid_3d/0424/254/0", "n_nets": 1, "name": "Hybrid3DCRF_254_0", "ari": [0.830130934715271], "miou": [0.6210647821426392], "accuracy": [0.9377240538597107], "n_params": [30635331], "n_iterations": 55200}