{"ari": {"min": 0.3676546812057495, "max": 0.5594916343688965, "mean": 0.463573157787323, "dir": "snapshots/random_2d_ed_dense/0503/155/0"}, "miou": {"min": 0.003937064204365015, "max": 0.25269967317581177, "mean": 0.1283183686900884, "dir": "snapshots/random_2d_ed_dense/0503/155/0"}, "accuracy": {"min": 0.01898324489593506, "max": 0.714913547039032, "mean": 0.3669483959674835, "dir": "snapshots/random_2d_ed_dense/0503/155/0"}, "n_params": {"min": 5269586, "max": 5269586, "mean": 5269586.0, "dir": "snapshots/random_2d_ed_dense/0503/155/1"}, "leaf": false, "n_nets": 2}