{"leaf": true, "dir": "snapshots/random_hybrid_3d/0424/256/0", "n_nets": 1, "name": "Hybrid3DCRF_256_1", "ari": [0.8290338516235352], "miou": [0.6214461922645569], "accuracy": [0.9371601939201355], "n_params": [156597], "n_iterations": 55200}