{"ari": {"min": 0.82713782787323, "max": 0.8282582759857178, "mean": 0.8276980519294739, "dir": "snapshots/random_hybrid_3d/0424/212/0"}, "miou": {"min": 0.48897624015808105, "max": 0.6114773154258728, "mean": 0.5502267777919769, "dir": "snapshots/random_hybrid_3d/0424/212/0"}, "accuracy": {"min": 0.936161994934082, "max": 0.9369959235191345, "mean": 0.9365789592266083, "dir": "snapshots/random_hybrid_3d/0424/212/0"}, "n_params": {"min": 2104795, "max": 2105257, "mean": 2105026.0, "dir": "snapshots/random_hybrid_3d/0424/212/1"}, "leaf": false, "n_nets": 2}