{"ari": {"min": 0.6814216375350952, "max": 0.839347243309021, "mean": 0.7603844404220581, "dir": "snapshots/random_hybrid_3d/0416/57/0"}, "miou": {"min": 0.2419072836637497, "max": 0.5115303993225098, "mean": 0.37671884149312973, "dir": "snapshots/random_hybrid_3d/0416/57/0"}, "accuracy": {"min": 0.8853240609169006, "max": 0.9420154690742493, "mean": 0.913669764995575, "dir": "snapshots/random_hybrid_3d/0416/57/0"}, "n_params": {"min": 1475624, "max": 1475624, "mean": 1475624.0, "dir": "snapshots/random_hybrid_3d/0416/57/0"}, "leaf": false, "n_nets": 2}