{"ari": {"min": 0.8170465230941772, "max": 0.8287506699562073, "mean": 0.8228985965251923, "dir": "snapshots/random_hybrid_3d/0424/209/0"}, "miou": {"min": 0.49909648299217224, "max": 0.5441516637802124, "mean": 0.5216240733861923, "dir": "snapshots/random_hybrid_3d/0424/209/0"}, "accuracy": {"min": 0.9305604100227356, "max": 0.9367843866348267, "mean": 0.9336723983287811, "dir": "snapshots/random_hybrid_3d/0424/209/0"}, "n_params": {"min": 179848, "max": 179848, "mean": 179848.0, "dir": "snapshots/random_hybrid_3d/0424/209/0"}, "leaf": false, "n_nets": 2}