{"leaf": true, "dir": "snapshots/random_2d_ed/1216/51/3", "n_nets": 1, "name": "RandomUnet2D_51_1", "ari": [0.6946476101875305], "miou": [0.29465579986572266], "accuracy": [0.8613044619560242], "n_params": [334112], "n_iterations": 15664}