{"leaf": true, "dir": "snapshots/random_hybrid_3d/0416/127/1", "n_nets": 1, "name": "Hybrid3DCRF_127_0", "ari": [0.8397441506385803], "miou": [0.5123603940010071], "accuracy": [0.9426265954971313], "n_params": [438218], "n_iterations": 368}