{"ari": {"min": -6.765410968397707e-18, "max": 0.842901349067688, "mean": 0.421450674533844, "dir": "snapshots/random_hybrid_3d/0416/14/1"}, "miou": {"min": 0.06590643525123596, "max": 0.6436321139335632, "mean": 0.3547692745923996, "dir": "snapshots/random_hybrid_3d/0416/14/1"}, "accuracy": {"min": 0.46134504675865173, "max": 0.9436542987823486, "mean": 0.7024996727705002, "dir": "snapshots/random_hybrid_3d/0416/14/1"}, "n_params": {"min": 366889, "max": 368464, "mean": 367676.5, "dir": "snapshots/random_hybrid_3d/0416/14/0"}, "leaf": false, "n_nets": 2}