{"ari": {"min": 0.8295480608940125, "max": 0.8388844132423401, "mean": 0.8342162370681763, "dir": "snapshots/random_hybrid_3d/0416/276/0"}, "miou": {"min": 0.4973325729370117, "max": 0.6447758674621582, "mean": 0.571054220199585, "dir": "snapshots/random_hybrid_3d/0416/276/0"}, "accuracy": {"min": 0.9370703101158142, "max": 0.9422052502632141, "mean": 0.9396377801895142, "dir": "snapshots/random_hybrid_3d/0416/276/0"}, "n_params": {"min": 2060036, "max": 2060036, "mean": 2060036.0, "dir": "snapshots/random_hybrid_3d/0416/276/0"}, "leaf": false, "n_nets": 2}