{"ari": {"min": 0.6427889466285706, "max": 0.7771093845367432, "mean": 0.7059652924537658, "dir": "snapshots/random_2d_ed/1210/59/4"}, "miou": {"min": 0.2366614043712616, "max": 0.40918922424316406, "mean": 0.32827632427215575, "dir": "snapshots/random_2d_ed/1210/59/2"}, "accuracy": {"min": 0.8644988536834717, "max": 0.903243362903595, "mean": 0.879626727104187, "dir": "snapshots/random_2d_ed/1210/59/4"}, "n_params": {"min": 1848767, "max": 1848767, "mean": 1848767.0, "dir": "snapshots/random_2d_ed/1210/59/0"}, "leaf": false, "n_nets": 5}