{"ari": {"min": 0.8310004472732544, "max": 0.8405787944793701, "mean": 0.8357896208763123, "dir": "snapshots/random_hybrid_3d/0416/27/0"}, "miou": {"min": 0.43602922558784485, "max": 0.4531746804714203, "mean": 0.44460195302963257, "dir": "snapshots/random_hybrid_3d/0416/27/0"}, "accuracy": {"min": 0.9350745677947998, "max": 0.9375225901603699, "mean": 0.9362985789775848, "dir": "snapshots/random_hybrid_3d/0416/27/0"}, "n_params": {"min": 331054, "max": 331201, "mean": 331127.5, "dir": "snapshots/random_hybrid_3d/0416/27/0"}, "leaf": false, "n_nets": 2}