{"ari": {"min": 0.8284514546394348, "max": 0.8284514546394348, "mean": 0.8284514546394348, "dir": "snapshots/random_hybrid_3d/0418/256/1"}, "miou": {"min": 0.615790069103241, "max": 0.615790069103241, "mean": 0.615790069103241, "dir": "snapshots/random_hybrid_3d/0418/256/1"}, "accuracy": {"min": 0.9368715882301331, "max": 0.9368715882301331, "mean": 0.9368715882301331, "dir": "snapshots/random_hybrid_3d/0418/256/1"}, "n_params": {"min": 4942683, "max": 4942683, "mean": 4942683.0, "dir": "snapshots/random_hybrid_3d/0418/256/1"}, "leaf": false, "n_nets": 1}