{"ari": {"min": 0.8290644884109497, "max": 0.8308983445167542, "mean": 0.8299814164638519, "dir": "snapshots/random_hybrid_3d/0424/223/1"}, "miou": {"min": 0.6227377653121948, "max": 0.626192569732666, "mean": 0.6244651675224304, "dir": "snapshots/random_hybrid_3d/0424/223/0"}, "accuracy": {"min": 0.9369322657585144, "max": 0.9376039505004883, "mean": 0.9372681081295013, "dir": "snapshots/random_hybrid_3d/0424/223/1"}, "n_params": {"min": 208549, "max": 208549, "mean": 208549.0, "dir": "snapshots/random_hybrid_3d/0424/223/0"}, "leaf": false, "n_nets": 2}