{"ari": {"min": 0.8294932246208191, "max": 0.8295810222625732, "mean": 0.8295371234416962, "dir": "snapshots/random_hybrid_3d/0424/109/1"}, "miou": {"min": 0.6247867345809937, "max": 0.6250220537185669, "mean": 0.6249043941497803, "dir": "snapshots/random_hybrid_3d/0424/109/1"}, "accuracy": {"min": 0.9374735951423645, "max": 0.9376446604728699, "mean": 0.9375591278076172, "dir": "snapshots/random_hybrid_3d/0424/109/0"}, "n_params": {"min": 8878347, "max": 8878347, "mean": 8878347.0, "dir": "snapshots/random_hybrid_3d/0424/109/1"}, "leaf": false, "n_nets": 2}