{"ari": {"min": 0.8309996724128723, "max": 0.8318096399307251, "mean": 0.8314046561717987, "dir": "snapshots/random_hybrid_3d/0424/109/0"}, "miou": {"min": 0.6252290606498718, "max": 0.6253684759140015, "mean": 0.6252987682819366, "dir": "snapshots/random_hybrid_3d/0424/109/1"}, "accuracy": {"min": 0.9380621314048767, "max": 0.9381309747695923, "mean": 0.9380965530872345, "dir": "snapshots/random_hybrid_3d/0424/109/1"}, "n_params": {"min": 8878347, "max": 8878347, "mean": 8878347.0, "dir": "snapshots/random_hybrid_3d/0424/109/1"}, "leaf": false, "n_nets": 2}