{"leaf": true, "dir": "snapshots/random_hybrid_3d/0416/154/0", "n_nets": 1, "name": "Hybrid3DCRF_154_0", "ari": [0.8284139037132263], "miou": [0.43634986877441406], "accuracy": [0.9357666969299316], "n_params": [157176], "n_iterations": 368}