{"ari": {"min": 0.8281939029693604, "max": 0.8287135362625122, "mean": 0.8284537196159363, "dir": "snapshots/random_hybrid_3d/0416/92/1"}, "miou": {"min": 0.43903589248657227, "max": 0.4399140179157257, "mean": 0.439474955201149, "dir": "snapshots/random_hybrid_3d/0416/92/0"}, "accuracy": {"min": 0.9352770447731018, "max": 0.9365079402923584, "mean": 0.9358924925327301, "dir": "snapshots/random_hybrid_3d/0416/92/1"}, "n_params": {"min": 886932, "max": 887163, "mean": 887047.5, "dir": "snapshots/random_hybrid_3d/0416/92/1"}, "leaf": false, "n_nets": 2}