{"leaf": true, "dir": "snapshots/random_2d_ed/1210/61/0", "n_nets": 1, "name": "RandomUnet2D_61_3", "ari": [0.7336905598640442], "miou": [0.3360854685306549], "accuracy": [0.8883746266365051], "n_params": [20472004], "n_iterations": 36000}