{"ari": {"min": 0.8298524618148804, "max": 0.8304875493049622, "mean": 0.8301700055599213, "dir": "snapshots/random_hybrid_3d/0424/102/1"}, "miou": {"min": 0.5444037318229675, "max": 0.6246169209480286, "mean": 0.584510326385498, "dir": "snapshots/random_hybrid_3d/0424/102/1"}, "accuracy": {"min": 0.9374016523361206, "max": 0.9378036260604858, "mean": 0.9376026391983032, "dir": "snapshots/random_hybrid_3d/0424/102/1"}, "n_params": {"min": 957954, "max": 957954, "mean": 957954.0, "dir": "snapshots/random_hybrid_3d/0424/102/0"}, "leaf": false, "n_nets": 2}