{"leaf": true, "dir": "snapshots/random_2d_ed/1216/78/0", "n_nets": 1, "name": "RandomUnet2D_78_0", "ari": [0.5321915745735168], "miou": [0.1994968056678772], "accuracy": [0.8405637741088867], "n_params": [9815751], "n_iterations": 62656}