{"ari": {"min": 0.6481813788414001, "max": 0.793255627155304, "mean": 0.7538636207580567, "dir": "snapshots/random_2d_ed/1210/28/0"}, "miou": {"min": 0.24596469104290009, "max": 0.4353395402431488, "mean": 0.38306460678577425, "dir": "snapshots/random_2d_ed/1210/28/0"}, "accuracy": {"min": 0.8652262687683105, "max": 0.9198660850524902, "mean": 0.9044781804084778, "dir": "snapshots/random_2d_ed/1210/28/0"}, "n_params": {"min": 21265141, "max": 21265141, "mean": 21265141.0, "dir": "snapshots/random_2d_ed/1210/28/0"}, "leaf": false, "n_nets": 5}