{"ari": {"min": 0.6685494780540466, "max": 0.7894680500030518, "mean": 0.7595795154571533, "dir": "snapshots/random_2d_ed/1210/28/1"}, "miou": {"min": 0.24022234976291656, "max": 0.4325414299964905, "mean": 0.3766964107751846, "dir": "snapshots/random_2d_ed/1210/28/0"}, "accuracy": {"min": 0.8814469575881958, "max": 0.9169279336929321, "mean": 0.9077137112617493, "dir": "snapshots/random_2d_ed/1210/28/1"}, "n_params": {"min": 21265141, "max": 21265141, "mean": 21265141.0, "dir": "snapshots/random_2d_ed/1210/28/0"}, "leaf": false, "n_nets": 5}