{"ari": {"min": 0.6481813788414001, "max": 0.802203357219696, "mean": 0.7666644811630249, "dir": "snapshots/random_2d_ed/1210/28/3"}, "miou": {"min": 0.24596469104290009, "max": 0.4487050473690033, "mean": 0.3976722747087479, "dir": "snapshots/random_2d_ed/1210/28/0"}, "accuracy": {"min": 0.8652262687683105, "max": 0.9240657091140747, "mean": 0.9104811191558838, "dir": "snapshots/random_2d_ed/1210/28/0"}, "n_params": {"min": 21265141, "max": 21265141, "mean": 21265141.0, "dir": "snapshots/random_2d_ed/1210/28/0"}, "leaf": false, "n_nets": 5}