{"ari": {"min": 0.8300690650939941, "max": 0.8385780453681946, "mean": 0.8343235552310944, "dir": "snapshots/random_hybrid_3d/0416/235/1"}, "miou": {"min": 0.428011029958725, "max": 0.4301542639732361, "mean": 0.42908264696598053, "dir": "snapshots/random_hybrid_3d/0416/235/1"}, "accuracy": {"min": 0.9363753199577332, "max": 0.9369890093803406, "mean": 0.9366821646690369, "dir": "snapshots/random_hybrid_3d/0416/235/1"}, "n_params": {"min": 1801751, "max": 1802374, "mean": 1802062.5, "dir": "snapshots/random_hybrid_3d/0416/235/0"}, "leaf": false, "n_nets": 2}