{"ari": {"min": -4.4212336547388986e-07, "max": 0.5470606684684753, "mean": 0.27353011317255493, "dir": "snapshots/random_2d_ed_dense/0410/9/1"}, "miou": {"min": 0.06066212058067322, "max": 0.22098617255687714, "mean": 0.14082414656877518, "dir": "snapshots/random_2d_ed_dense/0410/9/1"}, "accuracy": {"min": 0.42463117837905884, "max": 0.7490202784538269, "mean": 0.5868257284164429, "dir": "snapshots/random_2d_ed_dense/0410/9/1"}, "n_params": {"min": 1882004, "max": 1882004, "mean": 1882004.0, "dir": "snapshots/random_2d_ed_dense/0410/9/0"}, "leaf": false, "n_nets": 2}