{"ari": {"min": 0.8284189105033875, "max": 0.8284189105033875, "mean": 0.8284189105033875, "dir": "snapshots/random_hybrid_3d/0418/144/1"}, "miou": {"min": 0.6123008728027344, "max": 0.6123008728027344, "mean": 0.6123008728027344, "dir": "snapshots/random_hybrid_3d/0418/144/1"}, "accuracy": {"min": 0.9361258149147034, "max": 0.9361258149147034, "mean": 0.9361258149147034, "dir": "snapshots/random_hybrid_3d/0418/144/1"}, "n_params": {"min": 1950180, "max": 1950180, "mean": 1950180.0, "dir": "snapshots/random_hybrid_3d/0418/144/1"}, "leaf": false, "n_nets": 1}