{"ari": {"min": 0.8292238712310791, "max": 0.8337888717651367, "mean": 0.8315063714981079, "dir": "snapshots/random_hybrid_3d/0416/81/1"}, "miou": {"min": 0.43671971559524536, "max": 0.473143994808197, "mean": 0.4549318552017212, "dir": "snapshots/random_hybrid_3d/0416/81/1"}, "accuracy": {"min": 0.9359302520751953, "max": 0.938569188117981, "mean": 0.9372497200965881, "dir": "snapshots/random_hybrid_3d/0416/81/1"}, "n_params": {"min": 1494376, "max": 1494523, "mean": 1494449.5, "dir": "snapshots/random_hybrid_3d/0416/81/0"}, "leaf": false, "n_nets": 2}