{"leaf": true, "dir": "snapshots/random_2d_ed_dense/0503/127/0", "n_nets": 1, "name": "RandomUnet2D_127_0", "ari": [0.8160415291786194], "miou": [0.6123894453048706], "accuracy": [0.9294517040252686], "n_params": [6961561], "n_iterations": 80000}