{"leaf": true, "dir": "snapshots/random_2d_ed/1216/71/0", "n_nets": 1, "name": "RandomUnet2D_71_0", "ari": [0.8025877475738525], "miou": [0.4253866672515869], "accuracy": [0.9149221181869507], "n_params": [1227436], "n_iterations": 66750}