{"ari": {"min": 0.8186315894126892, "max": 0.828334629535675, "mean": 0.8234831094741821, "dir": "snapshots/random_hybrid_3d/0424/265/1"}, "miou": {"min": 0.5529680252075195, "max": 0.6242042183876038, "mean": 0.5885861217975616, "dir": "snapshots/random_hybrid_3d/0424/265/1"}, "accuracy": {"min": 0.9314826726913452, "max": 0.9363265037536621, "mean": 0.9339045882225037, "dir": "snapshots/random_hybrid_3d/0424/265/1"}, "n_params": {"min": 97104, "max": 97104, "mean": 97104.0, "dir": "snapshots/random_hybrid_3d/0424/265/0"}, "leaf": false, "n_nets": 2}