{"leaf": true, "dir": "snapshots/random_hybrid_3d/0416/20/1", "n_nets": 1, "name": "Hybrid3DCRF_20_0", "ari": [0.8409726619720459], "miou": [0.569329023361206], "accuracy": [0.9431977868080139], "n_params": [18948643], "n_iterations": 368}