{"leaf": true, "dir": "snapshots/random_hybrid_3d/0416/256/1", "n_nets": 1, "name": "Hybrid3DCRF_256_1", "ari": [0.6189714074134827], "miou": [0.2393089383840561], "accuracy": [0.8631238341331482], "n_params": [4942095], "n_iterations": 368}