{"ari": {"min": 0.8269595503807068, "max": 0.8430394530296326, "mean": 0.8349995017051697, "dir": "snapshots/random_hybrid_3d/0416/133/0"}, "miou": {"min": 0.4351528584957123, "max": 0.6305732727050781, "mean": 0.5328630656003952, "dir": "snapshots/random_hybrid_3d/0416/133/0"}, "accuracy": {"min": 0.934918224811554, "max": 0.9432181119918823, "mean": 0.9390681684017181, "dir": "snapshots/random_hybrid_3d/0416/133/0"}, "n_params": {"min": 28745104, "max": 28746784, "mean": 28745944.0, "dir": "snapshots/random_hybrid_3d/0416/133/1"}, "leaf": false, "n_nets": 2}