{"leaf": true, "dir": "snapshots/random_2d_ed/1210/64/3", "n_nets": 1, "name": "RandomUnet2D_64_3", "ari": [0.7461254596710205], "miou": [0.4021680951118469], "accuracy": [0.8855346441268921], "n_params": [1181003], "n_iterations": 16000}