{"leaf": true, "dir": "snapshots/random_2d_ed/1216/48/1", "n_nets": 1, "name": "RandomUnet2D_48_2", "ari": [0.19066160917282104], "miou": [0.11755649745464325], "accuracy": [0.4626639485359192], "n_params": [801037], "n_iterations": 15664}