{"leaf": true, "dir": "snapshots/random_hybrid_3d/0416/126/1", "n_nets": 1, "name": "Hybrid3DCRF_126_0", "ari": [0.836668848991394], "miou": [0.4975983798503876], "accuracy": [0.9401874542236328], "n_params": [127634], "n_iterations": 368}