{"leaf": true, "dir": "snapshots/random_hybrid_3d/0418/51/0", "n_nets": 1, "name": "Hybrid3DCRF_51_1", "ari": [0.831732451915741], "miou": [0.4936469495296478], "accuracy": [0.937689483165741], "n_params": [718621], "n_iterations": 3680}