{"leaf": true, "dir": "snapshots/random_hybrid_3d/0416/100/0", "n_nets": 1, "name": "Hybrid3DCRF_100_1", "ari": [0.8407946228981018], "miou": [0.5037718415260315], "accuracy": [0.941947877407074], "n_params": [40215409], "n_iterations": 368}