{"leaf": true, "dir": "snapshots/random_2d_ed_dense/0503/37/1", "n_nets": 1, "name": "RandomUnet2D_37_1", "ari": [0.8130145072937012], "miou": [0.6261069178581238], "accuracy": [0.933281660079956], "n_params": [27703059], "n_iterations": 180000}