{"ari": {"min": 0.2607426643371582, "max": 0.8407931923866272, "mean": 0.5507679283618927, "dir": "snapshots/random_hybrid_3d/0416/226/1"}, "miou": {"min": 0.2981012165546417, "max": 0.4234941303730011, "mean": 0.3607976734638214, "dir": "snapshots/random_hybrid_3d/0416/226/1"}, "accuracy": {"min": 0.6363242268562317, "max": 0.9360620975494385, "mean": 0.7861931622028351, "dir": "snapshots/random_hybrid_3d/0416/226/1"}, "n_params": {"min": 211498, "max": 211792, "mean": 211645.0, "dir": "snapshots/random_hybrid_3d/0416/226/0"}, "leaf": false, "n_nets": 2}