{"ari": {"min": 0.781550943851471, "max": 0.8298274278640747, "mean": 0.8056891858577728, "dir": "snapshots/random_hybrid_3d/0424/231/0"}, "miou": {"min": 0.34210720658302307, "max": 0.6178175806999207, "mean": 0.47996239364147186, "dir": "snapshots/random_hybrid_3d/0424/231/0"}, "accuracy": {"min": 0.9141303896903992, "max": 0.9375024437904358, "mean": 0.9258164167404175, "dir": "snapshots/random_hybrid_3d/0424/231/0"}, "n_params": {"min": 6794448, "max": 6794448, "mean": 6794448.0, "dir": "snapshots/random_hybrid_3d/0424/231/0"}, "leaf": false, "n_nets": 2}