{"ari": {"min": 0.5082485675811768, "max": 0.5596089363098145, "mean": 0.5461094856262207, "dir": "snapshots/random_2d_ed/1216/54/4"}, "miou": {"min": 0.20557233691215515, "max": 0.2764769494533539, "mean": 0.25323462188243867, "dir": "snapshots/random_2d_ed/1216/54/4"}, "accuracy": {"min": 0.855445921421051, "max": 0.8733314275741577, "mean": 0.8683171391487121, "dir": "snapshots/random_2d_ed/1216/54/4"}, "n_params": {"min": 8115127, "max": 8115127, "mean": 8115127.0, "dir": "snapshots/random_2d_ed/1216/54/0"}, "leaf": false, "n_nets": 5}