{"ari": {"min": 0.4919155538082123, "max": 0.5489063262939453, "mean": 0.524563592672348, "dir": "snapshots/random_2d_ed/1216/54/0"}, "miou": {"min": 0.20288266241550446, "max": 0.2707562744617462, "mean": 0.2501562386751175, "dir": "snapshots/random_2d_ed/1216/54/4"}, "accuracy": {"min": 0.8494402170181274, "max": 0.8688305616378784, "mean": 0.8623379230499267, "dir": "snapshots/random_2d_ed/1216/54/0"}, "n_params": {"min": 8115127, "max": 8115127, "mean": 8115127.0, "dir": "snapshots/random_2d_ed/1216/54/0"}, "leaf": false, "n_nets": 5}