{"ari": {"min": 0.8260698318481445, "max": 0.8382834792137146, "mean": 0.8321766555309296, "dir": "snapshots/random_hybrid_3d/0416/89/1"}, "miou": {"min": 0.4228076636791229, "max": 0.4349670708179474, "mean": 0.42888736724853516, "dir": "snapshots/random_hybrid_3d/0416/89/0"}, "accuracy": {"min": 0.9348594546318054, "max": 0.9351764917373657, "mean": 0.9350179731845856, "dir": "snapshots/random_hybrid_3d/0416/89/1"}, "n_params": {"min": 1888943, "max": 1889475, "mean": 1889209.0, "dir": "snapshots/random_hybrid_3d/0416/89/0"}, "leaf": false, "n_nets": 2}