{"ari": {"min": 0.7725493907928467, "max": 0.8147808313369751, "mean": 0.7889364004135132, "dir": "snapshots/random_2d_ed/1210/94/4"}, "miou": {"min": 0.29785972833633423, "max": 0.5001956820487976, "mean": 0.40202629566192627, "dir": "snapshots/random_2d_ed/1210/94/1"}, "accuracy": {"min": 0.9010037183761597, "max": 0.9265515804290771, "mean": 0.913479495048523, "dir": "snapshots/random_2d_ed/1210/94/4"}, "n_params": {"min": 22545268, "max": 22545268, "mean": 22545268.0, "dir": "snapshots/random_2d_ed/1210/94/0"}, "leaf": false, "n_nets": 5}