{"ari": {"min": 0.827563464641571, "max": 0.8289350867271423, "mean": 0.8282492756843567, "dir": "snapshots/random_hybrid_3d/0424/275/0"}, "miou": {"min": 0.5667811632156372, "max": 0.6236427426338196, "mean": 0.5952119529247284, "dir": "snapshots/random_hybrid_3d/0424/275/0"}, "accuracy": {"min": 0.9363613128662109, "max": 0.9371241331100464, "mean": 0.9367427229881287, "dir": "snapshots/random_hybrid_3d/0424/275/0"}, "n_params": {"min": 9191, "max": 9191, "mean": 9191.0, "dir": "snapshots/random_hybrid_3d/0424/275/0"}, "leaf": false, "n_nets": 2}