{"ari": {"min": 5.277822589672143e-18, "max": 0.8137953281402588, "mean": 0.4068976640701294, "dir": "snapshots/random_2d_ed_dense/0503/55/0"}, "miou": {"min": 0.07441993057727814, "max": 0.6079687476158142, "mean": 0.3411943390965462, "dir": "snapshots/random_2d_ed_dense/0503/55/0"}, "accuracy": {"min": 0.4465195834636688, "max": 0.9288330078125, "mean": 0.6876762956380844, "dir": "snapshots/random_2d_ed_dense/0503/55/0"}, "n_params": {"min": 9710532, "max": 9710532, "mean": 9710532.0, "dir": "snapshots/random_2d_ed_dense/0503/55/0"}, "leaf": false, "n_nets": 2}