{"leaf": true, "dir": "snapshots/random_2d_ed/1216/57/0", "n_nets": 1, "name": "RandomUnet2D_57_0", "ari": [0.7919157147407532], "miou": [0.4070756733417511], "accuracy": [0.9077499508857727], "n_params": [1814012], "n_iterations": 44856}