{"leaf": true, "dir": "snapshots/random_hybrid_3d/0424/268/1", "n_nets": 1, "name": "Hybrid3DCRF_268_1", "ari": [0.8309720158576965], "miou": [0.6185215711593628], "accuracy": [0.9378989338874817], "n_params": [2618816], "n_iterations": 55200}