{"ari": {"min": 0.8265101909637451, "max": 0.8276262283325195, "mean": 0.8270682096481323, "dir": "snapshots/random_hybrid_3d/0424/86/0"}, "miou": {"min": 0.5864905118942261, "max": 0.59760981798172, "mean": 0.592050164937973, "dir": "snapshots/random_hybrid_3d/0424/86/0"}, "accuracy": {"min": 0.9361127614974976, "max": 0.9362282156944275, "mean": 0.9361704885959625, "dir": "snapshots/random_hybrid_3d/0424/86/1"}, "n_params": {"min": 25434498, "max": 25434498, "mean": 25434498.0, "dir": "snapshots/random_hybrid_3d/0424/86/0"}, "leaf": false, "n_nets": 2}