{"ari": {"min": 0.8258751630783081, "max": 0.8259552717208862, "mean": 0.8259152173995972, "dir": "snapshots/random_hybrid_3d/0424/86/0"}, "miou": {"min": 0.5868850946426392, "max": 0.6070760488510132, "mean": 0.5969805717468262, "dir": "snapshots/random_hybrid_3d/0424/86/0"}, "accuracy": {"min": 0.9356073141098022, "max": 0.9357771277427673, "mean": 0.9356922209262848, "dir": "snapshots/random_hybrid_3d/0424/86/1"}, "n_params": {"min": 25434498, "max": 25434498, "mean": 25434498.0, "dir": "snapshots/random_hybrid_3d/0424/86/0"}, "leaf": false, "n_nets": 2}