{"ari": {"min": 0.8284638524055481, "max": 0.8294097781181335, "mean": 0.8289368152618408, "dir": "snapshots/random_hybrid_3d/0424/174/0"}, "miou": {"min": 0.5639297962188721, "max": 0.6252896189689636, "mean": 0.5946097075939178, "dir": "snapshots/random_hybrid_3d/0424/174/0"}, "accuracy": {"min": 0.9365478754043579, "max": 0.9371404647827148, "mean": 0.9368441700935364, "dir": "snapshots/random_hybrid_3d/0424/174/0"}, "n_params": {"min": 1035146, "max": 1035146, "mean": 1035146.0, "dir": "snapshots/random_hybrid_3d/0424/174/0"}, "leaf": false, "n_nets": 2}