{"leaf": true, "dir": "snapshots/random_hybrid_3d/0424/24/1", "n_nets": 1, "name": "Hybrid3DCRF_24_1", "ari": [0.8293421268463135], "miou": [0.6179724931716919], "accuracy": [0.9371094107627869], "n_params": [8620055], "n_iterations": 55200}