{"ari": {"min": 0.6604931354522705, "max": 0.8117724061012268, "mean": 0.7361327707767487, "dir": "snapshots/random_2d_ed_dense/0410/37/1"}, "miou": {"min": 0.29766783118247986, "max": 0.5029576420783997, "mean": 0.40031273663043976, "dir": "snapshots/random_2d_ed_dense/0410/37/1"}, "accuracy": {"min": 0.85611492395401, "max": 0.9294951558113098, "mean": 0.8928050398826599, "dir": "snapshots/random_2d_ed_dense/0410/37/1"}, "n_params": {"min": 27703180, "max": 27703180, "mean": 27703180.0, "dir": "snapshots/random_2d_ed_dense/0410/37/0"}, "leaf": false, "n_nets": 2}