{"ari": {"min": 0.8157778978347778, "max": 0.8283564448356628, "mean": 0.8220671713352203, "dir": "snapshots/random_hybrid_3d/0424/106/1"}, "miou": {"min": 0.4229990541934967, "max": 0.5382867455482483, "mean": 0.4806428998708725, "dir": "snapshots/random_hybrid_3d/0424/106/1"}, "accuracy": {"min": 0.9305295944213867, "max": 0.9368807673454285, "mean": 0.9337051808834076, "dir": "snapshots/random_hybrid_3d/0424/106/1"}, "n_params": {"min": 830475, "max": 830475, "mean": 830475.0, "dir": "snapshots/random_hybrid_3d/0424/106/1"}, "leaf": false, "n_nets": 2}