{"leaf": true, "dir": "snapshots/random_hybrid_3d/0418/142/0", "n_nets": 1, "name": "Hybrid3DCRF_142_0", "ari": [0.8301128149032593], "miou": [0.615763783454895], "accuracy": [0.9376317858695984], "n_params": [4001823], "n_iterations": 44160}