{"ari": {"min": 0.8290059566497803, "max": 0.8300835490226746, "mean": 0.8295447528362274, "dir": "snapshots/random_hybrid_3d/0424/133/0"}, "miou": {"min": 0.5185099840164185, "max": 0.5390536189079285, "mean": 0.5287818014621735, "dir": "snapshots/random_hybrid_3d/0424/133/1"}, "accuracy": {"min": 0.936240017414093, "max": 0.9368455410003662, "mean": 0.9365427792072296, "dir": "snapshots/random_hybrid_3d/0424/133/0"}, "n_params": {"min": 20076746, "max": 20078132, "mean": 20077439.0, "dir": "snapshots/random_hybrid_3d/0424/133/0"}, "leaf": false, "n_nets": 2}