{"ari": {"min": 0.7585198879241943, "max": 0.7785618901252747, "mean": 0.7685408890247345, "dir": "snapshots/random_2d_ed_dense/0503/38/0"}, "miou": {"min": 0.39182135462760925, "max": 0.5083149075508118, "mean": 0.4500681310892105, "dir": "snapshots/random_2d_ed_dense/0503/38/0"}, "accuracy": {"min": 0.9063838720321655, "max": 0.9142923355102539, "mean": 0.9103381037712097, "dir": "snapshots/random_2d_ed_dense/0503/38/0"}, "n_params": {"min": 4450015, "max": 4450015, "mean": 4450015.0, "dir": "snapshots/random_2d_ed_dense/0503/38/0"}, "leaf": false, "n_nets": 2}