{"ari": {"min": 0.830470860004425, "max": 0.8319079279899597, "mean": 0.8311893939971924, "dir": "snapshots/random_hybrid_3d/0418/32/0"}, "miou": {"min": 0.5415024161338806, "max": 0.620850145816803, "mean": 0.5811762809753418, "dir": "snapshots/random_hybrid_3d/0418/32/0"}, "accuracy": {"min": 0.9369524121284485, "max": 0.9386899471282959, "mean": 0.9378211796283722, "dir": "snapshots/random_hybrid_3d/0418/32/0"}, "n_params": {"min": 106500, "max": 106815, "mean": 106657.5, "dir": "snapshots/random_hybrid_3d/0418/32/1"}, "leaf": false, "n_nets": 2}