{"ari": {"min": 0.8305858969688416, "max": 0.830782413482666, "mean": 0.8306841552257538, "dir": "snapshots/random_hybrid_3d/0418/32/1"}, "miou": {"min": 0.5454702377319336, "max": 0.6255780458450317, "mean": 0.5855241417884827, "dir": "snapshots/random_hybrid_3d/0418/32/0"}, "accuracy": {"min": 0.9372416734695435, "max": 0.9376479983329773, "mean": 0.9374448359012604, "dir": "snapshots/random_hybrid_3d/0418/32/0"}, "n_params": {"min": 106500, "max": 106815, "mean": 106657.5, "dir": "snapshots/random_hybrid_3d/0418/32/1"}, "leaf": false, "n_nets": 2}