{"ari": {"min": -0.008503766730427742, "max": 0.03937157988548279, "mean": 0.015433906577527523, "dir": "snapshots/random_2d_ed_dense/0503/83/1"}, "miou": {"min": 0.06365276128053665, "max": 0.09849635511636734, "mean": 0.081074558198452, "dir": "snapshots/random_2d_ed_dense/0503/83/0"}, "accuracy": {"min": 0.19283409416675568, "max": 0.4951063096523285, "mean": 0.3439702019095421, "dir": "snapshots/random_2d_ed_dense/0503/83/0"}, "n_params": {"min": 5314382, "max": 5314382, "mean": 5314382.0, "dir": "snapshots/random_2d_ed_dense/0503/83/0"}, "leaf": false, "n_nets": 2}