{"ari": {"min": 0.8163871169090271, "max": 0.8254433274269104, "mean": 0.8209152221679688, "dir": "snapshots/random_2d_ed_dense/0410/272/0"}, "miou": {"min": 0.46642622351646423, "max": 0.5914684534072876, "mean": 0.5289473384618759, "dir": "snapshots/random_2d_ed_dense/0410/272/0"}, "accuracy": {"min": 0.9302927255630493, "max": 0.9348132014274597, "mean": 0.9325529634952545, "dir": "snapshots/random_2d_ed_dense/0410/272/0"}, "n_params": {"min": 6995088, "max": 6995088, "mean": 6995088.0, "dir": "snapshots/random_2d_ed_dense/0410/272/1"}, "leaf": false, "n_nets": 2}