{"ari": {"min": 0.5967299342155457, "max": 0.739588737487793, "mean": 0.6339294672012329, "dir": "snapshots/random_2d_ed/1216/82/4"}, "miou": {"min": 0.20185115933418274, "max": 0.4158902168273926, "mean": 0.2517361044883728, "dir": "snapshots/random_2d_ed/1216/82/4"}, "accuracy": {"min": 0.8364291191101074, "max": 0.8778809905052185, "mean": 0.8470350503921509, "dir": "snapshots/random_2d_ed/1216/82/4"}, "n_params": {"min": 428441, "max": 428441, "mean": 428441.0, "dir": "snapshots/random_2d_ed/1216/82/0"}, "leaf": false, "n_nets": 5}