{"ari": {"min": 0.8341842889785767, "max": 0.8356891870498657, "mean": 0.8349367380142212, "dir": "snapshots/random_hybrid_3d/0418/40/0"}, "miou": {"min": 0.5322510004043579, "max": 0.5459685921669006, "mean": 0.5391097962856293, "dir": "snapshots/random_hybrid_3d/0418/40/1"}, "accuracy": {"min": 0.93929523229599, "max": 0.9399344325065613, "mean": 0.9396148324012756, "dir": "snapshots/random_hybrid_3d/0418/40/0"}, "n_params": {"min": 348173, "max": 349594, "mean": 348883.5, "dir": "snapshots/random_hybrid_3d/0418/40/0"}, "leaf": false, "n_nets": 2}