{"ari": {"min": 0.8308113217353821, "max": 0.8308775424957275, "mean": 0.8308444321155548, "dir": "snapshots/random_hybrid_3d/0418/40/1"}, "miou": {"min": 0.6297858357429504, "max": 0.6301679015159607, "mean": 0.6299768686294556, "dir": "snapshots/random_hybrid_3d/0418/40/0"}, "accuracy": {"min": 0.9377529621124268, "max": 0.937809407711029, "mean": 0.9377811849117279, "dir": "snapshots/random_hybrid_3d/0418/40/0"}, "n_params": {"min": 348173, "max": 349594, "mean": 348883.5, "dir": "snapshots/random_hybrid_3d/0418/40/0"}, "leaf": false, "n_nets": 2}