{"ari": {"min": 0.8295971155166626, "max": 0.8300014734268188, "mean": 0.8297992944717407, "dir": "snapshots/random_hybrid_3d/0424/49/0"}, "miou": {"min": 0.6117263436317444, "max": 0.6197324395179749, "mean": 0.6157293915748596, "dir": "snapshots/random_hybrid_3d/0424/49/1"}, "accuracy": {"min": 0.9372601509094238, "max": 0.9374329447746277, "mean": 0.9373465478420258, "dir": "snapshots/random_hybrid_3d/0424/49/1"}, "n_params": {"min": 4374807, "max": 4374807, "mean": 4374807.0, "dir": "snapshots/random_hybrid_3d/0424/49/0"}, "leaf": false, "n_nets": 2}