{"leaf": true, "dir": "snapshots/random_2d_ed/1210/66/2", "n_nets": 1, "name": "RandomUnet2D_66_0", "ari": [0.7422577738761902], "miou": [0.305534690618515], "accuracy": [0.9085864424705505], "n_params": [69375063], "n_iterations": 18000}