{"ari": {"min": 0.831354022026062, "max": 0.8326334357261658, "mean": 0.8319937288761139, "dir": "snapshots/random_hybrid_3d/0416/11/1"}, "miou": {"min": 0.43346670269966125, "max": 0.49445006251335144, "mean": 0.46395838260650635, "dir": "snapshots/random_hybrid_3d/0416/11/0"}, "accuracy": {"min": 0.9361788630485535, "max": 0.9370635151863098, "mean": 0.9366211891174316, "dir": "snapshots/random_hybrid_3d/0416/11/1"}, "n_params": {"min": 2241724, "max": 2242543, "mean": 2242133.5, "dir": "snapshots/random_hybrid_3d/0416/11/1"}, "leaf": false, "n_nets": 2}