{"ari": {"min": 0.6505968570709229, "max": 0.7699682116508484, "mean": 0.7352172374725342, "dir": "snapshots/random_2d_ed/1210/40/3"}, "miou": {"min": 0.2371281236410141, "max": 0.48848873376846313, "mean": 0.37627207934856416, "dir": "snapshots/random_2d_ed/1210/40/4"}, "accuracy": {"min": 0.8683266639709473, "max": 0.9031229615211487, "mean": 0.8928241848945617, "dir": "snapshots/random_2d_ed/1210/40/3"}, "n_params": {"min": 413740, "max": 413740, "mean": 413740.0, "dir": "snapshots/random_2d_ed/1210/40/0"}, "leaf": false, "n_nets": 5}