{"ari": {"min": 0.49847903847694397, "max": 0.8199681043624878, "mean": 0.7001019834893422, "dir": "snapshots/random_2d_ed/1216/12/1"}, "miou": {"min": 0.1996866911649704, "max": 0.5631791949272156, "mean": 0.32489639636382317, "dir": "snapshots/random_2d_ed/1216/16/3"}, "accuracy": {"min": 0.8294792175292969, "max": 0.9206423759460449, "mean": 0.879978088499273, "dir": "snapshots/random_2d_ed/1216/0/4"}, "n_params": {"min": 197039, "max": 79725172, "mean": 12013009.86407767, "dir": "snapshots/random_2d_ed/1216/7/0"}, "leaf": false, "n_nets": 103}