{"ari": {"min": 0.06917379796504974, "max": 0.8250678777694702, "mean": 0.6920065875743565, "dir": "snapshots/random_2d_ed/1216/39/1"}, "miou": {"min": 0.09725271165370941, "max": 0.5730125308036804, "mean": 0.330276013424522, "dir": "snapshots/random_2d_ed/1216/39/1"}, "accuracy": {"min": 0.4626639485359192, "max": 0.9241353869438171, "mean": 0.8724410894042567, "dir": "snapshots/random_2d_ed/1216/20/3"}, "n_params": {"min": 40497, "max": 98298755, "mean": 6399908.724210526, "dir": "snapshots/random_2d_ed/1216/53/0"}, "leaf": false, "n_nets": 475}