{"leaf": true, "dir": "snapshots/random_hybrid_3d/0424/186/0", "n_nets": 1, "name": "Hybrid3DCRF_186_0", "ari": [0.8303780555725098], "miou": [0.6202656626701355], "accuracy": [0.937738835811615], "n_params": [5570954], "n_iterations": 55200}