{"leaf": true, "dir": "snapshots/random_2d_ed_dense/0410/45/0", "n_nets": 1, "name": "RandomUnet2D_45_0", "ari": [0.5942646265029907], "miou": [0.2307361662387848], "accuracy": [0.8524113893508911], "n_params": [666510], "n_iterations": 8800}