{"ari": {"min": 0.7423983812332153, "max": 0.8233338594436646, "mean": 0.7828661203384399, "dir": "snapshots/random_2d_ed_dense/0410/289/0"}, "miou": {"min": 0.3797230124473572, "max": 0.5708760023117065, "mean": 0.47529950737953186, "dir": "snapshots/random_2d_ed_dense/0410/289/0"}, "accuracy": {"min": 0.8869068026542664, "max": 0.9339626431465149, "mean": 0.9104347229003906, "dir": "snapshots/random_2d_ed_dense/0410/289/0"}, "n_params": {"min": 9239104, "max": 9239104, "mean": 9239104.0, "dir": "snapshots/random_2d_ed_dense/0410/289/0"}, "leaf": false, "n_nets": 2}