{"ari": {"min": 0.7542697787284851, "max": 0.76411372423172, "mean": 0.7591917514801025, "dir": "snapshots/random_2d_ed_dense/0503/164/0"}, "miou": {"min": 0.4509744346141815, "max": 0.5175054669380188, "mean": 0.48423995077610016, "dir": "snapshots/random_2d_ed_dense/0503/164/0"}, "accuracy": {"min": 0.9008897542953491, "max": 0.9012890458106995, "mean": 0.9010894000530243, "dir": "snapshots/random_2d_ed_dense/0503/164/0"}, "n_params": {"min": 422557, "max": 422557, "mean": 422557.0, "dir": "snapshots/random_2d_ed_dense/0503/164/1"}, "leaf": false, "n_nets": 2}