{"ari": {"min": 0.8254796266555786, "max": 0.8292630314826965, "mean": 0.8273713290691376, "dir": "snapshots/random_hybrid_3d/0424/292/0"}, "miou": {"min": 0.5266442894935608, "max": 0.5429192781448364, "mean": 0.5347817838191986, "dir": "snapshots/random_hybrid_3d/0424/292/0"}, "accuracy": {"min": 0.9348875880241394, "max": 0.9366690516471863, "mean": 0.9357783198356628, "dir": "snapshots/random_hybrid_3d/0424/292/0"}, "n_params": {"min": 3221912, "max": 3221912, "mean": 3221912.0, "dir": "snapshots/random_hybrid_3d/0424/292/0"}, "leaf": false, "n_nets": 2}