{"leaf": true, "dir": "snapshots/random_2d_ed/1216/60/0", "n_nets": 1, "name": "RandomUnet2D_60_1", "ari": [0.5953688025474548], "miou": [0.201917827129364], "accuracy": [0.8350801467895508], "n_params": [585512], "n_iterations": 15664}