{"leaf": true, "dir": "snapshots/random_2d_ed_dense/0503/243/1", "n_nets": 1, "name": "RandomUnet2D_243_0", "ari": [0.41008028388023376], "miou": [0.13975436985492706], "accuracy": [0.398372083902359], "n_params": [2343535], "n_iterations": 19800}