{"ari": {"min": 0.828682541847229, "max": 0.829809308052063, "mean": 0.829245924949646, "dir": "snapshots/random_hybrid_3d/0418/5/0"}, "miou": {"min": 0.6175793409347534, "max": 0.6212279200553894, "mean": 0.6194036304950714, "dir": "snapshots/random_hybrid_3d/0418/5/1"}, "accuracy": {"min": 0.9365164041519165, "max": 0.9369529485702515, "mean": 0.936734676361084, "dir": "snapshots/random_hybrid_3d/0418/5/0"}, "n_params": {"min": 7625364, "max": 7627317, "mean": 7626340.5, "dir": "snapshots/random_hybrid_3d/0418/5/0"}, "leaf": false, "n_nets": 2}