{"leaf": true, "dir": "snapshots/random_hybrid_3d/0416/227/0", "n_nets": 1, "name": "Hybrid3DCRF_227_0", "ari": [0.8240464329719543], "miou": [0.43072453141212463], "accuracy": [0.9343056678771973], "n_params": [847714], "n_iterations": 368}