{"ari": {"min": 0.7795971632003784, "max": 0.8160988092422485, "mean": 0.7978479862213135, "dir": "snapshots/random_hybrid_3d/0424/28/1"}, "miou": {"min": 0.32616880536079407, "max": 0.42166537046432495, "mean": 0.3739170879125595, "dir": "snapshots/random_hybrid_3d/0424/28/1"}, "accuracy": {"min": 0.9136672616004944, "max": 0.9301087260246277, "mean": 0.921887993812561, "dir": "snapshots/random_hybrid_3d/0424/28/1"}, "n_params": {"min": 619087, "max": 619087, "mean": 619087.0, "dir": "snapshots/random_hybrid_3d/0424/28/0"}, "leaf": false, "n_nets": 2}