{"ari": {"min": 0.8293488621711731, "max": 0.8300020098686218, "mean": 0.8296754360198975, "dir": "snapshots/random_hybrid_3d/0424/50/0"}, "miou": {"min": 0.5438881516456604, "max": 0.545251727104187, "mean": 0.5445699393749237, "dir": "snapshots/random_hybrid_3d/0424/50/0"}, "accuracy": {"min": 0.9370728135108948, "max": 0.9372398257255554, "mean": 0.9371563196182251, "dir": "snapshots/random_hybrid_3d/0424/50/0"}, "n_params": {"min": 376543, "max": 376543, "mean": 376543.0, "dir": "snapshots/random_hybrid_3d/0424/50/0"}, "leaf": false, "n_nets": 2}