{"ari": {"min": 0.8045006394386292, "max": 0.8106507062911987, "mean": 0.8075756728649139, "dir": "snapshots/random_2d_ed_dense/0503/162/1"}, "miou": {"min": 0.47095367312431335, "max": 0.6002904772758484, "mean": 0.5356220752000809, "dir": "snapshots/random_2d_ed_dense/0503/162/1"}, "accuracy": {"min": 0.9227381944656372, "max": 0.9275467991828918, "mean": 0.9251424968242645, "dir": "snapshots/random_2d_ed_dense/0503/162/1"}, "n_params": {"min": 724961, "max": 724961, "mean": 724961.0, "dir": "snapshots/random_2d_ed_dense/0503/162/0"}, "leaf": false, "n_nets": 2}