{"ari": {"min": 0.7815888524055481, "max": 0.826258659362793, "mean": 0.8039237558841705, "dir": "snapshots/random_hybrid_3d/0424/289/1"}, "miou": {"min": 0.45765596628189087, "max": 0.5669037103652954, "mean": 0.5122798383235931, "dir": "snapshots/random_hybrid_3d/0424/289/1"}, "accuracy": {"min": 0.9145335555076599, "max": 0.935789942741394, "mean": 0.925161749124527, "dir": "snapshots/random_hybrid_3d/0424/289/1"}, "n_params": {"min": 16249, "max": 16249, "mean": 16249.0, "dir": "snapshots/random_hybrid_3d/0424/289/1"}, "leaf": false, "n_nets": 2}