{"ari": {"min": 8.168384560723384e-18, "max": 0.8120755553245544, "mean": 0.6159648060798645, "dir": "snapshots/random_2d_ed/1210/16/3"}, "miou": {"min": 0.06908918172121048, "max": 0.5619516968727112, "mean": 0.33853975385427476, "dir": "snapshots/random_2d_ed/1210/16/3"}, "accuracy": {"min": 0.48362427949905396, "max": 0.9258548021316528, "mean": 0.8241089940071106, "dir": "snapshots/random_2d_ed/1210/16/3"}, "n_params": {"min": 15057909, "max": 15057909, "mean": 15057909.0, "dir": "snapshots/random_2d_ed/1210/16/0"}, "leaf": false, "n_nets": 5}