{"leaf": true, "dir": "snapshots/random_hybrid_3d/0424/109/0", "n_nets": 1, "name": "Hybrid3DCRF_109_0", "ari": [0.8318096399307251], "miou": [0.6252290606498718], "accuracy": [0.9380621314048767], "n_params": [8878347], "n_iterations": 42320}