{"ari": {"min": 0.8264869451522827, "max": 0.8276798725128174, "mean": 0.82708340883255, "dir": "snapshots/random_hybrid_3d/0424/14/1"}, "miou": {"min": 0.6069543957710266, "max": 0.6189392805099487, "mean": 0.6129468381404877, "dir": "snapshots/random_hybrid_3d/0424/14/1"}, "accuracy": {"min": 0.9360013008117676, "max": 0.9367411136627197, "mean": 0.9363712072372437, "dir": "snapshots/random_hybrid_3d/0424/14/1"}, "n_params": {"min": 3294611, "max": 3294611, "mean": 3294611.0, "dir": "snapshots/random_hybrid_3d/0424/14/0"}, "leaf": false, "n_nets": 2}