{"ari": {"min": 0.5326632857322693, "max": 0.840380072593689, "mean": 0.6865216791629791, "dir": "snapshots/random_hybrid_3d/0416/65/1"}, "miou": {"min": 0.22152243554592133, "max": 0.5503674745559692, "mean": 0.3859449550509453, "dir": "snapshots/random_hybrid_3d/0416/65/1"}, "accuracy": {"min": 0.8429573178291321, "max": 0.9422916769981384, "mean": 0.8926244974136353, "dir": "snapshots/random_hybrid_3d/0416/65/1"}, "n_params": {"min": 1920270, "max": 1920417, "mean": 1920343.5, "dir": "snapshots/random_hybrid_3d/0416/65/1"}, "leaf": false, "n_nets": 2}