{"ari": {"min": 0.003011394292116165, "max": 0.5661620497703552, "mean": 0.2845867220312357, "dir": "snapshots/random_2d_ed_dense/0503/171/1"}, "miou": {"min": 0.08206172287464142, "max": 0.2718254327774048, "mean": 0.1769435778260231, "dir": "snapshots/random_2d_ed_dense/0503/171/1"}, "accuracy": {"min": 0.42687755823135376, "max": 0.7759743928909302, "mean": 0.601425975561142, "dir": "snapshots/random_2d_ed_dense/0503/171/1"}, "n_params": {"min": 887535, "max": 887535, "mean": 887535.0, "dir": "snapshots/random_2d_ed_dense/0503/171/0"}, "leaf": false, "n_nets": 2}