{"ari": {"min": -0.006592275574803352, "max": 0.679038941860199, "mean": 0.3362233331426978, "dir": "snapshots/random_2d_ed_dense/0410/262/0"}, "miou": {"min": 0.07275556772947311, "max": 0.25913384556770325, "mean": 0.16594470664858818, "dir": "snapshots/random_2d_ed_dense/0410/262/0"}, "accuracy": {"min": 0.44711747765541077, "max": 0.8676515221595764, "mean": 0.6573844999074936, "dir": "snapshots/random_2d_ed_dense/0410/262/0"}, "n_params": {"min": 11941521, "max": 11941521, "mean": 11941521.0, "dir": "snapshots/random_2d_ed_dense/0410/262/0"}, "leaf": false, "n_nets": 2}