{"ari": {"min": 0.8269683718681335, "max": 0.8288983106613159, "mean": 0.8279333412647247, "dir": "snapshots/random_hybrid_3d/0424/206/1"}, "miou": {"min": 0.617976725101471, "max": 0.6238957047462463, "mean": 0.6209362149238586, "dir": "snapshots/random_hybrid_3d/0424/206/1"}, "accuracy": {"min": 0.9362356662750244, "max": 0.936767578125, "mean": 0.9365016222000122, "dir": "snapshots/random_hybrid_3d/0424/206/1"}, "n_params": {"min": 1075059, "max": 1075059, "mean": 1075059.0, "dir": "snapshots/random_hybrid_3d/0424/206/0"}, "leaf": false, "n_nets": 2}