{"leaf": true, "dir": "snapshots/random_2d_ed/1210/42/2", "n_nets": 1, "name": "RandomUnet2D_42_1", "ari": [0.5471466779708862], "miou": [0.23862777650356293], "accuracy": [0.8772559762001038], "n_params": [32584963], "n_iterations": 19200}