{"leaf": true, "dir": "snapshots/random_2d_ed/1210/0/4", "n_nets": 1, "name": "RandomUnet2D_0_3", "ari": [0.6257840394973755], "miou": [0.2335607260465622], "accuracy": [0.8587063550949097], "n_params": [259856], "n_iterations": 8800}