{"leaf": true, "dir": "snapshots/random_2d_ed/1210/59/4", "n_nets": 1, "name": "RandomUnet2D_59_0", "ari": [0.7771093845367432], "miou": [0.4082905650138855], "accuracy": [0.903243362903595], "n_params": [1848767], "n_iterations": 16000}