{"ari": {"min": 0.18400315940380096, "max": 0.5522006154060364, "mean": 0.36810188740491867, "dir": "snapshots/random_2d_ed_dense/0503/118/1"}, "miou": {"min": 0.09876181930303574, "max": 0.2782979905605316, "mean": 0.18852990493178368, "dir": "snapshots/random_2d_ed_dense/0503/118/1"}, "accuracy": {"min": 0.4073193073272705, "max": 0.7476634979248047, "mean": 0.5774914026260376, "dir": "snapshots/random_2d_ed_dense/0503/118/1"}, "n_params": {"min": 307881, "max": 307881, "mean": 307881.0, "dir": "snapshots/random_2d_ed_dense/0503/118/1"}, "leaf": false, "n_nets": 2}