{"ari": {"min": 0.7046024799346924, "max": 0.7046024799346924, "mean": 0.7046024799346924, "dir": "snapshots/random_2d_ed_dense/0503/128/1"}, "miou": {"min": 0.40090498328208923, "max": 0.40090498328208923, "mean": 0.40090498328208923, "dir": "snapshots/random_2d_ed_dense/0503/128/1"}, "accuracy": {"min": 0.8660786747932434, "max": 0.8660786747932434, "mean": 0.8660786747932434, "dir": "snapshots/random_2d_ed_dense/0503/128/1"}, "n_params": {"min": 522435, "max": 522435, "mean": 522435.0, "dir": "snapshots/random_2d_ed_dense/0503/128/1"}, "leaf": false, "n_nets": 1}