{"ari": {"min": 0.8186455368995667, "max": 0.8257911205291748, "mean": 0.8222183287143707, "dir": "snapshots/random_2d_ed_dense/0410/19/1"}, "miou": {"min": 0.54633629322052, "max": 0.5768303871154785, "mean": 0.5615833401679993, "dir": "snapshots/random_2d_ed_dense/0410/19/0"}, "accuracy": {"min": 0.9314563870429993, "max": 0.9339474439620972, "mean": 0.9327019155025482, "dir": "snapshots/random_2d_ed_dense/0410/19/1"}, "n_params": {"min": 9027386, "max": 9027386, "mean": 9027386.0, "dir": "snapshots/random_2d_ed_dense/0410/19/1"}, "leaf": false, "n_nets": 2}