{"leaf": true, "dir": "snapshots/random_2d_ed_dense/0503/146/1", "n_nets": 1, "name": "RandomUnet2D_146_1", "ari": [0.8124398589134216], "miou": [0.5432385802268982], "accuracy": [0.9274994730949402], "n_params": [2069441], "n_iterations": 125000}