{"ari": {"min": 0.832307755947113, "max": 0.8385445475578308, "mean": 0.8353578209877014, "dir": "snapshots/weight_volume/1210/0/0"}, "miou": {"min": 0.4842665493488312, "max": 0.5828872323036194, "mean": 0.5414549052715302, "dir": "snapshots/weight_volume/1210/0/0"}, "accuracy": {"min": 0.9370362758636475, "max": 0.9390777349472046, "mean": 0.9379533290863037, "dir": "snapshots/weight_volume/1210/0/4"}, "n_params": {"min": 31030983, "max": 31030983, "mean": 31030983.0, "dir": "snapshots/weight_volume/1210/0/0"}, "leaf": false, "n_nets": 5}