{"ari": {"min": 0.8333616256713867, "max": 0.8369847536087036, "mean": 0.8351731896400452, "dir": "snapshots/random_hybrid_3d/0416/61/0"}, "miou": {"min": 0.41727080941200256, "max": 0.5139959454536438, "mean": 0.4656333774328232, "dir": "snapshots/random_hybrid_3d/0416/61/0"}, "accuracy": {"min": 0.9315025210380554, "max": 0.9417019486427307, "mean": 0.9366022348403931, "dir": "snapshots/random_hybrid_3d/0416/61/0"}, "n_params": {"min": 486220, "max": 486220, "mean": 486220.0, "dir": "snapshots/random_hybrid_3d/0416/61/1"}, "leaf": false, "n_nets": 2}