{"leaf": true, "dir": "snapshots/random_hybrid_3d/0424/8/0", "n_nets": 1, "name": "Hybrid3DCRF_8_0", "ari": [0.8292562961578369], "miou": [0.543367862701416], "accuracy": [0.9368351697921753], "n_params": [319587], "n_iterations": 55200}