{"leaf": true, "dir": "snapshots/random_2d_ed/1210/47/4", "n_nets": 1, "name": "RandomUnet2D_47_4", "ari": [0.7171368598937988], "miou": [0.32782062888145447], "accuracy": [0.877017080783844], "n_params": [10285548], "n_iterations": 25000}