{"ari": {"min": 0.8260270953178406, "max": 0.8282158374786377, "mean": 0.8268812000751495, "dir": "snapshots/hybrid_3d_crf/0404/1/2"}, "miou": {"min": 0.6342328190803528, "max": 0.6392691731452942, "mean": 0.6366613805294037, "dir": "snapshots/hybrid_3d_crf/0404/1/1"}, "accuracy": {"min": 0.9357349872589111, "max": 0.9366006255149841, "mean": 0.936113029718399, "dir": "snapshots/hybrid_3d_crf/0404/1/2"}, "n_params": {"min": 1743930, "max": 1743930, "mean": 1743930.0, "dir": "snapshots/hybrid_3d_crf/0404/1/1"}, "leaf": false, "n_nets": 4}