{"ari": {"min": 0.8407100439071655, "max": 0.842280924320221, "mean": 0.8414954841136932, "dir": "snapshots/random_hybrid_3d/0416/68/1"}, "miou": {"min": 0.5159098505973816, "max": 0.520138144493103, "mean": 0.5180239975452423, "dir": "snapshots/random_hybrid_3d/0416/68/0"}, "accuracy": {"min": 0.9425171613693237, "max": 0.9430105686187744, "mean": 0.9427638649940491, "dir": "snapshots/random_hybrid_3d/0416/68/1"}, "n_params": {"min": 1792352, "max": 1792499, "mean": 1792425.5, "dir": "snapshots/random_hybrid_3d/0416/68/1"}, "leaf": false, "n_nets": 2}