{"ari": {"min": 0.17955869436264038, "max": 0.7165589332580566, "mean": 0.5246083021163941, "dir": "snapshots/random_2d_ed/1216/41/3"}, "miou": {"min": 0.127353236079216, "max": 0.2862056791782379, "mean": 0.21288710236549377, "dir": "snapshots/random_2d_ed/1216/41/3"}, "accuracy": {"min": 0.47316238284111023, "max": 0.8763357400894165, "mean": 0.7693760812282562, "dir": "snapshots/random_2d_ed/1216/41/3"}, "n_params": {"min": 79030, "max": 79030, "mean": 79030.0, "dir": "snapshots/random_2d_ed/1216/41/0"}, "leaf": false, "n_nets": 5}