{"leaf": true, "dir": "snapshots/random_hybrid_3d/0424/261/0", "n_nets": 1, "name": "Hybrid3DCRF_261_0", "ari": [0.8297010064125061], "miou": [0.6203510165214539], "accuracy": [0.9372096657752991], "n_params": [11530231], "n_iterations": 55200}