{"ari": {"min": 0.6250473260879517, "max": 0.6250473260879517, "mean": 0.6250473260879517, "dir": "snapshots/random_2d_ed/0310/5"}, "miou": {"min": 0.2602843642234802, "max": 0.2602843642234802, "mean": 0.2602843642234802, "dir": "snapshots/random_2d_ed/0310/5"}, "accuracy": {"min": 0.8586405515670776, "max": 0.8586405515670776, "mean": 0.8586405515670776, "dir": "snapshots/random_2d_ed/0310/5"}, "n_params": {"min": 7767055, "max": 7767055, "mean": 7767055.0, "dir": "snapshots/random_2d_ed/0310/5"}, "leaf": false, "n_nets": 1}