{"leaf": true, "dir": "snapshots/random_2d_ed/1210/97/2", "n_nets": 1, "name": "RandomUnet2D_97_4", "ari": [0.7554165720939636], "miou": [0.4175274074077606], "accuracy": [0.8927281498908997], "n_params": [1258805], "n_iterations": 16000}