{"ari": {"min": 0.8257584571838379, "max": 0.8279139995574951, "mean": 0.8268362283706665, "dir": "snapshots/random_hybrid_3d/0418/12/0"}, "miou": {"min": 0.6209692358970642, "max": 0.626946747303009, "mean": 0.6239579916000366, "dir": "snapshots/random_hybrid_3d/0418/12/0"}, "accuracy": {"min": 0.9357292056083679, "max": 0.9360952377319336, "mean": 0.9359122216701508, "dir": "snapshots/random_hybrid_3d/0418/12/0"}, "n_params": {"min": 2549821, "max": 2549821, "mean": 2549821.0, "dir": "snapshots/random_hybrid_3d/0418/12/0"}, "leaf": false, "n_nets": 2}