{"leaf": true, "dir": "snapshots/random_hybrid_3d/0424/291/1", "n_nets": 1, "name": "Hybrid3DCRF_291_0", "ari": [0.7802186012268066], "miou": [0.3271126449108124], "accuracy": [0.9139466881752014], "n_params": [1630482], "n_iterations": 3680}