{"ari": {"min": 0.8347771763801575, "max": 0.8347771763801575, "mean": 0.8347771763801575, "dir": "snapshots/hybrid_3d_crf/0312/1"}, "miou": {"min": 0.6353241801261902, "max": 0.6353241801261902, "mean": 0.6353241801261902, "dir": "snapshots/hybrid_3d_crf/0312/1"}, "accuracy": {"min": 0.9382292032241821, "max": 0.9382292032241821, "mean": 0.9382292032241821, "dir": "snapshots/hybrid_3d_crf/0312/1"}, "n_params": {"min": 99439, "max": 99439, "mean": 99439.0, "dir": "snapshots/hybrid_3d_crf/0312/1"}, "leaf": false, "n_nets": 1}