{"ari": {"min": 0.8322579264640808, "max": 0.8411775231361389, "mean": 0.8367177248001099, "dir": "snapshots/random_hybrid_3d/0416/109/0"}, "miou": {"min": 0.42425188422203064, "max": 0.5022637248039246, "mean": 0.4632578045129776, "dir": "snapshots/random_hybrid_3d/0416/109/0"}, "accuracy": {"min": 0.9344249367713928, "max": 0.9416605830192566, "mean": 0.9380427598953247, "dir": "snapshots/random_hybrid_3d/0416/109/0"}, "n_params": {"min": 8580958, "max": 8580958, "mean": 8580958.0, "dir": "snapshots/random_hybrid_3d/0416/109/1"}, "leaf": false, "n_nets": 2}