{"ari": {"min": -0.001332094776444137, "max": 0.0, "mean": -0.0006660473882220685, "dir": "snapshots/random_2d_ed_dense/0410/279/1"}, "miou": {"min": 0.06022031977772713, "max": 0.06118873879313469, "mean": 0.06070452928543091, "dir": "snapshots/random_2d_ed_dense/0410/279/0"}, "accuracy": {"min": 0.421542227268219, "max": 0.42432814836502075, "mean": 0.4229351878166199, "dir": "snapshots/random_2d_ed_dense/0410/279/0"}, "n_params": {"min": 1602801, "max": 1602801, "mean": 1602801.0, "dir": "snapshots/random_2d_ed_dense/0410/279/1"}, "leaf": false, "n_nets": 2}