{"leaf": true, "dir": "snapshots/random_hybrid_3d/0424/46/0", "n_nets": 1, "name": "Hybrid3DCRF_46_0", "ari": [0.8310621380805969], "miou": [0.6260579228401184], "accuracy": [0.9376063942909241], "n_params": [877663], "n_iterations": 55200}