{"ari": {"min": 0.8291838765144348, "max": 0.8297716975212097, "mean": 0.8294777870178223, "dir": "snapshots/random_hybrid_3d/0424/96/1"}, "miou": {"min": 0.542354941368103, "max": 0.6261342763900757, "mean": 0.5842446088790894, "dir": "snapshots/random_hybrid_3d/0424/96/0"}, "accuracy": {"min": 0.9369088411331177, "max": 0.9372460246086121, "mean": 0.9370774328708649, "dir": "snapshots/random_hybrid_3d/0424/96/1"}, "n_params": {"min": 129260, "max": 129512, "mean": 129386.0, "dir": "snapshots/random_hybrid_3d/0424/96/1"}, "leaf": false, "n_nets": 2}