{"leaf": true, "dir": "snapshots/random_hybrid_3d/0424/248/0", "n_nets": 1, "name": "Hybrid3DCRF_248_0", "ari": [0.8297112584114075], "miou": [0.6217533349990845], "accuracy": [0.937380313873291], "n_params": [10339889], "n_iterations": 55200}