{"leaf": true, "dir": "snapshots/random_hybrid_3d/0424/273/1", "n_nets": 1, "name": "Hybrid3DCRF_273_1", "ari": [0.8303158283233643], "miou": [0.6200665235519409], "accuracy": [0.9374980926513672], "n_params": [2011942], "n_iterations": 55200}