{"ari": {"min": 0.7865160703659058, "max": 0.8408418297767639, "mean": 0.8136789500713348, "dir": "snapshots/random_hybrid_3d/0416/48/0"}, "miou": {"min": 0.38321390748023987, "max": 0.6572656631469727, "mean": 0.5202397853136063, "dir": "snapshots/random_hybrid_3d/0416/48/0"}, "accuracy": {"min": 0.9232861399650574, "max": 0.942779541015625, "mean": 0.9330328404903412, "dir": "snapshots/random_hybrid_3d/0416/48/0"}, "n_params": {"min": 15015, "max": 15015, "mean": 15015.0, "dir": "snapshots/random_hybrid_3d/0416/48/0"}, "leaf": false, "n_nets": 2}