{"ari": {"min": 0.8278351426124573, "max": 0.8349739909172058, "mean": 0.8314045667648315, "dir": "snapshots/random_hybrid_3d/0416/267/1"}, "miou": {"min": 0.433144748210907, "max": 0.4854583740234375, "mean": 0.45930156111717224, "dir": "snapshots/random_hybrid_3d/0416/267/1"}, "accuracy": {"min": 0.9349479675292969, "max": 0.9400536417961121, "mean": 0.9375008046627045, "dir": "snapshots/random_hybrid_3d/0416/267/1"}, "n_params": {"min": 925283, "max": 925507, "mean": 925395.0, "dir": "snapshots/random_hybrid_3d/0416/267/0"}, "leaf": false, "n_nets": 2}