{"leaf": true, "dir": "snapshots/random_hybrid_3d/0418/30/1", "n_nets": 1, "name": "Hybrid3DCRF_30_1", "ari": [0.8283833861351013], "miou": [0.6236128807067871], "accuracy": [0.9369967579841614], "n_params": [1836159], "n_iterations": 20240}