{"leaf": true, "dir": "snapshots/random_hybrid_3d/0424/17/0", "n_nets": 1, "name": "Hybrid3DCRF_17_0", "ari": [0.8300932049751282], "miou": [0.6180383563041687], "accuracy": [0.9374769926071167], "n_params": [4278971], "n_iterations": 55200}