{"ari": {"min": 0.8378655910491943, "max": 0.8424860835075378, "mean": 0.8401758372783661, "dir": "snapshots/random_hybrid_3d/0416/51/1"}, "miou": {"min": 0.42791032791137695, "max": 0.5053923726081848, "mean": 0.4666513502597809, "dir": "snapshots/random_hybrid_3d/0416/51/1"}, "accuracy": {"min": 0.9368142485618591, "max": 0.9421122074127197, "mean": 0.9394632279872894, "dir": "snapshots/random_hybrid_3d/0416/51/1"}, "n_params": {"min": 718474, "max": 718621, "mean": 718547.5, "dir": "snapshots/random_hybrid_3d/0416/51/0"}, "leaf": false, "n_nets": 2}