{"ari": {"min": 0.6081318259239197, "max": 0.8086533546447754, "mean": 0.7093405485153198, "dir": "snapshots/random_2d_ed/1216/2/3"}, "miou": {"min": 0.2017584890127182, "max": 0.4978373050689697, "mean": 0.3290278762578964, "dir": "snapshots/random_2d_ed/1216/2/3"}, "accuracy": {"min": 0.8472563028335571, "max": 0.9173867106437683, "mean": 0.8795790314674378, "dir": "snapshots/random_2d_ed/1216/2/3"}, "n_params": {"min": 10570496, "max": 10570496, "mean": 10570496.0, "dir": "snapshots/random_2d_ed/1216/2/0"}, "leaf": false, "n_nets": 5}