{"ari": {"min": 0.6457568407058716, "max": 0.766005277633667, "mean": 0.6916939616203308, "dir": "snapshots/random_2d_ed/1210/24/4"}, "miou": {"min": 0.23647768795490265, "max": 0.41915130615234375, "mean": 0.31817703545093534, "dir": "snapshots/random_2d_ed/1210/24/4"}, "accuracy": {"min": 0.8523827791213989, "max": 0.8978182077407837, "mean": 0.8717689752578736, "dir": "snapshots/random_2d_ed/1210/24/4"}, "n_params": {"min": 658000, "max": 658000, "mean": 658000.0, "dir": "snapshots/random_2d_ed/1210/24/0"}, "leaf": false, "n_nets": 5}