{"ari": {"min": 0.8290109634399414, "max": 0.8293079137802124, "mean": 0.8291594386100769, "dir": "snapshots/random_hybrid_3d/0424/72/1"}, "miou": {"min": 0.6174452900886536, "max": 0.6255337595939636, "mean": 0.6214895248413086, "dir": "snapshots/random_hybrid_3d/0424/72/0"}, "accuracy": {"min": 0.9368453621864319, "max": 0.9370704293251038, "mean": 0.9369578957557678, "dir": "snapshots/random_hybrid_3d/0424/72/0"}, "n_params": {"min": 25095, "max": 25095, "mean": 25095.0, "dir": "snapshots/random_hybrid_3d/0424/72/0"}, "leaf": false, "n_nets": 2}