{"leaf": true, "dir": "snapshots/random_hybrid_3d/0416/299/0", "n_nets": 1, "name": "Hybrid3DCRF_299_1", "ari": [0.8023220300674438], "miou": [0.3923770785331726], "accuracy": [0.927935004234314], "n_params": [24441266], "n_iterations": 368}