{"ari": {"min": 0.8283067345619202, "max": 0.828698992729187, "mean": 0.8285028636455536, "dir": "snapshots/random_hybrid_3d/0424/73/1"}, "miou": {"min": 0.6048325896263123, "max": 0.6152024269104004, "mean": 0.6100175082683563, "dir": "snapshots/random_hybrid_3d/0424/73/0"}, "accuracy": {"min": 0.9367777705192566, "max": 0.9369564056396484, "mean": 0.9368670880794525, "dir": "snapshots/random_hybrid_3d/0424/73/0"}, "n_params": {"min": 8511493, "max": 8512165, "mean": 8511829.0, "dir": "snapshots/random_hybrid_3d/0424/73/0"}, "leaf": false, "n_nets": 2}