{"ari": {"min": 0.517363429069519, "max": 0.6715113520622253, "mean": 0.5944373905658722, "dir": "snapshots/random_2d_ed_dense/0410/64/1"}, "miou": {"min": 0.016239343211054802, "max": 0.2400783747434616, "mean": 0.1281588589772582, "dir": "snapshots/random_2d_ed_dense/0410/64/1"}, "accuracy": {"min": 0.10056136548519135, "max": 0.871597170829773, "mean": 0.48607926815748215, "dir": "snapshots/random_2d_ed_dense/0410/64/1"}, "n_params": {"min": 1587465, "max": 1587465, "mean": 1587465.0, "dir": "snapshots/random_2d_ed_dense/0410/64/0"}, "leaf": false, "n_nets": 2}