{"ari": {"min": 0.7798557877540588, "max": 0.7912094593048096, "mean": 0.7855326235294342, "dir": "snapshots/random_2d_ed_dense/0410/56/0"}, "miou": {"min": 0.5162609219551086, "max": 0.5250819325447083, "mean": 0.5206714272499084, "dir": "snapshots/random_2d_ed_dense/0410/56/1"}, "accuracy": {"min": 0.9108666181564331, "max": 0.9126028418540955, "mean": 0.9117347300052643, "dir": "snapshots/random_2d_ed_dense/0410/56/0"}, "n_params": {"min": 1232550, "max": 1232550, "mean": 1232550.0, "dir": "snapshots/random_2d_ed_dense/0410/56/1"}, "leaf": false, "n_nets": 2}