{"leaf": true, "dir": "snapshots/random_2d_ed/1210/91/4", "n_nets": 1, "name": "RandomUnet2D_91_4", "ari": [0.6838774085044861], "miou": [0.33188095688819885], "accuracy": [0.8627983331680298], "n_params": [1446587], "n_iterations": 16000}