{"leaf": true, "dir": "snapshots/random_2d_ed/1216/60/2", "n_nets": 1, "name": "RandomUnet2D_60_2", "ari": [0.6404590010643005], "miou": [0.25085198879241943], "accuracy": [0.8401117920875549], "n_params": [585512], "n_iterations": 15664}