{"ari": {"min": 0.8390764594078064, "max": 0.8396309614181519, "mean": 0.8393537104129791, "dir": "snapshots/random_hybrid_3d/0416/34/0"}, "miou": {"min": 0.5079816579818726, "max": 0.5371187329292297, "mean": 0.5225501954555511, "dir": "snapshots/random_hybrid_3d/0416/34/1"}, "accuracy": {"min": 0.9412738680839539, "max": 0.9413469433784485, "mean": 0.9413104057312012, "dir": "snapshots/random_hybrid_3d/0416/34/0"}, "n_params": {"min": 1098264, "max": 1098537, "mean": 1098400.5, "dir": "snapshots/random_hybrid_3d/0416/34/0"}, "leaf": false, "n_nets": 2}