{"leaf": true, "dir": "snapshots/random_2d_ed/1216/96/0", "n_nets": 1, "name": "RandomUnet2D_96_1", "ari": [0.8116464614868164], "miou": [0.5446298718452454], "accuracy": [0.9163616895675659], "n_params": [2674582], "n_iterations": 66750}