{"ari": {"min": 0.8296852111816406, "max": 0.8296926617622375, "mean": 0.8296889364719391, "dir": "snapshots/random_hybrid_3d/0424/30/0"}, "miou": {"min": 0.5533499717712402, "max": 0.6169562935829163, "mean": 0.5851531326770782, "dir": "snapshots/random_hybrid_3d/0424/30/0"}, "accuracy": {"min": 0.9368936419487, "max": 0.9371882677078247, "mean": 0.9370409548282623, "dir": "snapshots/random_hybrid_3d/0424/30/1"}, "n_params": {"min": 5468306, "max": 5469433, "mean": 5468869.5, "dir": "snapshots/random_hybrid_3d/0424/30/0"}, "leaf": false, "n_nets": 2}