{"ari": {"min": 0.8279337286949158, "max": 0.8305057883262634, "mean": 0.8292197585105896, "dir": "snapshots/random_hybrid_3d/0424/30/0"}, "miou": {"min": 0.5645358562469482, "max": 0.6200986504554749, "mean": 0.5923172533512115, "dir": "snapshots/random_hybrid_3d/0424/30/0"}, "accuracy": {"min": 0.936516523361206, "max": 0.9375755190849304, "mean": 0.9370460212230682, "dir": "snapshots/random_hybrid_3d/0424/30/0"}, "n_params": {"min": 5468306, "max": 5469433, "mean": 5468869.5, "dir": "snapshots/random_hybrid_3d/0424/30/0"}, "leaf": false, "n_nets": 2}