{"ari": {"min": -6.765410968397707e-18, "max": 0.5411192774772644, "mean": 0.2705596387386322, "dir": "snapshots/random_hybrid_3d/0416/132/1"}, "miou": {"min": 0.06590643525123596, "max": 0.21987363696098328, "mean": 0.14289003610610962, "dir": "snapshots/random_hybrid_3d/0416/132/1"}, "accuracy": {"min": 0.46134504675865173, "max": 0.8324669599533081, "mean": 0.6469060033559799, "dir": "snapshots/random_hybrid_3d/0416/132/1"}, "n_params": {"min": 78127, "max": 78274, "mean": 78200.5, "dir": "snapshots/random_hybrid_3d/0416/132/0"}, "leaf": false, "n_nets": 2}