{"leaf": true, "dir": "snapshots/random_2d_ed/1216/20/2", "n_nets": 1, "name": "RandomUnet2D_20_0", "ari": [0.8017697930335999], "miou": [0.3730415403842926], "accuracy": [0.9131821990013123], "n_params": [12901938], "n_iterations": 16020}