{"ari": {"min": 0.500747561454773, "max": 0.7618098855018616, "mean": 0.6312787234783173, "dir": "snapshots/random_hybrid_3d/0416/94/1"}, "miou": {"min": 0.2766591012477875, "max": 0.39065811038017273, "mean": 0.3336586058139801, "dir": "snapshots/random_hybrid_3d/0416/94/0"}, "accuracy": {"min": 0.8246299028396606, "max": 0.9096503853797913, "mean": 0.867140144109726, "dir": "snapshots/random_hybrid_3d/0416/94/1"}, "n_params": {"min": 419809, "max": 419956, "mean": 419882.5, "dir": "snapshots/random_hybrid_3d/0416/94/1"}, "leaf": false, "n_nets": 2}