{"leaf": true, "dir": "snapshots/random_2d_ed/1210/22/0", "n_nets": 1, "name": "RandomUnet2D_22_0", "ari": [0.5561522841453552], "miou": [0.3390616774559021], "accuracy": [0.8728089928627014], "n_params": [57430773], "n_iterations": 25600}