{"leaf": true, "dir": "snapshots/random_2d_ed_dense/0503/280/1", "n_nets": 1, "name": "RandomUnet2D_280_0", "ari": [0.4139000475406647], "miou": [0.13825146853923798], "accuracy": [0.38246583938598633], "n_params": [4463506], "n_iterations": 19800}