{"leaf": true, "dir": "snapshots/random_2d_ed/1216/19/4", "n_nets": 1, "name": "RandomUnet2D_19_3", "ari": [0.7517951130867004], "miou": [0.35743868350982666], "accuracy": [0.893161416053772], "n_params": [2651161], "n_iterations": 31150}