{"leaf": true, "dir": "snapshots/random_hybrid_3d/0424/29/1", "n_nets": 1, "name": "Hybrid3DCRF_29_1", "ari": [0.8281583786010742], "miou": [0.6181565523147583], "accuracy": [0.9369313716888428], "n_params": [2637058], "n_iterations": 55200}