{"ari": {"min": 0.8338668942451477, "max": 0.8378977179527283, "mean": 0.835882306098938, "dir": "snapshots/random_hybrid_3d/0416/125/1"}, "miou": {"min": 0.4315171539783478, "max": 0.4953552782535553, "mean": 0.46343621611595154, "dir": "snapshots/random_hybrid_3d/0416/125/1"}, "accuracy": {"min": 0.9376499056816101, "max": 0.9406815767288208, "mean": 0.9391657412052155, "dir": "snapshots/random_hybrid_3d/0416/125/1"}, "n_params": {"min": 3608430, "max": 3608430, "mean": 3608430.0, "dir": "snapshots/random_hybrid_3d/0416/125/1"}, "leaf": false, "n_nets": 2}