{"ari": {"min": 0.8286452293395996, "max": 0.8300715684890747, "mean": 0.8293583989143372, "dir": "snapshots/random_hybrid_3d/0424/272/1"}, "miou": {"min": 0.6157947182655334, "max": 0.6223432421684265, "mean": 0.61906898021698, "dir": "snapshots/random_hybrid_3d/0424/272/1"}, "accuracy": {"min": 0.936721682548523, "max": 0.9371866583824158, "mean": 0.9369541704654694, "dir": "snapshots/random_hybrid_3d/0424/272/1"}, "n_params": {"min": 710951, "max": 710951, "mean": 710951.0, "dir": "snapshots/random_hybrid_3d/0424/272/0"}, "leaf": false, "n_nets": 2}