{"leaf": true, "dir": "snapshots/random_2d_ed/1210/65/1", "n_nets": 1, "name": "RandomUnet2D_65_1", "ari": [0.8133581876754761], "miou": [0.4949156939983368], "accuracy": [0.9283214807510376], "n_params": [13644535], "n_iterations": 25000}