{"leaf": true, "dir": "snapshots/random_2d_ed/1210/74/4", "n_nets": 1, "name": "RandomUnet2D_74_3", "ari": [0.7588775157928467], "miou": [0.441024512052536], "accuracy": [0.9116238355636597], "n_params": [49953371], "n_iterations": 12250}