{"leaf": true, "dir": "snapshots/random_2d_ed/1210/21/2", "n_nets": 1, "name": "RandomUnet2D_21_3", "ari": [0.7994475364685059], "miou": [0.5551242828369141], "accuracy": [0.9160978198051453], "n_params": [3965798], "n_iterations": 16000}