{"leaf": true, "dir": "snapshots/random_2d_ed/1210/83/2", "n_nets": 1, "name": "RandomUnet2D_83_2", "ari": [0.6470306515693665], "miou": [0.2439207136631012], "accuracy": [0.8564107418060303], "n_params": [1211171], "n_iterations": 8800}