{"leaf": true, "dir": "snapshots/random_hybrid_3d/0416/248/0", "n_nets": 1, "name": "Hybrid3DCRF_248_1", "ari": [0.042325496673583984], "miou": [0.13385966420173645], "accuracy": [0.4731799364089966], "n_params": [115841], "n_iterations": 368}