{"ari": {"min": -0.010840112343430519, "max": 0.845966100692749, "mean": 0.6438261598626909, "dir": "snapshots/random_hybrid_3d/0416/69/0"}, "miou": {"min": 0.00024170498363673687, "max": 0.6638931632041931, "mean": 0.39447521822297815, "dir": "snapshots/random_hybrid_3d/0416/129/0"}, "accuracy": {"min": 0.0009175898157991469, "max": 0.9446901679039001, "mean": 0.8272609327139643, "dir": "snapshots/random_hybrid_3d/0416/69/0"}, "n_params": {"min": 4263, "max": 82797454, "mean": 3888119.273944387, "dir": "snapshots/random_hybrid_3d/0416/294/0"}, "leaf": false, "n_nets": 971}