{"ari": {"min": -5.007364969613845e-17, "max": 0.8406288623809814, "mean": 0.7233758718715058, "dir": "snapshots/weight_volume/1210/001/1"}, "miou": {"min": 0.06563176959753036, "max": 0.6145207285881042, "mean": 0.38695509608264445, "dir": "snapshots/weight_volume/1210/001/1"}, "accuracy": {"min": 0.44257262349128723, "max": 0.9409635066986084, "mean": 0.888564018623249, "dir": "snapshots/weight_volume/1210/001/1"}, "n_params": {"min": 108011, "max": 209610976, "mean": 25142305.67927928, "dir": "snapshots/random_2d_ed/1210/46/0"}, "leaf": false, "n_nets": 555}