{"ari": {"min": -5.007364969613845e-17, "max": 0.8406288623809814, "mean": 0.729358166946053, "dir": "snapshots/weight_volume/1210/001/1"}, "miou": {"min": 0.06625118106603622, "max": 0.6145207285881042, "mean": 0.40328194992455646, "dir": "snapshots/weight_volume/1210/001/1"}, "accuracy": {"min": 0.44257262349128723, "max": 0.9409635066986084, "mean": 0.8932579592849968, "dir": "snapshots/weight_volume/1210/001/1"}, "n_params": {"min": 108011, "max": 209610976, "mean": 30667756.681660898, "dir": "snapshots/random_2d_ed/1210/46/0"}, "leaf": false, "n_nets": 289}