{"ari": {"min": 0.769815981388092, "max": 0.8406288623809814, "mean": 0.8251026712480138, "dir": "snapshots/weight_volume/1210/001/1"}, "miou": {"min": 0.4113563597202301, "max": 0.6145207285881042, "mean": 0.5306019870961298, "dir": "snapshots/weight_volume/1210/001/1"}, "accuracy": {"min": 0.906298816204071, "max": 0.9409635066986084, "mean": 0.9337144660168006, "dir": "snapshots/weight_volume/1210/001/1"}, "n_params": {"min": 31030983, "max": 31030983, "mean": 31030983.0, "dir": "snapshots/unet/1212/0"}, "leaf": false, "n_nets": 61}