{"ari": {"min": -0.010840112343430519, "max": 0.845966100692749, "mean": 0.6925269704075552, "dir": "snapshots/random_hybrid_3d/0416/69/0"}, "miou": {"min": 0.00024170498363673687, "max": 0.6638931632041931, "mean": 0.4486540538764989, "dir": "snapshots/random_hybrid_3d/0416/129/0"}, "accuracy": {"min": 0.0009175898157991469, "max": 0.9446901679039001, "mean": 0.8563545733807628, "dir": "snapshots/random_hybrid_3d/0416/69/0"}, "n_params": {"min": 3591, "max": 97048527, "mean": 4343966.604754829, "dir": "snapshots/random_hybrid_3d/0424/74/1"}, "leaf": false, "n_nets": 1346}