{"ari": {"min": -5.007364969613845e-17, "max": 0.8406288623809814, "mean": 0.7197326948147234, "dir": "snapshots/weight_volume/1210/001/1"}, "miou": {"min": 0.06563176959753036, "max": 0.6145207285881042, "mean": 0.37724074035158267, "dir": "snapshots/weight_volume/1210/001/1"}, "accuracy": {"min": 0.44257262349128723, "max": 0.9409635066986084, "mean": 0.8872200204427482, "dir": "snapshots/weight_volume/1210/001/1"}, "n_params": {"min": 108011, "max": 209610976, "mean": 23087111.95744681, "dir": "snapshots/random_2d_ed/1210/46/0"}, "leaf": false, "n_nets": 658}