{"ari": {"min": 0.2643063962459564, "max": 0.8387813568115234, "mean": 0.8088491331128513, "dir": "snapshots/hybrid_3d_crf/0318/0/17"}, "miou": {"min": 0.00024170498363673687, "max": 0.6506948471069336, "mean": 0.5975288046186096, "dir": "snapshots/hybrid_3d_crf/0318/0/19"}, "accuracy": {"min": 0.0009175898157991469, "max": 0.940554141998291, "mean": 0.9151554769190375, "dir": "snapshots/hybrid_3d_crf/0318/0/17"}, "n_params": {"min": 99439, "max": 7767055, "mean": 1021957.0588235294, "dir": "snapshots/random_2d_ed/0310/5"}, "leaf": false, "n_nets": 51}