{"ari": {"min": 1.0713720841969241e-18, "max": 0.8387813568115234, "mean": 0.7619177917639415, "dir": "snapshots/hybrid_3d_crf/0318/0/17"}, "miou": {"min": 0.00024170498363673687, "max": 0.6519533395767212, "mean": 0.5712907170349111, "dir": "snapshots/hybrid_3d_crf/0319/0/7"}, "accuracy": {"min": 0.0009175898157991469, "max": 0.940554141998291, "mean": 0.8903817924678636, "dir": "snapshots/hybrid_3d_crf/0318/0/17"}, "n_params": {"min": 99439, "max": 7767055, "mean": 916355.12, "dir": "snapshots/random_2d_ed/0310/5"}, "leaf": false, "n_nets": 75}