{"ari": {"min": -0.010652702301740646, "max": 0.8387813568115234, "mean": 0.5045589880777352, "dir": "snapshots/hybrid_3d_crf/0318/0/17"}, "miou": {"min": 0.00024170498363673687, "max": 0.6519533395767212, "mean": 0.3513456227620167, "dir": "snapshots/hybrid_3d_crf/0319/0/7"}, "accuracy": {"min": 0.0009175898157991469, "max": 0.940554141998291, "mean": 0.735584684300397, "dir": "snapshots/hybrid_3d_crf/0318/0/17"}, "n_params": {"min": 52600, "max": 49701896, "mean": 2876313.056149733, "dir": "snapshots/random_2d_ed_dense/0410/227/1"}, "leaf": false, "n_nets": 374}