{"ari": {"min": -5.007364969613845e-17, "max": 0.8406288623809814, "mean": 0.7131544706648624, "dir": "snapshots/weight_volume/1210/001/1"}, "miou": {"min": 0.06563176959753036, "max": 0.6145207285881042, "mean": 0.3682723019602736, "dir": "snapshots/weight_volume/1210/001/1"}, "accuracy": {"min": 0.44257262349128723, "max": 0.9409635066986084, "mean": 0.8833267563193508, "dir": "snapshots/weight_volume/1210/001/1"}, "n_params": {"min": 40497, "max": 209610976, "mean": 19295006.887573965, "dir": "snapshots/random_2d_ed/1210/46/0"}, "leaf": false, "n_nets": 845}