{"ari": {"min": -5.007364969613845e-17, "max": 0.8963413834571838, "mean": 0.7083009453248358, "dir": "snapshots/multi_binary/1221/0/1"}, "miou": {"min": 0.06563176959753036, "max": 0.9481625556945801, "mean": 0.364838657081414, "dir": "snapshots/multi_binary/1221/0/1"}, "accuracy": {"min": 0.44257262349128723, "max": 0.9749343395233154, "mean": 0.8819470285107243, "dir": "snapshots/multi_binary/1221/2/2"}, "n_params": {"min": 40497, "max": 209610976, "mean": 16624843.015399422, "dir": "snapshots/random_2d_ed/1210/46/0"}, "leaf": false, "n_nets": 1039}