{"ari": {"min": -2.2821420770924306e-06, "max": 0.8387813568115234, "mean": 0.4951759284767263, "dir": "snapshots/hybrid_3d_crf/0318/0/17"}, "miou": {"min": 0.00024170498363673687, "max": 0.6519533395767212, "mean": 0.39696997231698, "dir": "snapshots/hybrid_3d_crf/0319/0/7"}, "accuracy": {"min": 0.0009175898157991469, "max": 0.940554141998291, "mean": 0.74339455721122, "dir": "snapshots/hybrid_3d_crf/0318/0/17"}, "n_params": {"min": 99439, "max": 8237315, "mean": 1398033.6045454545, "dir": "snapshots/random_2d_ed_dense/0408/1/0"}, "leaf": false, "n_nets": 220}