{"ari": {"min": -0.010652702301740646, "max": 0.8387813568115234, "mean": 0.679697215829643, "dir": "snapshots/hybrid_3d_crf/0318/0/17"}, "miou": {"min": 0.003937064204365015, "max": 0.6519533395767212, "mean": 0.4781644940247849, "dir": "snapshots/hybrid_3d_crf/0319/0/7"}, "accuracy": {"min": 0.01898324489593506, "max": 0.940554141998291, "mean": 0.8405259609401484, "dir": "snapshots/hybrid_3d_crf/0318/0/17"}, "n_params": {"min": 3591, "max": 97048527, "mean": 4234252.689519307, "dir": "snapshots/random_hybrid_3d/0424/74/1"}, "leaf": false, "n_nets": 1269}