{"ari": {"min": -5.007364969613845e-17, "max": 0.8406288623809814, "mean": 0.7052894010996864, "dir": "snapshots/weight_volume/1210/001/1"}, "miou": {"min": 0.06563176959753036, "max": 0.6145207285881042, "mean": 0.36217347639764796, "dir": "snapshots/weight_volume/1210/001/1"}, "accuracy": {"min": 0.44257262349128723, "max": 0.9996520280838013, "mean": 0.8819618589189369, "dir": "snapshots/multi_binary/1220/5/0"}, "n_params": {"min": 40497, "max": 209610976, "mean": 16666318.490403071, "dir": "snapshots/random_2d_ed/1210/46/0"}, "leaf": false, "n_nets": 1042}