{"ari": {"min": 8.168384560723384e-18, "max": 0.8406288623809814, "mean": 0.7313780681419689, "dir": "snapshots/weight_volume/1210/001/1"}, "miou": {"min": 0.06680024415254593, "max": 0.6145207285881042, "mean": 0.40693845451537486, "dir": "snapshots/weight_volume/1210/001/1"}, "accuracy": {"min": 0.44257262349128723, "max": 0.9409635066986084, "mean": 0.891394116577849, "dir": "snapshots/weight_volume/1210/001/1"}, "n_params": {"min": 108011, "max": 183377231, "mean": 30864698.522123896, "dir": "snapshots/random_2d_ed/1210/6/0"}, "leaf": false, "n_nets": 226}