{"ari": {"min": -0.010840112343430519, "max": 0.845966100692749, "mean": 0.6724043850453685, "dir": "snapshots/random_hybrid_3d/0416/69/0"}, "miou": {"min": 0.00024170498363673687, "max": 0.6638931632041931, "mean": 0.42661117277249994, "dir": "snapshots/random_hybrid_3d/0416/129/0"}, "accuracy": {"min": 0.0009175898157991469, "max": 0.9446901679039001, "mean": 0.8443536185543754, "dir": "snapshots/random_hybrid_3d/0416/69/0"}, "n_params": {"min": 4263, "max": 82797454, "mean": 4067547.401032702, "dir": "snapshots/random_hybrid_3d/0416/294/0"}, "leaf": false, "n_nets": 1162}