{"ari": {"min": -0.010652702301740646, "max": 0.845966100692749, "mean": 0.5694258003731915, "dir": "snapshots/random_hybrid_3d/0416/69/0"}, "miou": {"min": 0.00024170498363673687, "max": 0.6576579213142395, "mean": 0.3745544353730579, "dir": "snapshots/random_hybrid_3d/0416/2/0"}, "accuracy": {"min": 0.0009175898157991469, "max": 0.9446901679039001, "mean": 0.7782897145904428, "dir": "snapshots/random_hybrid_3d/0416/69/0"}, "n_params": {"min": 7847, "max": 58516442, "mean": 3580683.376699029, "dir": "snapshots/random_hybrid_3d/0416/36/1"}, "leaf": false, "n_nets": 515}