{"ari": {"min": 0.24643255770206451, "max": 0.7779479026794434, "mean": 0.6189670592546463, "dir": "snapshots/random_2d_ed/1210/54/4"}, "miou": {"min": 0.10247442871332169, "max": 0.4236760139465332, "mean": 0.30289077311754226, "dir": "snapshots/random_2d_ed/1210/54/4"}, "accuracy": {"min": 0.45248720049858093, "max": 0.9043379426002502, "mean": 0.7923900187015533, "dir": "snapshots/random_2d_ed/1210/54/4"}, "n_params": {"min": 1519826, "max": 1519826, "mean": 1519826.0, "dir": "snapshots/random_2d_ed/1210/54/0"}, "leaf": false, "n_nets": 5}