{"ari": {"min": 0.7841393351554871, "max": 0.8200095891952515, "mean": 0.8014071583747864, "dir": "snapshots/random_2d_ed/1210/75/4"}, "miou": {"min": 0.37393718957901, "max": 0.5101524591445923, "mean": 0.40925365686416626, "dir": "snapshots/random_2d_ed/1210/75/4"}, "accuracy": {"min": 0.911510169506073, "max": 0.9292504191398621, "mean": 0.9183082461357117, "dir": "snapshots/random_2d_ed/1210/75/4"}, "n_params": {"min": 7997183, "max": 7997183, "mean": 7997183.0, "dir": "snapshots/random_2d_ed/1210/75/0"}, "leaf": false, "n_nets": 5}