{"ari": {"min": 0.7373733520507812, "max": 0.8094929456710815, "mean": 0.7778529524803162, "dir": "snapshots/random_2d_ed/1210/75/4"}, "miou": {"min": 0.34221795201301575, "max": 0.47118106484413147, "mean": 0.3854261636734009, "dir": "snapshots/random_2d_ed/1210/75/4"}, "accuracy": {"min": 0.8824070692062378, "max": 0.9226681590080261, "mean": 0.905472457408905, "dir": "snapshots/random_2d_ed/1210/75/4"}, "n_params": {"min": 7997183, "max": 7997183, "mean": 7997183.0, "dir": "snapshots/random_2d_ed/1210/75/0"}, "leaf": false, "n_nets": 5}