{"ari": {"min": 0.8146200180053711, "max": 0.8411007523536682, "mean": 0.8278603851795197, "dir": "snapshots/random_hybrid_3d/0416/210/1"}, "miou": {"min": 0.4007011353969574, "max": 0.4761229157447815, "mean": 0.43841202557086945, "dir": "snapshots/random_hybrid_3d/0416/210/1"}, "accuracy": {"min": 0.9319357872009277, "max": 0.9409173130989075, "mean": 0.9364265501499176, "dir": "snapshots/random_hybrid_3d/0416/210/1"}, "n_params": {"min": 1257171, "max": 1258053, "mean": 1257612.0, "dir": "snapshots/random_hybrid_3d/0416/210/1"}, "leaf": false, "n_nets": 2}