{"leaf": true, "dir": "snapshots/random_hybrid_3d/0416/28/0", "n_nets": 1, "name": "Hybrid3DCRF_28_0", "ari": [-5.5742450058460236e-05], "miou": [0.06594012677669525], "accuracy": [0.4614366292953491], "n_params": [4071443], "n_iterations": 368}