{"leaf": true, "dir": "snapshots/random_hybrid_3d/0416/177/0", "n_nets": 1, "name": "Hybrid3DCRF_177_1", "ari": [0.841513991355896], "miou": [0.5153049230575562], "accuracy": [0.9425697922706604], "n_params": [625048], "n_iterations": 368}