{"leaf": true, "dir": "snapshots/random_2d_ed_dense/0410/279/0", "n_nets": 1, "name": "RandomUnet2D_279_0", "ari": [-0.001332094776444137], "miou": [0.06118873879313469], "accuracy": [0.42432814836502075], "n_params": [1602801], "n_iterations": 8800}