{"leaf": true, "dir": "snapshots/random_2d_ed/1216/53/0", "n_nets": 1, "name": "RandomUnet2D_53_0", "ari": [0.7105796337127686], "miou": [0.4396287202835083], "accuracy": [0.9160277247428894], "n_params": [98298755], "n_iterations": 170880}