{"leaf": true, "dir": "snapshots/random_2d_ed/1216/79/2", "n_nets": 1, "name": "RandomUnet2D_79_2", "ari": [0.28610745072364807], "miou": [0.12839531898498535], "accuracy": [0.4963356852531433], "n_params": [6818564], "n_iterations": 62656}