{"ari": {"min": 0.8381778001785278, "max": 0.8407048583030701, "mean": 0.839441329240799, "dir": "snapshots/random_hybrid_3d/0416/219/1"}, "miou": {"min": 0.427192747592926, "max": 0.5665178894996643, "mean": 0.49685531854629517, "dir": "snapshots/random_hybrid_3d/0416/219/1"}, "accuracy": {"min": 0.9375091195106506, "max": 0.942365288734436, "mean": 0.9399372041225433, "dir": "snapshots/random_hybrid_3d/0416/219/1"}, "n_params": {"min": 26284117, "max": 26286322, "mean": 26285219.5, "dir": "snapshots/random_hybrid_3d/0416/219/1"}, "leaf": false, "n_nets": 2}