{"ari": {"min": 0.8287872076034546, "max": 0.8297691941261292, "mean": 0.8292782008647919, "dir": "snapshots/random_hybrid_3d/0424/111/1"}, "miou": {"min": 0.6231128573417664, "max": 0.6278587579727173, "mean": 0.6254858076572418, "dir": "snapshots/random_hybrid_3d/0424/111/1"}, "accuracy": {"min": 0.936762273311615, "max": 0.9374549984931946, "mean": 0.9371086359024048, "dir": "snapshots/random_hybrid_3d/0424/111/1"}, "n_params": {"min": 498053, "max": 498053, "mean": 498053.0, "dir": "snapshots/random_hybrid_3d/0424/111/0"}, "leaf": false, "n_nets": 2}