{"ari": {"min": 4.129743048743456e-18, "max": 0.8245211243629456, "mean": 0.6552906990051269, "dir": "snapshots/random_2d_ed/1210/67/4"}, "miou": {"min": 0.06909491866827011, "max": 0.5916954874992371, "mean": 0.45236161202192304, "dir": "snapshots/random_2d_ed/1210/67/1"}, "accuracy": {"min": 0.4836644232273102, "max": 0.9322466850280762, "mean": 0.8404512941837311, "dir": "snapshots/random_2d_ed/1210/67/4"}, "n_params": {"min": 16138544, "max": 16138544, "mean": 16138544.0, "dir": "snapshots/random_2d_ed/1210/67/0"}, "leaf": false, "n_nets": 5}