{"ari": {"min": 0.8287511467933655, "max": 0.8298282027244568, "mean": 0.8292896747589111, "dir": "snapshots/random_hybrid_3d/0424/274/1"}, "miou": {"min": 0.6181864142417908, "max": 0.6214026212692261, "mean": 0.6197945177555084, "dir": "snapshots/random_hybrid_3d/0424/274/1"}, "accuracy": {"min": 0.9367810487747192, "max": 0.937130868434906, "mean": 0.9369559586048126, "dir": "snapshots/random_hybrid_3d/0424/274/1"}, "n_params": {"min": 59605, "max": 59605, "mean": 59605.0, "dir": "snapshots/random_hybrid_3d/0424/274/0"}, "leaf": false, "n_nets": 2}