{"ari": {"min": 0.8284139037132263, "max": 0.8303234577178955, "mean": 0.8293686807155609, "dir": "snapshots/random_hybrid_3d/0416/154/1"}, "miou": {"min": 0.43634986877441406, "max": 0.49763527512550354, "mean": 0.4669925719499588, "dir": "snapshots/random_hybrid_3d/0416/154/1"}, "accuracy": {"min": 0.9357666969299316, "max": 0.9362980723381042, "mean": 0.9360323846340179, "dir": "snapshots/random_hybrid_3d/0416/154/1"}, "n_params": {"min": 157176, "max": 157176, "mean": 157176.0, "dir": "snapshots/random_hybrid_3d/0416/154/1"}, "leaf": false, "n_nets": 2}