{"ari": {"min": 0.8289593458175659, "max": 0.8294099569320679, "mean": 0.8291846513748169, "dir": "snapshots/random_hybrid_3d/0418/8/1"}, "miou": {"min": 0.6192547678947449, "max": 0.6226029396057129, "mean": 0.6209288537502289, "dir": "snapshots/random_hybrid_3d/0418/8/0"}, "accuracy": {"min": 0.9367581009864807, "max": 0.9369592070579529, "mean": 0.9368586540222168, "dir": "snapshots/random_hybrid_3d/0418/8/1"}, "n_params": {"min": 4351631, "max": 4351778, "mean": 4351704.5, "dir": "snapshots/random_hybrid_3d/0418/8/1"}, "leaf": false, "n_nets": 2}