{"ari": {"min": 0.8188298344612122, "max": 0.8361985087394714, "mean": 0.8275141716003418, "dir": "snapshots/random_hybrid_3d/0416/74/0"}, "miou": {"min": 0.4134642779827118, "max": 0.4693894386291504, "mean": 0.4414268583059311, "dir": "snapshots/random_hybrid_3d/0416/74/0"}, "accuracy": {"min": 0.9304003119468689, "max": 0.938996434211731, "mean": 0.9346983730792999, "dir": "snapshots/random_hybrid_3d/0416/74/0"}, "n_params": {"min": 13168058, "max": 13168856, "mean": 13168457.0, "dir": "snapshots/random_hybrid_3d/0416/74/0"}, "leaf": false, "n_nets": 2}