{"leaf": true, "dir": "snapshots/random_hybrid_3d/0416/287/0", "n_nets": 1, "name": "Hybrid3DCRF_287_0", "ari": [0.8381437659263611], "miou": [0.43083909153938293], "accuracy": [0.9383824467658997], "n_params": [683304], "n_iterations": 368}