{"ari": {"min": 0.6891227960586548, "max": 0.7989179491996765, "mean": 0.7602582693099975, "dir": "snapshots/random_2d_ed/1210/57/1"}, "miou": {"min": 0.3268575668334961, "max": 0.4788115918636322, "mean": 0.4024778366088867, "dir": "snapshots/random_2d_ed/1210/57/0"}, "accuracy": {"min": 0.87825608253479, "max": 0.9284002184867859, "mean": 0.9105173707008362, "dir": "snapshots/random_2d_ed/1210/57/1"}, "n_params": {"min": 58444407, "max": 58444407, "mean": 58444407.0, "dir": "snapshots/random_2d_ed/1210/57/1"}, "leaf": false, "n_nets": 5}