{"ari": {"min": 0.1217837855219841, "max": 0.76202392578125, "mean": 0.44190385565161705, "dir": "snapshots/random_hybrid_3d/0416/228/1"}, "miou": {"min": 0.23636330664157867, "max": 0.2927890717983246, "mean": 0.26457618921995163, "dir": "snapshots/random_hybrid_3d/0416/228/1"}, "accuracy": {"min": 0.6302193403244019, "max": 0.910711407661438, "mean": 0.7704653739929199, "dir": "snapshots/random_hybrid_3d/0416/228/1"}, "n_params": {"min": 104927, "max": 104927, "mean": 104927.0, "dir": "snapshots/random_hybrid_3d/0416/228/0"}, "leaf": false, "n_nets": 2}