{"leaf": true, "dir": "snapshots/weight_volume/1210/0/2", "n_nets": 1, "name": "WeightVolume_0_2", "ari": [0.832307755947113], "miou": [0.4842665493488312], "accuracy": [0.9377508759498596], "n_params": [31030983], "n_iterations": 36000}