{"ari": {"min": 0.8291679620742798, "max": 0.8301937580108643, "mean": 0.829680860042572, "dir": "snapshots/random_hybrid_3d/0424/60/0"}, "miou": {"min": 0.6211675405502319, "max": 0.6257784962654114, "mean": 0.6234730184078217, "dir": "snapshots/random_hybrid_3d/0424/60/0"}, "accuracy": {"min": 0.937167227268219, "max": 0.9379159808158875, "mean": 0.9375416040420532, "dir": "snapshots/random_hybrid_3d/0424/60/0"}, "n_params": {"min": 18821308, "max": 18822792, "mean": 18822050.0, "dir": "snapshots/random_hybrid_3d/0424/60/1"}, "leaf": false, "n_nets": 2}