{"leaf": true, "dir": "snapshots/random_2d_ed/1210/30/2", "n_nets": 1, "name": "RandomUnet2D_30_2", "ari": [0.7133165001869202], "miou": [0.3636779487133026], "accuracy": [0.8719116449356079], "n_params": [456204], "n_iterations": 15200}