{"ari": {"min": 0.788746178150177, "max": 0.8061365485191345, "mean": 0.7978320002555848, "dir": "snapshots/random_2d_ed/1210/86/1"}, "miou": {"min": 0.41997647285461426, "max": 0.5341347455978394, "mean": 0.46305649876594546, "dir": "snapshots/random_2d_ed/1210/86/4"}, "accuracy": {"min": 0.9104235768318176, "max": 0.9228919148445129, "mean": 0.9173601746559144, "dir": "snapshots/random_2d_ed/1210/86/1"}, "n_params": {"min": 14884858, "max": 14884858, "mean": 14884858.0, "dir": "snapshots/random_2d_ed/1210/86/0"}, "leaf": false, "n_nets": 5}