{"leaf": true, "dir": "snapshots/random_2d_ed/1210/32/4", "n_nets": 1, "name": "RandomUnet2D_32_3", "ari": [0.6470450758934021], "miou": [0.358227401971817], "accuracy": [0.8501672744750977], "n_params": [4459788], "n_iterations": 4000}