{"ari": {"min": 0.8167104125022888, "max": 0.8283103108406067, "mean": 0.8225103616714478, "dir": "snapshots/random_hybrid_3d/0424/62/0"}, "miou": {"min": 0.47526636719703674, "max": 0.6239861249923706, "mean": 0.5496262460947037, "dir": "snapshots/random_hybrid_3d/0424/62/0"}, "accuracy": {"min": 0.9308202266693115, "max": 0.9364545345306396, "mean": 0.9336373805999756, "dir": "snapshots/random_hybrid_3d/0424/62/0"}, "n_params": {"min": 2858483, "max": 2859022, "mean": 2858752.5, "dir": "snapshots/random_hybrid_3d/0424/62/1"}, "leaf": false, "n_nets": 2}