{"leaf": true, "dir": "snapshots/random_hybrid_3d/0424/127/1", "n_nets": 1, "name": "Hybrid3DCRF_127_1", "ari": [0.8166488409042358], "miou": [0.4749424159526825], "accuracy": [0.9305062890052795], "n_params": [29581], "n_iterations": 5520}