{"ari": {"min": 0.8410749435424805, "max": 0.8424980044364929, "mean": 0.8417864739894867, "dir": "snapshots/random_hybrid_3d/0416/47/1"}, "miou": {"min": 0.47836753726005554, "max": 0.5390946269035339, "mean": 0.5087310820817947, "dir": "snapshots/random_hybrid_3d/0416/47/1"}, "accuracy": {"min": 0.940517008304596, "max": 0.9419158101081848, "mean": 0.9412164092063904, "dir": "snapshots/random_hybrid_3d/0416/47/1"}, "n_params": {"min": 22359360, "max": 22360977, "mean": 22360168.5, "dir": "snapshots/random_hybrid_3d/0416/47/1"}, "leaf": false, "n_nets": 2}