{"ari": {"min": 0.6400228142738342, "max": 0.7914955019950867, "mean": 0.738888943195343, "dir": "snapshots/random_2d_ed/1216/19/2"}, "miou": {"min": 0.2127837836742401, "max": 0.36692535877227783, "mean": 0.3095888078212738, "dir": "snapshots/random_2d_ed/1216/19/2"}, "accuracy": {"min": 0.8586510419845581, "max": 0.9049743413925171, "mean": 0.8872852563858032, "dir": "snapshots/random_2d_ed/1216/19/2"}, "n_params": {"min": 2651161, "max": 2651161, "mean": 2651161.0, "dir": "snapshots/random_2d_ed/1216/19/0"}, "leaf": false, "n_nets": 5}