{"ari": {"min": 0.6400228142738342, "max": 0.7896412014961243, "mean": 0.7370687246322631, "dir": "snapshots/random_2d_ed/1216/19/2"}, "miou": {"min": 0.2127837836742401, "max": 0.3645171821117401, "mean": 0.3097881555557251, "dir": "snapshots/random_2d_ed/1216/19/2"}, "accuracy": {"min": 0.8586510419845581, "max": 0.9048975706100464, "mean": 0.8868527054786682, "dir": "snapshots/random_2d_ed/1216/19/2"}, "n_params": {"min": 2651161, "max": 2651161, "mean": 2651161.0, "dir": "snapshots/random_2d_ed/1216/19/0"}, "leaf": false, "n_nets": 5}