{"ari": {"min": 0.8278499245643616, "max": 0.8293097019195557, "mean": 0.8285798132419586, "dir": "snapshots/random_hybrid_3d/0424/259/0"}, "miou": {"min": 0.4908248484134674, "max": 0.5588166117668152, "mean": 0.5248207300901413, "dir": "snapshots/random_hybrid_3d/0424/259/1"}, "accuracy": {"min": 0.9361900091171265, "max": 0.9368705153465271, "mean": 0.9365302622318268, "dir": "snapshots/random_hybrid_3d/0424/259/0"}, "n_params": {"min": 664197, "max": 664197, "mean": 664197.0, "dir": "snapshots/random_hybrid_3d/0424/259/0"}, "leaf": false, "n_nets": 2}