{"leaf": true, "dir": "snapshots/random_hybrid_3d/0416/41/1", "n_nets": 1, "name": "Hybrid3DCRF_41_1", "ari": [0.02102581225335598], "miou": [0.06557396799325943], "accuracy": [0.4475666582584381], "n_params": [12327], "n_iterations": 368}