{"ari": {"min": 0.8057623505592346, "max": 0.8057623505592346, "mean": 0.8057623505592346, "dir": "snapshots/random_2d_ed_dense/0410/181/0"}, "miou": {"min": 0.5511349439620972, "max": 0.5511349439620972, "mean": 0.5511349439620972, "dir": "snapshots/random_2d_ed_dense/0410/181/0"}, "accuracy": {"min": 0.9216594099998474, "max": 0.9216594099998474, "mean": 0.9216594099998474, "dir": "snapshots/random_2d_ed_dense/0410/181/0"}, "n_params": {"min": 400770, "max": 400770, "mean": 400770.0, "dir": "snapshots/random_2d_ed_dense/0410/181/0"}, "leaf": false, "n_nets": 1}