{"leaf": true, "dir": "snapshots/hybrid_3d_crf/0319/0/21", "n_nets": 1, "name": "Hybrid3DCRF_0_16", "ari": [0.8373404145240784], "miou": [0.6443230509757996], "accuracy": [0.9395748972892761], "n_params": [691951], "n_iterations": 32400}