{"ari": {"min": 0.006498091854155064, "max": 0.05836097523570061, "mean": 0.032429533544927835, "dir": "snapshots/random_2d_ed_dense/0410/243/1"}, "miou": {"min": 0.02516387589275837, "max": 0.07006259262561798, "mean": 0.047613234259188175, "dir": "snapshots/random_2d_ed_dense/0410/243/1"}, "accuracy": {"min": 0.09251043200492859, "max": 0.33933666348457336, "mean": 0.21592354774475098, "dir": "snapshots/random_2d_ed_dense/0410/243/1"}, "n_params": {"min": 2343590, "max": 2343590, "mean": 2343590.0, "dir": "snapshots/random_2d_ed_dense/0410/243/1"}, "leaf": false, "n_nets": 2}