{"ari": {"min": 0.8288403153419495, "max": 0.8289222121238708, "mean": 0.8288812637329102, "dir": "snapshots/random_hybrid_3d/0424/2/1"}, "miou": {"min": 0.5399652123451233, "max": 0.622868537902832, "mean": 0.5814168751239777, "dir": "snapshots/random_hybrid_3d/0424/2/1"}, "accuracy": {"min": 0.9367759227752686, "max": 0.9369930028915405, "mean": 0.9368844628334045, "dir": "snapshots/random_hybrid_3d/0424/2/1"}, "n_params": {"min": 559546, "max": 559868, "mean": 559707.0, "dir": "snapshots/random_hybrid_3d/0424/2/0"}, "leaf": false, "n_nets": 2}