{"ari": {"min": 0.8341338038444519, "max": 0.8408030271530151, "mean": 0.8374684154987335, "dir": "snapshots/random_hybrid_3d/0416/110/0"}, "miou": {"min": 0.4268946349620819, "max": 0.48947590589523315, "mean": 0.45818527042865753, "dir": "snapshots/random_hybrid_3d/0416/110/0"}, "accuracy": {"min": 0.9351887702941895, "max": 0.9411405324935913, "mean": 0.9381646513938904, "dir": "snapshots/random_hybrid_3d/0416/110/0"}, "n_params": {"min": 212369, "max": 212369, "mean": 212369.0, "dir": "snapshots/random_hybrid_3d/0416/110/0"}, "leaf": false, "n_nets": 2}