{"ari": {"min": -2.0762325902978773e-07, "max": -2.0762325902978773e-07, "mean": -2.0762325902978773e-07, "dir": "snapshots/random_2d_ed_dense/0410/190/0"}, "miou": {"min": 0.058898646384477615, "max": 0.058898646384477615, "mean": 0.058898646384477615, "dir": "snapshots/random_2d_ed_dense/0410/190/0"}, "accuracy": {"min": 0.4122900366783142, "max": 0.4122900366783142, "mean": 0.4122900366783142, "dir": "snapshots/random_2d_ed_dense/0410/190/0"}, "n_params": {"min": 54110, "max": 54110, "mean": 54110.0, "dir": "snapshots/random_2d_ed_dense/0410/190/0"}, "leaf": false, "n_nets": 1}