{"ari": {"min": 0.833495557308197, "max": 0.8367945551872253, "mean": 0.8355288237333298, "dir": "snapshots/hybrid_3d_crf/0316/0/8"}, "miou": {"min": 0.6302167773246765, "max": 0.6506704688072205, "mean": 0.6461647480726243, "dir": "snapshots/hybrid_3d_crf/0316/0/2"}, "accuracy": {"min": 0.9382089376449585, "max": 0.939767062664032, "mean": 0.9390981793403625, "dir": "snapshots/hybrid_3d_crf/0316/0/8"}, "n_params": {"min": 691951, "max": 691951, "mean": 691951.0, "dir": "snapshots/hybrid_3d_crf/0316/0/2"}, "leaf": false, "n_nets": 20}