{"leaf": true, "dir": "snapshots/random_2d_ed/1210/29/1", "n_nets": 1, "name": "RandomUnet2D_29_2", "ari": [0.77727872133255], "miou": [0.4663398563861847], "accuracy": [0.9079762697219849], "n_params": [1002928], "n_iterations": 16000}