{"leaf": true, "dir": "snapshots/random_hybrid_3d/0416/46/1", "n_nets": 1, "name": "Hybrid3DCRF_46_1", "ari": [0.7408041954040527], "miou": [0.25394099950790405], "accuracy": [0.9019982218742371], "n_params": [1277497], "n_iterations": 368}