{"ari": {"min": 0.8272526264190674, "max": 0.8290414810180664, "mean": 0.8281470537185669, "dir": "snapshots/random_hybrid_3d/0424/242/0"}, "miou": {"min": 0.6173191070556641, "max": 0.620559573173523, "mean": 0.6189393401145935, "dir": "snapshots/random_hybrid_3d/0424/242/1"}, "accuracy": {"min": 0.9360986351966858, "max": 0.9366583228111267, "mean": 0.9363784790039062, "dir": "snapshots/random_hybrid_3d/0424/242/0"}, "n_params": {"min": 1550398, "max": 1551406, "mean": 1550902.0, "dir": "snapshots/random_hybrid_3d/0424/242/1"}, "leaf": false, "n_nets": 2}