{"ari": {"min": 1.0713720841969241e-18, "max": 0.8387813568115234, "mean": 0.775531114011571, "dir": "snapshots/hybrid_3d_crf/0318/0/17"}, "miou": {"min": 0.06459560990333557, "max": 0.6519533395767212, "mean": 0.6004853749620742, "dir": "snapshots/hybrid_3d_crf/0319/0/7"}, "accuracy": {"min": 0.452169269323349, "max": 0.940554141998291, "mean": 0.9039050016714179, "dir": "snapshots/hybrid_3d_crf/0318/0/17"}, "n_params": {"min": 99439, "max": 691951, "mean": 683363.8695652174, "dir": "snapshots/hybrid_3d_crf/0316/0/2"}, "leaf": false, "n_nets": 69}