{"ari": {"min": 0.833495557308197, "max": 0.8387813568115234, "mean": 0.8359804060724046, "dir": "snapshots/hybrid_3d_crf/0318/0/17"}, "miou": {"min": 0.6302167773246765, "max": 0.6506948471069336, "mean": 0.6457923584514194, "dir": "snapshots/hybrid_3d_crf/0318/0/19"}, "accuracy": {"min": 0.9382089376449585, "max": 0.940554141998291, "mean": 0.9391942222913107, "dir": "snapshots/hybrid_3d_crf/0318/0/17"}, "n_params": {"min": 99439, "max": 691951, "mean": 678784.0666666667, "dir": "snapshots/hybrid_3d_crf/0316/0/2"}, "leaf": false, "n_nets": 45}