{"ari": {"min": -2.2821420770924306e-06, "max": 0.8387813568115234, "mean": 0.48885518445562115, "dir": "snapshots/hybrid_3d_crf/0318/0/17"}, "miou": {"min": 0.06459560990333557, "max": 0.6519533395767212, "mean": 0.4023037882636509, "dir": "snapshots/hybrid_3d_crf/0319/0/7"}, "accuracy": {"min": 0.452169269323349, "max": 0.940554141998291, "mean": 0.7415925904190371, "dir": "snapshots/hybrid_3d_crf/0318/0/17"}, "n_params": {"min": 99439, "max": 1743930, "mean": 1314492.0521327015, "dir": "snapshots/hybrid_3d_crf/0401/0/22"}, "leaf": false, "n_nets": 211}