{"ari": {"min": 0.8285409808158875, "max": 0.8286306858062744, "mean": 0.8285858333110809, "dir": "snapshots/random_hybrid_3d/0424/179/0"}, "miou": {"min": 0.5413512587547302, "max": 0.6240667700767517, "mean": 0.582709014415741, "dir": "snapshots/random_hybrid_3d/0424/179/1"}, "accuracy": {"min": 0.9363033175468445, "max": 0.9368353486061096, "mean": 0.936569333076477, "dir": "snapshots/random_hybrid_3d/0424/179/0"}, "n_params": {"min": 11089341, "max": 11090713, "mean": 11090027.0, "dir": "snapshots/random_hybrid_3d/0424/179/0"}, "leaf": false, "n_nets": 2}