{"leaf": true, "dir": "snapshots/hybrid_3d_crf/0318/0/10", "n_nets": 1, "name": "Hybrid3DCRF_0_13", "ari": [0.8359805941581726], "miou": [0.6453898549079895], "accuracy": [0.9390190839767456], "n_params": [691951], "n_iterations": 32400}