{"leaf": true, "dir": "snapshots/random_hybrid_3d/0424/26/1", "n_nets": 1, "name": "Hybrid3DCRF_26_1", "ari": [0.8300554752349854], "miou": [0.6201027631759644], "accuracy": [0.9369299411773682], "n_params": [14137169], "n_iterations": 55200}