{"ari": {"min": 0.7530151605606079, "max": 0.8417947292327881, "mean": 0.797404944896698, "dir": "snapshots/random_hybrid_3d/0416/144/1"}, "miou": {"min": 0.3259478211402893, "max": 0.5639387965202332, "mean": 0.44494330883026123, "dir": "snapshots/random_hybrid_3d/0416/144/1"}, "accuracy": {"min": 0.9101338982582092, "max": 0.9426435828208923, "mean": 0.9263887405395508, "dir": "snapshots/random_hybrid_3d/0416/144/1"}, "n_params": {"min": 1949844, "max": 1949844, "mean": 1949844.0, "dir": "snapshots/random_hybrid_3d/0416/144/1"}, "leaf": false, "n_nets": 2}