{"ari": {"min": 0.8294129371643066, "max": 0.8305081129074097, "mean": 0.8299605250358582, "dir": "snapshots/random_hybrid_3d/0424/42/0"}, "miou": {"min": 0.602051317691803, "max": 0.618449866771698, "mean": 0.6102505922317505, "dir": "snapshots/random_hybrid_3d/0424/42/0"}, "accuracy": {"min": 0.9372588396072388, "max": 0.9377595782279968, "mean": 0.9375092089176178, "dir": "snapshots/random_hybrid_3d/0424/42/0"}, "n_params": {"min": 5391638, "max": 5392282, "mean": 5391960.0, "dir": "snapshots/random_hybrid_3d/0424/42/1"}, "leaf": false, "n_nets": 2}