{"leaf": true, "dir": "snapshots/random_2d_ed/1210/74/2", "n_nets": 1, "name": "RandomUnet2D_74_0", "ari": [0.6557657122612], "miou": [0.28090623021125793], "accuracy": [0.8689084649085999], "n_params": [49953371], "n_iterations": 12250}