{"ari": {"min": 0.8273476958274841, "max": 0.8276326060295105, "mean": 0.8274941047032675, "dir": "snapshots/hybrid_3d_crf/0404/12/2"}, "miou": {"min": 0.6288375854492188, "max": 0.6367310285568237, "mean": 0.6324945489565531, "dir": "snapshots/hybrid_3d_crf/0404/12/3"}, "accuracy": {"min": 0.9363675117492676, "max": 0.936536431312561, "mean": 0.9364408254623413, "dir": "snapshots/hybrid_3d_crf/0404/12/2"}, "n_params": {"min": 1743930, "max": 1743930, "mean": 1743930.0, "dir": "snapshots/hybrid_3d_crf/0404/12/0"}, "leaf": false, "n_nets": 3}