{"leaf": true, "dir": "snapshots/random_hybrid_3d/0418/278/1", "n_nets": 1, "name": "Hybrid3DCRF_278_0", "ari": [0.8281870484352112], "miou": [0.6184095740318298], "accuracy": [0.936391294002533], "n_params": [2824626], "n_iterations": 55200}