{"ari": {"min": 0.5780404806137085, "max": 0.6212195754051208, "mean": 0.6003578543663025, "dir": "snapshots/random_2d_ed/1216/84/4"}, "miou": {"min": 0.20069505274295807, "max": 0.25644561648368835, "mean": 0.2221147209405899, "dir": "snapshots/random_2d_ed/1216/84/0"}, "accuracy": {"min": 0.8131905198097229, "max": 0.8404980301856995, "mean": 0.829804527759552, "dir": "snapshots/random_2d_ed/1216/84/4"}, "n_params": {"min": 207581, "max": 207581, "mean": 207581.0, "dir": "snapshots/random_2d_ed/1216/84/0"}, "leaf": false, "n_nets": 5}