{"ari": {"min": 0.8417065739631653, "max": 0.8419179320335388, "mean": 0.841812252998352, "dir": "snapshots/random_hybrid_3d/0416/129/1"}, "miou": {"min": 0.653105616569519, "max": 0.6638931632041931, "mean": 0.6584993898868561, "dir": "snapshots/random_hybrid_3d/0416/129/0"}, "accuracy": {"min": 0.9432721734046936, "max": 0.9433303475379944, "mean": 0.943301260471344, "dir": "snapshots/random_hybrid_3d/0416/129/1"}, "n_params": {"min": 454534, "max": 456242, "mean": 455388.0, "dir": "snapshots/random_hybrid_3d/0416/129/0"}, "leaf": false, "n_nets": 2}