{"ari": {"min": 0.3885935842990875, "max": 0.8224273920059204, "mean": 0.605510488152504, "dir": "snapshots/random_hybrid_3d/0416/253/0"}, "miou": {"min": 0.039121586829423904, "max": 0.4264094829559326, "mean": 0.23276553489267826, "dir": "snapshots/random_hybrid_3d/0416/253/0"}, "accuracy": {"min": 0.15846918523311615, "max": 0.9350993037223816, "mean": 0.5467842444777489, "dir": "snapshots/random_hybrid_3d/0416/253/0"}, "n_params": {"min": 261893, "max": 261893, "mean": 261893.0, "dir": "snapshots/random_hybrid_3d/0416/253/0"}, "leaf": false, "n_nets": 2}