{"ari": {"min": 0.7438498139381409, "max": 0.7438498139381409, "mean": 0.7438498139381409, "dir": "snapshots/random_2d_ed_dense/0408/1/0"}, "miou": {"min": 0.3590104281902313, "max": 0.3590104281902313, "mean": 0.3590104281902313, "dir": "snapshots/random_2d_ed_dense/0408/1/0"}, "accuracy": {"min": 0.8982589244842529, "max": 0.8982589244842529, "mean": 0.8982589244842529, "dir": "snapshots/random_2d_ed_dense/0408/1/0"}, "n_params": {"min": 8237315, "max": 8237315, "mean": 8237315.0, "dir": "snapshots/random_2d_ed_dense/0408/1/0"}, "leaf": false, "n_nets": 1}