{"ari": {"min": 0.8310332298278809, "max": 0.8405677080154419, "mean": 0.8358004689216614, "dir": "snapshots/random_hybrid_3d/0416/164/1"}, "miou": {"min": 0.43349212408065796, "max": 0.5096031427383423, "mean": 0.4715476334095001, "dir": "snapshots/random_hybrid_3d/0416/164/1"}, "accuracy": {"min": 0.9356833696365356, "max": 0.9424461126327515, "mean": 0.9390647411346436, "dir": "snapshots/random_hybrid_3d/0416/164/1"}, "n_params": {"min": 1233337, "max": 1235017, "mean": 1234177.0, "dir": "snapshots/random_hybrid_3d/0416/164/1"}, "leaf": false, "n_nets": 2}