{"ari": {"min": 0.8307101130485535, "max": 0.8317630290985107, "mean": 0.8312365710735321, "dir": "snapshots/random_hybrid_3d/0424/187/0"}, "miou": {"min": 0.6252574920654297, "max": 0.626668393611908, "mean": 0.6259629428386688, "dir": "snapshots/random_hybrid_3d/0424/187/1"}, "accuracy": {"min": 0.937899649143219, "max": 0.9381476640701294, "mean": 0.9380236566066742, "dir": "snapshots/random_hybrid_3d/0424/187/0"}, "n_params": {"min": 830841, "max": 830841, "mean": 830841.0, "dir": "snapshots/random_hybrid_3d/0424/187/0"}, "leaf": false, "n_nets": 2}