{"leaf": true, "dir": "snapshots/random_2d_ed/1216/95/2", "n_nets": 1, "name": "RandomUnet2D_95_2", "ari": [0.8104617595672607], "miou": [0.5442180037498474], "accuracy": [0.9216865301132202], "n_params": [2292994], "n_iterations": 96120}