{"ari": {"min": 0.8391348123550415, "max": 0.8416430354118347, "mean": 0.8403889238834381, "dir": "snapshots/random_hybrid_3d/0416/42/0"}, "miou": {"min": 0.5062156319618225, "max": 0.5567114949226379, "mean": 0.5314635634422302, "dir": "snapshots/random_hybrid_3d/0416/42/0"}, "accuracy": {"min": 0.9414724707603455, "max": 0.9424295425415039, "mean": 0.9419510066509247, "dir": "snapshots/random_hybrid_3d/0416/42/0"}, "n_params": {"min": 936564, "max": 936711, "mean": 936637.5, "dir": "snapshots/random_hybrid_3d/0416/42/1"}, "leaf": false, "n_nets": 2}