{"leaf": true, "dir": "snapshots/random_2d_ed/1210/53/4", "n_nets": 1, "name": "RandomUnet2D_53_4", "ari": [0.6825985908508301], "miou": [0.2654027044773102], "accuracy": [0.8763124346733093], "n_params": [1676845], "n_iterations": 8800}