{"leaf": true, "dir": "snapshots/random_hybrid_3d/0416/170/0", "n_nets": 1, "name": "Hybrid3DCRF_170_1", "ari": [0.8411594033241272], "miou": [0.5009062886238098], "accuracy": [0.9413495063781738], "n_params": [4857012], "n_iterations": 368}