{"leaf": true, "dir": "snapshots/random_2d_ed/1210/20/0", "n_nets": 1, "name": "RandomUnet2D_20_0", "ari": [0.7972628474235535], "miou": [0.4745049476623535], "accuracy": [0.9294931292533875], "n_params": [154377280], "n_iterations": 22050}