{"ari": {"min": 0.8391332626342773, "max": 0.8411903977394104, "mean": 0.8401618301868439, "dir": "snapshots/random_hybrid_3d/0416/139/0"}, "miou": {"min": 0.4275940954685211, "max": 0.4972996115684509, "mean": 0.462446853518486, "dir": "snapshots/random_hybrid_3d/0416/139/0"}, "accuracy": {"min": 0.9374462962150574, "max": 0.9418807625770569, "mean": 0.9396635293960571, "dir": "snapshots/random_hybrid_3d/0416/139/0"}, "n_params": {"min": 605217, "max": 605364, "mean": 605290.5, "dir": "snapshots/random_hybrid_3d/0416/139/1"}, "leaf": false, "n_nets": 2}