{"leaf": true, "dir": "snapshots/random_2d_ed/1210/68/4", "n_nets": 1, "name": "RandomUnet2D_68_1", "ari": [0.5074913501739502], "miou": [0.3015177249908447], "accuracy": [0.8447944521903992], "n_params": [110541902], "n_iterations": 22400}