{"ari": {"min": 0.8287321925163269, "max": 0.8298255801200867, "mean": 0.8292788863182068, "dir": "snapshots/random_hybrid_3d/0424/258/0"}, "miou": {"min": 0.5436810851097107, "max": 0.6213789582252502, "mean": 0.5825300216674805, "dir": "snapshots/random_hybrid_3d/0424/258/1"}, "accuracy": {"min": 0.9366678595542908, "max": 0.9372193813323975, "mean": 0.9369436204433441, "dir": "snapshots/random_hybrid_3d/0424/258/0"}, "n_params": {"min": 3895851, "max": 3898392, "mean": 3897121.5, "dir": "snapshots/random_hybrid_3d/0424/258/0"}, "leaf": false, "n_nets": 2}