{"leaf": true, "dir": "snapshots/random_hybrid_3d/0418/292/0", "n_nets": 1, "name": "Hybrid3DCRF_292_0", "ari": [0.8288494348526001], "miou": [0.6116734743118286], "accuracy": [0.9372683167457581], "n_params": [1668515], "n_iterations": 38640}