{"ari": {"min": 0.8397441506385803, "max": 0.8407620787620544, "mean": 0.8402531147003174, "dir": "snapshots/random_hybrid_3d/0416/127/0"}, "miou": {"min": 0.5041869282722473, "max": 0.5123603940010071, "mean": 0.5082736611366272, "dir": "snapshots/random_hybrid_3d/0416/127/1"}, "accuracy": {"min": 0.9419074654579163, "max": 0.9426265954971313, "mean": 0.9422670304775238, "dir": "snapshots/random_hybrid_3d/0416/127/1"}, "n_params": {"min": 438071, "max": 438218, "mean": 438144.5, "dir": "snapshots/random_hybrid_3d/0416/127/1"}, "leaf": false, "n_nets": 2}