{"leaf": true, "dir": "snapshots/random_hybrid_3d/0424/126/0", "n_nets": 1, "name": "Hybrid3DCRF_126_0", "ari": [0.8294191360473633], "miou": [0.6195570230484009], "accuracy": [0.9368366599082947], "n_params": [686133], "n_iterations": 55200}