{"leaf": true, "dir": "snapshots/random_2d_ed/1216/50/2", "n_nets": 1, "name": "RandomUnet2D_50_2", "ari": [0.7808659672737122], "miou": [0.4198281764984131], "accuracy": [0.8980581164360046], "n_params": [807571], "n_iterations": 42720}