{"ari": {"min": 0.8219070434570312, "max": 0.8377858400344849, "mean": 0.8298464417457581, "dir": "snapshots/random_hybrid_3d/0416/216/0"}, "miou": {"min": 0.43143320083618164, "max": 0.5082481503486633, "mean": 0.4698406755924225, "dir": "snapshots/random_hybrid_3d/0416/216/0"}, "accuracy": {"min": 0.9334408044815063, "max": 0.940716028213501, "mean": 0.9370784163475037, "dir": "snapshots/random_hybrid_3d/0416/216/0"}, "n_params": {"min": 4348423, "max": 4349263, "mean": 4348843.0, "dir": "snapshots/random_hybrid_3d/0416/216/1"}, "leaf": false, "n_nets": 2}