{"ari": {"min": 0.5866951942443848, "max": 0.6472649574279785, "mean": 0.6299891114234925, "dir": "snapshots/random_2d_ed/1216/91/1"}, "miou": {"min": 0.2014620155096054, "max": 0.25871267914772034, "mean": 0.23556982278823851, "dir": "snapshots/random_2d_ed/1216/91/1"}, "accuracy": {"min": 0.8322439193725586, "max": 0.8420265316963196, "mean": 0.8389856100082398, "dir": "snapshots/random_2d_ed/1216/91/4"}, "n_params": {"min": 230746, "max": 230746, "mean": 230746.0, "dir": "snapshots/random_2d_ed/1216/91/1"}, "leaf": false, "n_nets": 5}