{"ari": {"min": 0.8284204006195068, "max": 0.8289076685905457, "mean": 0.8286640346050262, "dir": "snapshots/random_hybrid_3d/0424/76/0"}, "miou": {"min": 0.613695502281189, "max": 0.621516764163971, "mean": 0.61760613322258, "dir": "snapshots/random_hybrid_3d/0424/76/0"}, "accuracy": {"min": 0.9365976452827454, "max": 0.9368847608566284, "mean": 0.9367412030696869, "dir": "snapshots/random_hybrid_3d/0424/76/0"}, "n_params": {"min": 2301868, "max": 2302288, "mean": 2302078.0, "dir": "snapshots/random_hybrid_3d/0424/76/1"}, "leaf": false, "n_nets": 2}