{"ari": {"min": 0.5802140831947327, "max": 0.7101014256477356, "mean": 0.6291264176368714, "dir": "snapshots/random_2d_ed/1216/43/4"}, "miou": {"min": 0.20012453198432922, "max": 0.36514386534690857, "mean": 0.24808649718761444, "dir": "snapshots/random_2d_ed/1216/43/4"}, "accuracy": {"min": 0.8310574293136597, "max": 0.8582334518432617, "mean": 0.8430542349815369, "dir": "snapshots/random_2d_ed/1216/43/4"}, "n_params": {"min": 783040, "max": 783040, "mean": 783040.0, "dir": "snapshots/random_2d_ed/1216/43/0"}, "leaf": false, "n_nets": 5}