{"ari": {"min": 0.828356146812439, "max": 0.828631579875946, "mean": 0.8284938633441925, "dir": "snapshots/random_hybrid_3d/0424/124/0"}, "miou": {"min": 0.6130045652389526, "max": 0.6232158541679382, "mean": 0.6181102097034454, "dir": "snapshots/random_hybrid_3d/0424/124/1"}, "accuracy": {"min": 0.9367162585258484, "max": 0.9370611310005188, "mean": 0.9368886947631836, "dir": "snapshots/random_hybrid_3d/0424/124/0"}, "n_params": {"min": 3571202, "max": 3571202, "mean": 3571202.0, "dir": "snapshots/random_hybrid_3d/0424/124/0"}, "leaf": false, "n_nets": 2}