{"ari": {"min": 0.8287093043327332, "max": 0.8309250473976135, "mean": 0.8298171758651733, "dir": "snapshots/random_hybrid_3d/0424/124/1"}, "miou": {"min": 0.5522547960281372, "max": 0.6259427070617676, "mean": 0.5890987515449524, "dir": "snapshots/random_hybrid_3d/0424/124/0"}, "accuracy": {"min": 0.9370760321617126, "max": 0.9380260705947876, "mean": 0.9375510513782501, "dir": "snapshots/random_hybrid_3d/0424/124/1"}, "n_params": {"min": 3571202, "max": 3571202, "mean": 3571202.0, "dir": "snapshots/random_hybrid_3d/0424/124/0"}, "leaf": false, "n_nets": 2}