{"leaf": true, "dir": "snapshots/random_hybrid_3d/0416/24/1", "n_nets": 1, "name": "Hybrid3DCRF_24_0", "ari": [0.8377211689949036], "miou": [0.4290580749511719], "accuracy": [0.9367759227752686], "n_params": [1137352], "n_iterations": 368}