{"ari": {"min": 0.7158991694450378, "max": 0.812915563583374, "mean": 0.7746996998786926, "dir": "snapshots/random_2d_ed/1210/27/1"}, "miou": {"min": 0.3424377143383026, "max": 0.4066930115222931, "mean": 0.3759576380252838, "dir": "snapshots/random_2d_ed/1210/27/1"}, "accuracy": {"min": 0.8863035440444946, "max": 0.9234764575958252, "mean": 0.9103121161460876, "dir": "snapshots/random_2d_ed/1210/27/1"}, "n_params": {"min": 16314706, "max": 16314706, "mean": 16314706.0, "dir": "snapshots/random_2d_ed/1210/27/0"}, "leaf": false, "n_nets": 5}