{"ari": {"min": 0.7273333668708801, "max": 0.8151900768280029, "mean": 0.7740590095520019, "dir": "snapshots/random_2d_ed/1210/27/1"}, "miou": {"min": 0.3351616859436035, "max": 0.4242302477359772, "mean": 0.3924757719039917, "dir": "snapshots/random_2d_ed/1210/27/2"}, "accuracy": {"min": 0.8844210505485535, "max": 0.9250096082687378, "mean": 0.9081778764724732, "dir": "snapshots/random_2d_ed/1210/27/1"}, "n_params": {"min": 16314706, "max": 16314706, "mean": 16314706.0, "dir": "snapshots/random_2d_ed/1210/27/0"}, "leaf": false, "n_nets": 5}