{"ari": {"min": 0.7072206139564514, "max": 0.8151900768280029, "mean": 0.7659643769264222, "dir": "snapshots/random_2d_ed/1210/27/1"}, "miou": {"min": 0.3351616859436035, "max": 0.41362470388412476, "mean": 0.3756903409957886, "dir": "snapshots/random_2d_ed/1210/27/1"}, "accuracy": {"min": 0.8760758638381958, "max": 0.9250096082687378, "mean": 0.9038582444190979, "dir": "snapshots/random_2d_ed/1210/27/1"}, "n_params": {"min": 16314706, "max": 16314706, "mean": 16314706.0, "dir": "snapshots/random_2d_ed/1210/27/0"}, "leaf": false, "n_nets": 5}