{"leaf": true, "dir": "snapshots/random_hybrid_3d/0424/114/0", "n_nets": 1, "name": "Hybrid3DCRF_114_0", "ari": [0.8284841775894165], "miou": [0.613869309425354], "accuracy": [0.9365953803062439], "n_params": [945150], "n_iterations": 55200}