{"ari": {"min": 0.7962222695350647, "max": 0.7962222695350647, "mean": 0.7962222695350647, "dir": "snapshots/random_2d_ed_dense/0503/180/0"}, "miou": {"min": 0.5296187996864319, "max": 0.5296187996864319, "mean": 0.5296187996864319, "dir": "snapshots/random_2d_ed_dense/0503/180/0"}, "accuracy": {"min": 0.9201775193214417, "max": 0.9201775193214417, "mean": 0.9201775193214417, "dir": "snapshots/random_2d_ed_dense/0503/180/0"}, "n_params": {"min": 2947625, "max": 2947625, "mean": 2947625.0, "dir": "snapshots/random_2d_ed_dense/0503/180/0"}, "leaf": false, "n_nets": 1}