{"ari": {"min": 0.19204272329807281, "max": 0.5077154636383057, "mean": 0.34987909346818924, "dir": "snapshots/random_2d_ed_dense/0410/280/0"}, "miou": {"min": 0.15435269474983215, "max": 0.2106495052576065, "mean": 0.18250110000371933, "dir": "snapshots/random_2d_ed_dense/0410/280/0"}, "accuracy": {"min": 0.5726653337478638, "max": 0.6980878710746765, "mean": 0.6353766024112701, "dir": "snapshots/random_2d_ed_dense/0410/280/0"}, "n_params": {"min": 4463532, "max": 4463532, "mean": 4463532.0, "dir": "snapshots/random_2d_ed_dense/0410/280/0"}, "leaf": false, "n_nets": 2}