{"ari": {"min": 0.8287688493728638, "max": 0.8300935626029968, "mean": 0.8294312059879303, "dir": "snapshots/random_hybrid_3d/0424/175/1"}, "miou": {"min": 0.6209014654159546, "max": 0.6283087134361267, "mean": 0.6246050894260406, "dir": "snapshots/random_hybrid_3d/0424/175/1"}, "accuracy": {"min": 0.936568021774292, "max": 0.9373904466629028, "mean": 0.9369792342185974, "dir": "snapshots/random_hybrid_3d/0424/175/1"}, "n_params": {"min": 1894545, "max": 1894545, "mean": 1894545.0, "dir": "snapshots/random_hybrid_3d/0424/175/0"}, "leaf": false, "n_nets": 2}