{"ari": {"min": 0.8287457227706909, "max": 0.8287457227706909, "mean": 0.8287457227706909, "dir": "snapshots/random_hybrid_3d/0418/225/1"}, "miou": {"min": 0.6129723787307739, "max": 0.6129723787307739, "mean": 0.6129723787307739, "dir": "snapshots/random_hybrid_3d/0418/225/1"}, "accuracy": {"min": 0.9368228316307068, "max": 0.9368228316307068, "mean": 0.9368228316307068, "dir": "snapshots/random_hybrid_3d/0418/225/1"}, "n_params": {"min": 3265630, "max": 3265630, "mean": 3265630.0, "dir": "snapshots/random_hybrid_3d/0418/225/1"}, "leaf": false, "n_nets": 1}