{"ari": {"min": 0.8138473033905029, "max": 0.8190537095069885, "mean": 0.8165473103523254, "dir": "snapshots/weight_volume/1210/10/2"}, "miou": {"min": 0.5028746724128723, "max": 0.5582749843597412, "mean": 0.5349392414093017, "dir": "snapshots/weight_volume/1210/10/3"}, "accuracy": {"min": 0.9277225136756897, "max": 0.931320071220398, "mean": 0.9297520399093628, "dir": "snapshots/weight_volume/1210/10/2"}, "n_params": {"min": 31030983, "max": 31030983, "mean": 31030983.0, "dir": "snapshots/weight_volume/1210/10/0"}, "leaf": false, "n_nets": 5}