{"leaf": true, "dir": "snapshots/random_2d_ed/1210/32/3", "n_nets": 1, "name": "RandomUnet2D_32_1", "ari": [0.7990264296531677], "miou": [0.5088104009628296], "accuracy": [0.9204627871513367], "n_params": [4459788], "n_iterations": 16000}