{"leaf": true, "dir": "snapshots/random_2d_ed/1210/32/3", "n_nets": 1, "name": "RandomUnet2D_32_1", "ari": [0.7853493094444275], "miou": [0.4801856577396393], "accuracy": [0.9123529195785522], "n_params": [4459788], "n_iterations": 4000}