{"ari": {"min": 0.02102581225335598, "max": 0.09173460304737091, "mean": 0.056380207650363445, "dir": "snapshots/random_hybrid_3d/0416/41/0"}, "miou": {"min": 0.06557396799325943, "max": 0.13385236263275146, "mean": 0.09971316531300545, "dir": "snapshots/random_hybrid_3d/0416/41/0"}, "accuracy": {"min": 0.4475666582584381, "max": 0.6130731105804443, "mean": 0.5303198844194412, "dir": "snapshots/random_hybrid_3d/0416/41/0"}, "n_params": {"min": 12327, "max": 12474, "mean": 12400.5, "dir": "snapshots/random_hybrid_3d/0416/41/0"}, "leaf": false, "n_nets": 2}