{"ari": {"min": 0.7852939367294312, "max": 0.8276357054710388, "mean": 0.806464821100235, "dir": "snapshots/random_hybrid_3d/0416/182/0"}, "miou": {"min": 0.33395910263061523, "max": 0.43474477529525757, "mean": 0.3843519389629364, "dir": "snapshots/random_hybrid_3d/0416/182/0"}, "accuracy": {"min": 0.9164873361587524, "max": 0.935940146446228, "mean": 0.9262137413024902, "dir": "snapshots/random_hybrid_3d/0416/182/0"}, "n_params": {"min": 1625188, "max": 1625335, "mean": 1625261.5, "dir": "snapshots/random_hybrid_3d/0416/182/0"}, "leaf": false, "n_nets": 2}