{"ari": {"min": 0.8283873796463013, "max": 0.8295621275901794, "mean": 0.8289747536182404, "dir": "snapshots/random_hybrid_3d/0418/38/1"}, "miou": {"min": 0.6209821701049805, "max": 0.6223353147506714, "mean": 0.6216587424278259, "dir": "snapshots/random_hybrid_3d/0418/38/1"}, "accuracy": {"min": 0.9366050362586975, "max": 0.9370373487472534, "mean": 0.9368211925029755, "dir": "snapshots/random_hybrid_3d/0418/38/1"}, "n_params": {"min": 155875, "max": 156785, "mean": 156330.0, "dir": "snapshots/random_hybrid_3d/0418/38/0"}, "leaf": false, "n_nets": 2}