{"ari": {"min": 0.8291152119636536, "max": 0.8296704888343811, "mean": 0.8293928503990173, "dir": "snapshots/random_hybrid_3d/0418/38/1"}, "miou": {"min": 0.6231387853622437, "max": 0.6247043013572693, "mean": 0.6239215433597565, "dir": "snapshots/random_hybrid_3d/0418/38/1"}, "accuracy": {"min": 0.9369754791259766, "max": 0.9371556639671326, "mean": 0.9370655715465546, "dir": "snapshots/random_hybrid_3d/0418/38/1"}, "n_params": {"min": 155875, "max": 156785, "mean": 156330.0, "dir": "snapshots/random_hybrid_3d/0418/38/0"}, "leaf": false, "n_nets": 2}