{"ari": {"min": 0.6126049160957336, "max": 0.6126049160957336, "mean": 0.6126049160957336, "dir": "snapshots/random_2d_ed/1216/32/0"}, "miou": {"min": 0.2175161987543106, "max": 0.2175161987543106, "mean": 0.2175161987543106, "dir": "snapshots/random_2d_ed/1216/32/0"}, "accuracy": {"min": 0.838735818862915, "max": 0.838735818862915, "mean": 0.838735818862915, "dir": "snapshots/random_2d_ed/1216/32/0"}, "n_params": {"min": 272945, "max": 272945, "mean": 272945.0, "dir": "snapshots/random_2d_ed/1216/32/0"}, "leaf": false, "n_nets": 1}