{"ari": {"min": 0.5819068551063538, "max": 0.6545303463935852, "mean": 0.6115633726119996, "dir": "snapshots/random_2d_ed/1216/32/2"}, "miou": {"min": 0.2002742886543274, "max": 0.2634900212287903, "mean": 0.22944553792476655, "dir": "snapshots/random_2d_ed/1216/32/2"}, "accuracy": {"min": 0.8311471343040466, "max": 0.8460081219673157, "mean": 0.8365354299545288, "dir": "snapshots/random_2d_ed/1216/32/4"}, "n_params": {"min": 272945, "max": 272945, "mean": 272945.0, "dir": "snapshots/random_2d_ed/1216/32/0"}, "leaf": false, "n_nets": 5}