{"leaf": true, "dir": "snapshots/random_hybrid_3d/0418/111/1", "n_nets": 1, "name": "Hybrid3DCRF_111_1", "ari": [0.7972279787063599], "miou": [0.5463476777076721], "accuracy": [0.9214577078819275], "n_params": [20615], "n_iterations": 55200}