{"ari": {"min": 0.8295701742172241, "max": 0.8303849697113037, "mean": 0.8299775719642639, "dir": "snapshots/random_hybrid_3d/0424/236/0"}, "miou": {"min": 0.6262578368186951, "max": 0.6335254311561584, "mean": 0.6298916339874268, "dir": "snapshots/random_hybrid_3d/0424/236/0"}, "accuracy": {"min": 0.9369149804115295, "max": 0.9375316500663757, "mean": 0.9372233152389526, "dir": "snapshots/random_hybrid_3d/0424/236/0"}, "n_params": {"min": 2757655, "max": 2758313, "mean": 2757984.0, "dir": "snapshots/random_hybrid_3d/0424/236/0"}, "leaf": false, "n_nets": 2}