{"ari": {"min": -1.5972907259235718e-17, "max": 0.8294472098350525, "mean": 0.5224926245839973, "dir": "snapshots/hybrid_3d_crf/0404/2/1"}, "miou": {"min": 0.06588955223560333, "max": 0.6435466408729553, "mean": 0.42462989891830244, "dir": "snapshots/hybrid_3d_crf/0404/9/3"}, "accuracy": {"min": 0.46122685074806213, "max": 0.9371896982192993, "mean": 0.7612338564897838, "dir": "snapshots/hybrid_3d_crf/0404/2/1"}, "n_params": {"min": 1743930, "max": 1743930, "mean": 1743930.0, "dir": "snapshots/hybrid_3d_crf/0404/0/0"}, "leaf": false, "n_nets": 95}