{"ari": {"min": 0.8268189430236816, "max": 0.838320255279541, "mean": 0.8325695991516113, "dir": "snapshots/random_hybrid_3d/0416/116/1"}, "miou": {"min": 0.4343588650226593, "max": 0.5016140341758728, "mean": 0.46798644959926605, "dir": "snapshots/random_hybrid_3d/0416/116/1"}, "accuracy": {"min": 0.9359938502311707, "max": 0.9411015510559082, "mean": 0.9385477006435394, "dir": "snapshots/random_hybrid_3d/0416/116/1"}, "n_params": {"min": 6242286, "max": 6242433, "mean": 6242359.5, "dir": "snapshots/random_hybrid_3d/0416/116/0"}, "leaf": false, "n_nets": 2}