{"ari": {"min": 0.8430274724960327, "max": 0.8430274724960327, "mean": 0.8430274724960327, "dir": "snapshots/random_hybrid_3d/0416/6/1"}, "miou": {"min": 0.5756179690361023, "max": 0.5756179690361023, "mean": 0.5756179690361023, "dir": "snapshots/random_hybrid_3d/0416/6/1"}, "accuracy": {"min": 0.943321168422699, "max": 0.943321168422699, "mean": 0.943321168422699, "dir": "snapshots/random_hybrid_3d/0416/6/1"}, "n_params": {"min": 1101128, "max": 1101128, "mean": 1101128.0, "dir": "snapshots/random_hybrid_3d/0416/6/1"}, "leaf": false, "n_nets": 1}