{"leaf": true, "dir": "snapshots/random_hybrid_3d/0418/38/0", "n_nets": 1, "name": "Hybrid3DCRF_38_0", "ari": [0.8283873796463013], "miou": [0.6209821701049805], "accuracy": [0.9366050362586975], "n_params": [156785], "n_iterations": 55200}