{"leaf": true, "dir": "snapshots/random_2d_ed/1210/31/2", "n_nets": 1, "name": "RandomUnet2D_31_3", "ari": [0.745127260684967], "miou": [0.35065245628356934], "accuracy": [0.9016174674034119], "n_params": [52598179], "n_iterations": 3600}