{"ari": {"min": 0.8288951516151428, "max": 0.8293031454086304, "mean": 0.8290991485118866, "dir": "snapshots/random_hybrid_3d/0424/56/0"}, "miou": {"min": 0.6148499846458435, "max": 0.6149765849113464, "mean": 0.614913284778595, "dir": "snapshots/random_hybrid_3d/0424/56/0"}, "accuracy": {"min": 0.9368975758552551, "max": 0.937075138092041, "mean": 0.9369863569736481, "dir": "snapshots/random_hybrid_3d/0424/56/0"}, "n_params": {"min": 3225911, "max": 3227612, "mean": 3226761.5, "dir": "snapshots/random_hybrid_3d/0424/56/1"}, "leaf": false, "n_nets": 2}