{"leaf": true, "dir": "snapshots/random_hybrid_3d/0418/23/0", "n_nets": 1, "name": "Hybrid3DCRF_23_0", "ari": [0.8292633295059204], "miou": [0.624351441860199], "accuracy": [0.9369919896125793], "n_params": [300831], "n_iterations": 38640}