{"ari": {"min": 0.8285582661628723, "max": 0.8294191360473633, "mean": 0.8289887011051178, "dir": "snapshots/random_hybrid_3d/0424/126/0"}, "miou": {"min": 0.6195570230484009, "max": 0.6205170750617981, "mean": 0.6200370490550995, "dir": "snapshots/random_hybrid_3d/0424/126/1"}, "accuracy": {"min": 0.9368318319320679, "max": 0.9368366599082947, "mean": 0.9368342459201813, "dir": "snapshots/random_hybrid_3d/0424/126/0"}, "n_params": {"min": 686133, "max": 686546, "mean": 686339.5, "dir": "snapshots/random_hybrid_3d/0424/126/1"}, "leaf": false, "n_nets": 2}