{"ari": {"min": 0.8291882276535034, "max": 0.8302391171455383, "mean": 0.8297136723995209, "dir": "snapshots/random_hybrid_3d/0424/126/0"}, "miou": {"min": 0.6246644854545593, "max": 0.6295457482337952, "mean": 0.6271051168441772, "dir": "snapshots/random_hybrid_3d/0424/126/0"}, "accuracy": {"min": 0.9369375109672546, "max": 0.9374793171882629, "mean": 0.9372084140777588, "dir": "snapshots/random_hybrid_3d/0424/126/0"}, "n_params": {"min": 686133, "max": 686546, "mean": 686339.5, "dir": "snapshots/random_hybrid_3d/0424/126/1"}, "leaf": false, "n_nets": 2}