{"leaf": true, "dir": "snapshots/random_hybrid_3d/0424/166/0", "n_nets": 1, "name": "Hybrid3DCRF_166_0", "ari": [0.8175323605537415], "miou": [0.5553675889968872], "accuracy": [0.9310858249664307], "n_params": [14343], "n_iterations": 55200}