{"leaf": true, "dir": "snapshots/random_2d_ed_dense/0503/298/1", "n_nets": 1, "name": "RandomUnet2D_298_1", "ari": [0.5082268714904785], "miou": [0.24901355803012848], "accuracy": [0.73675936460495], "n_params": [2598405], "n_iterations": 19800}