{"ari": {"min": -0.0017667209031060338, "max": -0.0017667209031060338, "mean": -0.0017667209031060338, "dir": "snapshots/random_2d_ed_dense/0410/245/1"}, "miou": {"min": 0.07064059376716614, "max": 0.07064059376716614, "mean": 0.07064059376716614, "dir": "snapshots/random_2d_ed_dense/0410/245/1"}, "accuracy": {"min": 0.44543689489364624, "max": 0.44543689489364624, "mean": 0.44543689489364624, "dir": "snapshots/random_2d_ed_dense/0410/245/1"}, "n_params": {"min": 6066238, "max": 6066238, "mean": 6066238.0, "dir": "snapshots/random_2d_ed_dense/0410/245/1"}, "leaf": false, "n_nets": 1}