{"leaf": true, "dir": "snapshots/random_2d_ed/1210/76/4", "n_nets": 1, "name": "RandomUnet2D_76_3", "ari": [0.8101741671562195], "miou": [0.40051302313804626], "accuracy": [0.9209259748458862], "n_params": [59950744], "n_iterations": 5000}