{"ari": {"min": -1.5972907259235718e-17, "max": -1.5972907259235718e-17, "mean": -1.5972907259235718e-17, "dir": "snapshots/hybrid_3d_crf/0404/17/1"}, "miou": {"min": 0.06588955223560333, "max": 0.06588955223560333, "mean": 0.06588955223560333, "dir": "snapshots/hybrid_3d_crf/0404/17/1"}, "accuracy": {"min": 0.46122685074806213, "max": 0.46122685074806213, "mean": 0.46122685074806213, "dir": "snapshots/hybrid_3d_crf/0404/17/1"}, "n_params": {"min": 1743930, "max": 1743930, "mean": 1743930.0, "dir": "snapshots/hybrid_3d_crf/0404/17/1"}, "leaf": false, "n_nets": 4}