{"leaf": true, "dir": "snapshots/random_2d_ed/1210/13/3", "n_nets": 1, "name": "RandomUnet2D_13_2", "ari": [0.5231355428695679], "miou": [0.29639607667922974], "accuracy": [0.8567167520523071], "n_params": [46196228], "n_iterations": 35200}