{"leaf": true, "dir": "snapshots/random_2d_ed/1216/69/0", "n_nets": 1, "name": "RandomUnet2D_69_4", "ari": [0.6706621050834656], "miou": [0.252656489610672], "accuracy": [0.8744171261787415], "n_params": [4843704], "n_iterations": 6408}