{"ari": {"min": 0.8359823226928711, "max": 0.84114670753479, "mean": 0.8385645151138306, "dir": "snapshots/random_hybrid_3d/0416/58/1"}, "miou": {"min": 0.4347776770591736, "max": 0.5149135589599609, "mean": 0.47484561800956726, "dir": "snapshots/random_hybrid_3d/0416/58/1"}, "accuracy": {"min": 0.938379168510437, "max": 0.9426774382591248, "mean": 0.9405283033847809, "dir": "snapshots/random_hybrid_3d/0416/58/1"}, "n_params": {"min": 14464474, "max": 14464474, "mean": 14464474.0, "dir": "snapshots/random_hybrid_3d/0416/58/0"}, "leaf": false, "n_nets": 2}