{"ari": {"min": 0.8383286595344543, "max": 0.8400832414627075, "mean": 0.8392059504985809, "dir": "snapshots/random_hybrid_3d/0416/247/1"}, "miou": {"min": 0.44817325472831726, "max": 0.5124449133872986, "mean": 0.4803090840578079, "dir": "snapshots/random_hybrid_3d/0416/247/1"}, "accuracy": {"min": 0.9354704022407532, "max": 0.9419962763786316, "mean": 0.9387333393096924, "dir": "snapshots/random_hybrid_3d/0416/247/1"}, "n_params": {"min": 1647144, "max": 1647144, "mean": 1647144.0, "dir": "snapshots/random_hybrid_3d/0416/247/0"}, "leaf": false, "n_nets": 2}