{"leaf": true, "dir": "snapshots/random_hybrid_3d/0424/177/1", "n_nets": 1, "name": "Hybrid3DCRF_177_0", "ari": [0.8292782306671143], "miou": [0.6185973286628723], "accuracy": [0.9368183612823486], "n_params": [145626], "n_iterations": 55200}