{"ari": {"min": 0.6425426006317139, "max": 0.7913935780525208, "mean": 0.7496268153190613, "dir": "snapshots/random_2d_ed/1210/79/0"}, "miou": {"min": 0.2402443140745163, "max": 0.5071461796760559, "mean": 0.4282826274633408, "dir": "snapshots/random_2d_ed/1210/79/3"}, "accuracy": {"min": 0.8671045899391174, "max": 0.913467288017273, "mean": 0.8978793025016785, "dir": "snapshots/random_2d_ed/1210/79/0"}, "n_params": {"min": 1154929, "max": 1154929, "mean": 1154929.0, "dir": "snapshots/random_2d_ed/1210/79/0"}, "leaf": false, "n_nets": 5}