{"ari": {"min": 0.8277274966239929, "max": 0.8288394212722778, "mean": 0.8282834589481354, "dir": "snapshots/random_hybrid_3d/0424/267/0"}, "miou": {"min": 0.6246196627616882, "max": 0.6273859739303589, "mean": 0.6260028183460236, "dir": "snapshots/random_hybrid_3d/0424/267/0"}, "accuracy": {"min": 0.9365275502204895, "max": 0.9368283748626709, "mean": 0.9366779625415802, "dir": "snapshots/random_hybrid_3d/0424/267/0"}, "n_params": {"min": 8054929, "max": 8056637, "mean": 8055783.0, "dir": "snapshots/random_hybrid_3d/0424/267/0"}, "leaf": false, "n_nets": 2}