{"ari": {"min": 0.8293944597244263, "max": 0.8300960063934326, "mean": 0.8297452330589294, "dir": "snapshots/random_hybrid_3d/0424/185/1"}, "miou": {"min": 0.6131521463394165, "max": 0.6165498495101929, "mean": 0.6148509979248047, "dir": "snapshots/random_hybrid_3d/0424/185/0"}, "accuracy": {"min": 0.93705815076828, "max": 0.9371930956840515, "mean": 0.9371256232261658, "dir": "snapshots/random_hybrid_3d/0424/185/1"}, "n_params": {"min": 67048, "max": 67160, "mean": 67104.0, "dir": "snapshots/random_hybrid_3d/0424/185/1"}, "leaf": false, "n_nets": 2}