{"ari": {"min": 0.11471691727638245, "max": 0.11471691727638245, "mean": 0.11471691727638245, "dir": "snapshots/random_2d_ed_dense/0410/119/1"}, "miou": {"min": 0.13816967606544495, "max": 0.13816967606544495, "mean": 0.13816967606544495, "dir": "snapshots/random_2d_ed_dense/0410/119/1"}, "accuracy": {"min": 0.63204425573349, "max": 0.63204425573349, "mean": 0.63204425573349, "dir": "snapshots/random_2d_ed_dense/0410/119/1"}, "n_params": {"min": 7404326, "max": 7404326, "mean": 7404326.0, "dir": "snapshots/random_2d_ed_dense/0410/119/1"}, "leaf": false, "n_nets": 1}