{"ari": {"min": 0.758173942565918, "max": 0.7992923259735107, "mean": 0.7885570406913758, "dir": "snapshots/random_2d_ed/1216/57/2"}, "miou": {"min": 0.29927748441696167, "max": 0.43600285053253174, "mean": 0.38752818703651426, "dir": "snapshots/random_2d_ed/1216/57/4"}, "accuracy": {"min": 0.9002954959869385, "max": 0.9146813154220581, "mean": 0.909190583229065, "dir": "snapshots/random_2d_ed/1216/57/4"}, "n_params": {"min": 1814012, "max": 1814012, "mean": 1814012.0, "dir": "snapshots/random_2d_ed/1216/57/0"}, "leaf": false, "n_nets": 5}