{"ari": {"min": 0.758173942565918, "max": 0.7999224066734314, "mean": 0.789227283000946, "dir": "snapshots/random_2d_ed/1216/57/2"}, "miou": {"min": 0.29927748441696167, "max": 0.45786434412002563, "mean": 0.3937894761562347, "dir": "snapshots/random_2d_ed/1216/57/4"}, "accuracy": {"min": 0.9002954959869385, "max": 0.9158720374107361, "mean": 0.9097374439239502, "dir": "snapshots/random_2d_ed/1216/57/4"}, "n_params": {"min": 1814012, "max": 1814012, "mean": 1814012.0, "dir": "snapshots/random_2d_ed/1216/57/0"}, "leaf": false, "n_nets": 5}