{"ari": {"min": 0.7408041954040527, "max": 0.8398823142051697, "mean": 0.7903432548046112, "dir": "snapshots/random_hybrid_3d/0416/46/0"}, "miou": {"min": 0.25394099950790405, "max": 0.44700339436531067, "mean": 0.35047219693660736, "dir": "snapshots/random_hybrid_3d/0416/46/0"}, "accuracy": {"min": 0.9019982218742371, "max": 0.9361366033554077, "mean": 0.9190674126148224, "dir": "snapshots/random_hybrid_3d/0416/46/0"}, "n_params": {"min": 1277497, "max": 1277497, "mean": 1277497.0, "dir": "snapshots/random_hybrid_3d/0416/46/0"}, "leaf": false, "n_nets": 2}