{"ari": {"min": 0.8288787603378296, "max": 0.8303117752075195, "mean": 0.8295952677726746, "dir": "snapshots/random_hybrid_3d/0424/105/0"}, "miou": {"min": 0.5409526228904724, "max": 0.6236256957054138, "mean": 0.5822891592979431, "dir": "snapshots/random_hybrid_3d/0424/105/0"}, "accuracy": {"min": 0.936794638633728, "max": 0.9376379251480103, "mean": 0.9372162818908691, "dir": "snapshots/random_hybrid_3d/0424/105/0"}, "n_params": {"min": 2934450, "max": 2934926, "mean": 2934688.0, "dir": "snapshots/random_hybrid_3d/0424/105/0"}, "leaf": false, "n_nets": 2}