{"ari": {"min": 0.4688931703567505, "max": 0.8379416465759277, "mean": 0.6534174084663391, "dir": "snapshots/random_hybrid_3d/0416/161/0"}, "miou": {"min": 0.21186086535453796, "max": 0.49104785919189453, "mean": 0.35145436227321625, "dir": "snapshots/random_hybrid_3d/0416/161/0"}, "accuracy": {"min": 0.8224154710769653, "max": 0.9403207898139954, "mean": 0.8813681304454803, "dir": "snapshots/random_hybrid_3d/0416/161/0"}, "n_params": {"min": 951350, "max": 951567, "mean": 951458.5, "dir": "snapshots/random_hybrid_3d/0416/161/0"}, "leaf": false, "n_nets": 2}