{"ari": {"min": 0.0173611119389534, "max": 0.7803383469581604, "mean": 0.5980940118432045, "dir": "snapshots/random_2d_ed/1210/9/2"}, "miou": {"min": 0.06680024415254593, "max": 0.4269787669181824, "mean": 0.3224837675690651, "dir": "snapshots/random_2d_ed/1210/9/2"}, "accuracy": {"min": 0.4676017165184021, "max": 0.9236149191856384, "mean": 0.8209357619285583, "dir": "snapshots/random_2d_ed/1210/9/2"}, "n_params": {"min": 167629255, "max": 167629255, "mean": 167629255.0, "dir": "snapshots/random_2d_ed/1210/9/0"}, "leaf": false, "n_nets": 5}