{"ari": {"min": 0.0173611119389534, "max": 0.7915002107620239, "mean": 0.6004135027527809, "dir": "snapshots/random_2d_ed/1210/9/4"}, "miou": {"min": 0.06680024415254593, "max": 0.432779997587204, "mean": 0.3284582391381264, "dir": "snapshots/random_2d_ed/1210/9/2"}, "accuracy": {"min": 0.4676017165184021, "max": 0.9292982816696167, "mean": 0.8224487662315368, "dir": "snapshots/random_2d_ed/1210/9/4"}, "n_params": {"min": 167629255, "max": 167629255, "mean": 167629255.0, "dir": "snapshots/random_2d_ed/1210/9/0"}, "leaf": false, "n_nets": 5}