{"leaf": true, "dir": "snapshots/random_2d_ed/1210/67/2", "n_nets": 1, "name": "RandomUnet2D_67_2", "ari": [0.8121820092201233], "miou": [0.5664232969284058], "accuracy": [0.9258179664611816], "n_params": [16138544], "n_iterations": 25000}