{"ari": {"min": 0.8301128149032593, "max": 0.8301128149032593, "mean": 0.8301128149032593, "dir": "snapshots/random_hybrid_3d/0418/142/0"}, "miou": {"min": 0.615763783454895, "max": 0.615763783454895, "mean": 0.615763783454895, "dir": "snapshots/random_hybrid_3d/0418/142/0"}, "accuracy": {"min": 0.9376317858695984, "max": 0.9376317858695984, "mean": 0.9376317858695984, "dir": "snapshots/random_hybrid_3d/0418/142/0"}, "n_params": {"min": 4001823, "max": 4001823, "mean": 4001823.0, "dir": "snapshots/random_hybrid_3d/0418/142/0"}, "leaf": false, "n_nets": 1}