{"ari": {"min": 0.8191267848014832, "max": 0.8303419351577759, "mean": 0.8247343599796295, "dir": "snapshots/random_hybrid_3d/0424/94/0"}, "miou": {"min": 0.4714629352092743, "max": 0.6145111918449402, "mean": 0.5429870635271072, "dir": "snapshots/random_hybrid_3d/0424/94/0"}, "accuracy": {"min": 0.931357741355896, "max": 0.9372025728225708, "mean": 0.9342801570892334, "dir": "snapshots/random_hybrid_3d/0424/94/0"}, "n_params": {"min": 120183, "max": 120183, "mean": 120183.0, "dir": "snapshots/random_hybrid_3d/0424/94/0"}, "leaf": false, "n_nets": 2}