{"leaf": true, "dir": "snapshots/random_hybrid_3d/0424/153/0", "n_nets": 1, "name": "Hybrid3DCRF_153_0", "ari": [0.8305128216743469], "miou": [0.6190395355224609], "accuracy": [0.9376968145370483], "n_params": [4702555], "n_iterations": 55200}