{"leaf": true, "dir": "snapshots/hybrid_3d_crf/0318/0/6", "n_nets": 1, "name": "Hybrid3DCRF_0_12", "ari": [0.8365640640258789], "miou": [0.6482115983963013], "accuracy": [0.939456045627594], "n_params": [691951], "n_iterations": 32400}