{"ari": {"min": 0.8279836177825928, "max": 0.8279836177825928, "mean": 0.8279836177825928, "dir": "snapshots/random_hybrid_3d/0418/161/1"}, "miou": {"min": 0.6163759827613831, "max": 0.6163759827613831, "mean": 0.6163759827613831, "dir": "snapshots/random_hybrid_3d/0418/161/1"}, "accuracy": {"min": 0.9362115263938904, "max": 0.9362115263938904, "mean": 0.9362115263938904, "dir": "snapshots/random_hybrid_3d/0418/161/1"}, "n_params": {"min": 951420, "max": 951420, "mean": 951420.0, "dir": "snapshots/random_hybrid_3d/0418/161/1"}, "leaf": false, "n_nets": 1}