{"ari": {"min": 0.7991379499435425, "max": 0.840653121471405, "mean": 0.8198955357074738, "dir": "snapshots/random_hybrid_3d/0416/279/0"}, "miou": {"min": 0.3884580433368683, "max": 0.5724779963493347, "mean": 0.4804680198431015, "dir": "snapshots/random_hybrid_3d/0416/279/0"}, "accuracy": {"min": 0.9271788597106934, "max": 0.9421952366828918, "mean": 0.9346870481967926, "dir": "snapshots/random_hybrid_3d/0416/279/0"}, "n_params": {"min": 22743009, "max": 22743156, "mean": 22743082.5, "dir": "snapshots/random_hybrid_3d/0416/279/1"}, "leaf": false, "n_nets": 2}