{"leaf": true, "dir": "snapshots/random_hybrid_3d/0424/249/0", "n_nets": 1, "name": "Hybrid3DCRF_249_1", "ari": [0.7994179725646973], "miou": [0.5454807281494141], "accuracy": [0.9221917986869812], "n_params": [21735], "n_iterations": 55200}