{"leaf": true, "dir": "snapshots/random_2d_ed/1210/70/4", "n_nets": 1, "name": "RandomUnet2D_70_3", "ari": [0.5725980401039124], "miou": [0.2912847399711609], "accuracy": [0.8856036067008972], "n_params": [8151091], "n_iterations": 35200}