{"ari": {"min": 0.8296420574188232, "max": 0.8297761082649231, "mean": 0.8297090828418732, "dir": "snapshots/random_hybrid_3d/0424/0/1"}, "miou": {"min": 0.6187232732772827, "max": 0.6197617650032043, "mean": 0.6192425191402435, "dir": "snapshots/random_hybrid_3d/0424/0/1"}, "accuracy": {"min": 0.9371569156646729, "max": 0.937163770198822, "mean": 0.9371603429317474, "dir": "snapshots/random_hybrid_3d/0424/0/0"}, "n_params": {"min": 5528195, "max": 5529980, "mean": 5529087.5, "dir": "snapshots/random_hybrid_3d/0424/0/0"}, "leaf": false, "n_nets": 2}