{"leaf": true, "dir": "snapshots/hybrid_3d_crf/0318/0/7", "n_nets": 1, "name": "Hybrid3DCRF_0_11", "ari": [0.8358743786811829], "miou": [0.6495421528816223], "accuracy": [0.9389911890029907], "n_params": [691951], "n_iterations": 32400}