{"ari": {"min": 0.6942756175994873, "max": 0.7612922787666321, "mean": 0.7422132134437561, "dir": "snapshots/random_2d_ed/1216/26/2"}, "miou": {"min": 0.30806100368499756, "max": 0.44332560896873474, "mean": 0.3930285036563873, "dir": "snapshots/random_2d_ed/1216/26/2"}, "accuracy": {"min": 0.8656573295593262, "max": 0.8896207809448242, "mean": 0.8826629757881165, "dir": "snapshots/random_2d_ed/1216/26/1"}, "n_params": {"min": 864610, "max": 864610, "mean": 864610.0, "dir": "snapshots/random_2d_ed/1216/26/0"}, "leaf": false, "n_nets": 5}