{"ari": {"min": 0.829624593257904, "max": 0.8304178714752197, "mean": 0.8300212323665619, "dir": "snapshots/random_hybrid_3d/0424/266/1"}, "miou": {"min": 0.5464819073677063, "max": 0.6143168210983276, "mean": 0.580399364233017, "dir": "snapshots/random_hybrid_3d/0424/266/1"}, "accuracy": {"min": 0.9370601773262024, "max": 0.9374115467071533, "mean": 0.9372358620166779, "dir": "snapshots/random_hybrid_3d/0424/266/1"}, "n_params": {"min": 140981, "max": 140981, "mean": 140981.0, "dir": "snapshots/random_hybrid_3d/0424/266/0"}, "leaf": false, "n_nets": 2}