{"ari": {"min": 0.7415491938591003, "max": 0.8137664794921875, "mean": 0.7835575580596924, "dir": "snapshots/random_2d_ed/1210/2/1"}, "miou": {"min": 0.3402425944805145, "max": 0.5596082210540771, "mean": 0.43295870423316957, "dir": "snapshots/random_2d_ed/1210/2/4"}, "accuracy": {"min": 0.8995404243469238, "max": 0.9310379028320312, "mean": 0.9167537450790405, "dir": "snapshots/random_2d_ed/1210/2/1"}, "n_params": {"min": 157031444, "max": 157031444, "mean": 157031444.0, "dir": "snapshots/random_2d_ed/1210/2/0"}, "leaf": false, "n_nets": 5}