{"ari": {"min": 0.82682204246521, "max": 0.8280308246612549, "mean": 0.8273449093103409, "dir": "snapshots/hybrid_3d_crf/0404/4/1"}, "miou": {"min": 0.6338176727294922, "max": 0.6394853591918945, "mean": 0.6364370137453079, "dir": "snapshots/hybrid_3d_crf/0404/4/3"}, "accuracy": {"min": 0.9359580278396606, "max": 0.9365348815917969, "mean": 0.9362517297267914, "dir": "snapshots/hybrid_3d_crf/0404/4/1"}, "n_params": {"min": 1743930, "max": 1743930, "mean": 1743930.0, "dir": "snapshots/hybrid_3d_crf/0404/4/1"}, "leaf": false, "n_nets": 4}