{"ari": {"min": 0.8292562961578369, "max": 0.8298200964927673, "mean": 0.8295381963253021, "dir": "snapshots/random_hybrid_3d/0424/8/1"}, "miou": {"min": 0.543367862701416, "max": 0.6213566064834595, "mean": 0.5823622345924377, "dir": "snapshots/random_hybrid_3d/0424/8/1"}, "accuracy": {"min": 0.9368351697921753, "max": 0.9375699758529663, "mean": 0.9372025728225708, "dir": "snapshots/random_hybrid_3d/0424/8/1"}, "n_params": {"min": 319587, "max": 319587, "mean": 319587.0, "dir": "snapshots/random_hybrid_3d/0424/8/0"}, "leaf": false, "n_nets": 2}