{"leaf": true, "dir": "snapshots/random_hybrid_3d/0424/208/1", "n_nets": 1, "name": "Hybrid3DCRF_208_1", "ari": [0.8288177251815796], "miou": [0.5406293869018555], "accuracy": [0.9365124106407166], "n_params": [60774], "n_iterations": 55200}