{"ari": {"min": 0.8282422423362732, "max": 0.8293236494064331, "mean": 0.8287829458713531, "dir": "snapshots/random_hybrid_3d/0418/20/0"}, "miou": {"min": 0.6146249175071716, "max": 0.6198989748954773, "mean": 0.6172619462013245, "dir": "snapshots/random_hybrid_3d/0418/20/0"}, "accuracy": {"min": 0.9365636706352234, "max": 0.9374563694000244, "mean": 0.9370100200176239, "dir": "snapshots/random_hybrid_3d/0418/20/0"}, "n_params": {"min": 18948643, "max": 18950204, "mean": 18949423.5, "dir": "snapshots/random_hybrid_3d/0418/20/0"}, "leaf": false, "n_nets": 2}