{"ari": {"min": 0.7589921355247498, "max": 0.7944863438606262, "mean": 0.7716632882754008, "dir": "snapshots/random_2d_ed/1216/11/2"}, "miou": {"min": 0.3141351640224457, "max": 0.37071382999420166, "mean": 0.334759255250295, "dir": "snapshots/random_2d_ed/1216/11/2"}, "accuracy": {"min": 0.892052173614502, "max": 0.9117810130119324, "mean": 0.9008543292681376, "dir": "snapshots/random_2d_ed/1216/11/2"}, "n_params": {"min": 7887743, "max": 7887743, "mean": 7887743.0, "dir": "snapshots/random_2d_ed/1216/11/3"}, "leaf": false, "n_nets": 3}