{"leaf": true, "dir": "snapshots/random_2d_ed/1216/86/1", "n_nets": 1, "name": "RandomUnet2D_86_1", "ari": [0.6496220231056213], "miou": [0.33396968245506287], "accuracy": [0.8254296779632568], "n_params": [752535], "n_iterations": 42720}