{"leaf": true, "dir": "snapshots/random_hybrid_3d/0416/86/0", "n_nets": 1, "name": "Hybrid3DCRF_86_1", "ari": [0.7639971375465393], "miou": [0.2935543656349182], "accuracy": [0.9111739993095398], "n_params": [1581484], "n_iterations": 368}