{"ari": {"min": 0.5612092018127441, "max": 0.8388800621032715, "mean": 0.7000446319580078, "dir": "snapshots/random_hybrid_3d/0416/35/1"}, "miou": {"min": 0.22550109028816223, "max": 0.42882469296455383, "mean": 0.32716289162635803, "dir": "snapshots/random_hybrid_3d/0416/35/1"}, "accuracy": {"min": 0.8515055775642395, "max": 0.9373464584350586, "mean": 0.894426017999649, "dir": "snapshots/random_hybrid_3d/0416/35/1"}, "n_params": {"min": 2128931, "max": 2129855, "mean": 2129393.0, "dir": "snapshots/random_hybrid_3d/0416/35/0"}, "leaf": false, "n_nets": 2}