{"ari": {"min": 0.6828827261924744, "max": 0.8033551573753357, "mean": 0.743118941783905, "dir": "snapshots/random_2d_ed_dense/0503/200/0"}, "miou": {"min": 0.2970375716686249, "max": 0.6020900011062622, "mean": 0.44956378638744354, "dir": "snapshots/random_2d_ed_dense/0503/200/0"}, "accuracy": {"min": 0.8879717588424683, "max": 0.9260250329971313, "mean": 0.9069983959197998, "dir": "snapshots/random_2d_ed_dense/0503/200/0"}, "n_params": {"min": 22664678, "max": 22664678, "mean": 22664678.0, "dir": "snapshots/random_2d_ed_dense/0503/200/0"}, "leaf": false, "n_nets": 2}