{"ari": {"min": 0.8146781921386719, "max": 0.8336701393127441, "mean": 0.8261560678482056, "dir": "snapshots/weight_volume/1210/1/2"}, "miou": {"min": 0.4113563597202301, "max": 0.5269650816917419, "mean": 0.49553897976875305, "dir": "snapshots/weight_volume/1210/1/2"}, "accuracy": {"min": 0.9286187887191772, "max": 0.9377636909484863, "mean": 0.9341121673583984, "dir": "snapshots/weight_volume/1210/1/2"}, "n_params": {"min": 31030983, "max": 31030983, "mean": 31030983.0, "dir": "snapshots/weight_volume/1210/1/0"}, "leaf": false, "n_nets": 5}