{"leaf": true, "dir": "snapshots/random_hybrid_3d/0424/171/1", "n_nets": 1, "name": "Hybrid3DCRF_171_1", "ari": [0.828985869884491], "miou": [0.6198525428771973], "accuracy": [0.9370765089988708], "n_params": [4973216], "n_iterations": 55200}