{"ari": {"min": 0.7042874693870544, "max": 0.8414182662963867, "mean": 0.7728528678417206, "dir": "snapshots/random_hybrid_3d/0416/91/0"}, "miou": {"min": 0.3851817548274994, "max": 0.6613095998764038, "mean": 0.5232456773519516, "dir": "snapshots/random_hybrid_3d/0416/91/0"}, "accuracy": {"min": 0.8991340398788452, "max": 0.9431867599487305, "mean": 0.9211603999137878, "dir": "snapshots/random_hybrid_3d/0416/91/0"}, "n_params": {"min": 5051418, "max": 5052678, "mean": 5052048.0, "dir": "snapshots/random_hybrid_3d/0416/91/0"}, "leaf": false, "n_nets": 2}