{"leaf": true, "dir": "snapshots/random_hybrid_3d/0424/124/0", "n_nets": 1, "name": "Hybrid3DCRF_124_0", "ari": [0.8287093043327332], "miou": [0.6259427070617676], "accuracy": [0.9370760321617126], "n_params": [3571202], "n_iterations": 7360}