{"ari": {"min": 0.827052652835846, "max": 0.8299081325531006, "mean": 0.8284803926944733, "dir": "snapshots/random_hybrid_3d/0418/26/1"}, "miou": {"min": 0.6156665086746216, "max": 0.6219947934150696, "mean": 0.6188306510448456, "dir": "snapshots/random_hybrid_3d/0418/26/1"}, "accuracy": {"min": 0.9353254437446594, "max": 0.9370142221450806, "mean": 0.93616983294487, "dir": "snapshots/random_hybrid_3d/0418/26/1"}, "n_params": {"min": 12884767, "max": 12886328, "mean": 12885547.5, "dir": "snapshots/random_hybrid_3d/0418/26/0"}, "leaf": false, "n_nets": 2}