{"ari": {"min": 0.827052652835846, "max": 0.8298636674880981, "mean": 0.828458160161972, "dir": "snapshots/random_hybrid_3d/0418/26/1"}, "miou": {"min": 0.6156665086746216, "max": 0.6260290741920471, "mean": 0.6208477914333344, "dir": "snapshots/random_hybrid_3d/0418/26/1"}, "accuracy": {"min": 0.9353254437446594, "max": 0.9372544884681702, "mean": 0.9362899661064148, "dir": "snapshots/random_hybrid_3d/0418/26/1"}, "n_params": {"min": 12884767, "max": 12886328, "mean": 12885547.5, "dir": "snapshots/random_hybrid_3d/0418/26/0"}, "leaf": false, "n_nets": 2}