{"ari": {"min": 0.4818417727947235, "max": 0.8409100770950317, "mean": 0.6613759249448776, "dir": "snapshots/random_hybrid_3d/0416/124/1"}, "miou": {"min": 0.2135678380727768, "max": 0.48331499099731445, "mean": 0.3484414145350456, "dir": "snapshots/random_hybrid_3d/0416/124/1"}, "accuracy": {"min": 0.825981080532074, "max": 0.9407427906990051, "mean": 0.8833619356155396, "dir": "snapshots/random_hybrid_3d/0416/124/1"}, "n_params": {"min": 1210209, "max": 1210209, "mean": 1210209.0, "dir": "snapshots/random_hybrid_3d/0416/124/0"}, "leaf": false, "n_nets": 2}