{"leaf": true, "dir": "snapshots/random_hybrid_3d/0424/30/1", "n_nets": 1, "name": "Hybrid3DCRF_30_1", "ari": [0.8296852111816406], "miou": [0.5533499717712402], "accuracy": [0.9371882677078247], "n_params": [5468306], "n_iterations": 29440}