{"ari": {"min": 0.8288929462432861, "max": 0.8289036154747009, "mean": 0.8288982808589935, "dir": "snapshots/random_hybrid_3d/0424/95/1"}, "miou": {"min": 0.6224358677864075, "max": 0.6229237914085388, "mean": 0.6226798295974731, "dir": "snapshots/random_hybrid_3d/0424/95/0"}, "accuracy": {"min": 0.9365668892860413, "max": 0.9366800785064697, "mean": 0.9366234838962555, "dir": "snapshots/random_hybrid_3d/0424/95/1"}, "n_params": {"min": 7922477, "max": 7922477, "mean": 7922477.0, "dir": "snapshots/random_hybrid_3d/0424/95/0"}, "leaf": false, "n_nets": 2}