{"leaf": true, "dir": "snapshots/random_hybrid_3d/0424/32/0", "n_nets": 1, "name": "Hybrid3DCRF_32_1", "ari": [0.8303605914115906], "miou": [0.6203755140304565], "accuracy": [0.9376536011695862], "n_params": [33390], "n_iterations": 55200}