{"ari": {"min": 0.8281990885734558, "max": 0.829958438873291, "mean": 0.8290787637233734, "dir": "snapshots/random_hybrid_3d/0418/34/1"}, "miou": {"min": 0.6095567941665649, "max": 0.614667534828186, "mean": 0.6121121644973755, "dir": "snapshots/random_hybrid_3d/0418/34/1"}, "accuracy": {"min": 0.9362335801124573, "max": 0.9371747970581055, "mean": 0.9367041885852814, "dir": "snapshots/random_hybrid_3d/0418/34/1"}, "n_params": {"min": 1098264, "max": 1098684, "mean": 1098474.0, "dir": "snapshots/random_hybrid_3d/0418/34/1"}, "leaf": false, "n_nets": 2}