{"ari": {"min": 0.8276405930519104, "max": 0.8295494914054871, "mean": 0.8285950422286987, "dir": "snapshots/random_hybrid_3d/0418/34/0"}, "miou": {"min": 0.5686801671981812, "max": 0.6156409382820129, "mean": 0.592160552740097, "dir": "snapshots/random_hybrid_3d/0418/34/1"}, "accuracy": {"min": 0.936397910118103, "max": 0.9368404746055603, "mean": 0.9366191923618317, "dir": "snapshots/random_hybrid_3d/0418/34/0"}, "n_params": {"min": 1098264, "max": 1098684, "mean": 1098474.0, "dir": "snapshots/random_hybrid_3d/0418/34/1"}, "leaf": false, "n_nets": 2}