{"leaf": true, "dir": "snapshots/random_2d_ed/1210/97/3", "n_nets": 1, "name": "RandomUnet2D_97_3", "ari": [0.7479998469352722], "miou": [0.41929179430007935], "accuracy": [0.8869834542274475], "n_params": [1258805], "n_iterations": 16000}