{"leaf": true, "dir": "snapshots/random_2d_ed/1210/32/1", "n_nets": 1, "name": "RandomUnet2D_32_2", "ari": [0.6476425528526306], "miou": [0.23606082797050476], "accuracy": [0.86912602186203], "n_params": [4459788], "n_iterations": 4000}