{"leaf": true, "dir": "snapshots/random_2d_ed/1210/67/4", "n_nets": 1, "name": "RandomUnet2D_67_3", "ari": [0.8245211243629456], "miou": [0.46361589431762695], "accuracy": [0.9322466850280762], "n_params": [16138544], "n_iterations": 25000}