{"leaf": true, "dir": "snapshots/random_hybrid_3d/0424/282/0", "n_nets": 1, "name": "Hybrid3DCRF_282_0", "ari": [0.8299052119255066], "miou": [0.6281509399414062], "accuracy": [0.9372113347053528], "n_params": [1641083], "n_iterations": 55200}