{"leaf": true, "dir": "snapshots/random_2d_ed/1210/43/4", "n_nets": 1, "name": "RandomUnet2D_43_2", "ari": [0.8002822399139404], "miou": [0.3984614908695221], "accuracy": [0.9195290803909302], "n_params": [23348310], "n_iterations": 14400}