{"ari": {"min": 0.3353532552719116, "max": 0.8168467879295349, "mean": 0.7178524255752563, "dir": "snapshots/random_2d_ed/1210/51/1"}, "miou": {"min": 0.203848198056221, "max": 0.583816647529602, "mean": 0.4402746230363846, "dir": "snapshots/random_2d_ed/1210/51/2"}, "accuracy": {"min": 0.7123317718505859, "max": 0.9298992156982422, "mean": 0.8836683511734009, "dir": "snapshots/random_2d_ed/1210/51/1"}, "n_params": {"min": 15841305, "max": 15841305, "mean": 15841305.0, "dir": "snapshots/random_2d_ed/1210/51/0"}, "leaf": false, "n_nets": 5}