{"ari": {"min": 0.39667558670043945, "max": 0.5737454295158386, "mean": 0.48521050810813904, "dir": "snapshots/random_2d_ed_dense/0503/173/1"}, "miou": {"min": 0.08656460791826248, "max": 0.28977447748184204, "mean": 0.18816954270005226, "dir": "snapshots/random_2d_ed_dense/0503/173/1"}, "accuracy": {"min": 0.23401029407978058, "max": 0.842363178730011, "mean": 0.5381867364048958, "dir": "snapshots/random_2d_ed_dense/0503/173/1"}, "n_params": {"min": 248110, "max": 248110, "mean": 248110.0, "dir": "snapshots/random_2d_ed_dense/0503/173/1"}, "leaf": false, "n_nets": 2}