{"ari": {"min": 0.049162570387125015, "max": 0.4260942041873932, "mean": 0.2376283872872591, "dir": "snapshots/random_2d_ed_dense/0503/154/1"}, "miou": {"min": 0.06904732435941696, "max": 0.22257786989212036, "mean": 0.14581259712576866, "dir": "snapshots/random_2d_ed_dense/0503/154/1"}, "accuracy": {"min": 0.3946843445301056, "max": 0.5394150614738464, "mean": 0.467049703001976, "dir": "snapshots/random_2d_ed_dense/0503/154/1"}, "n_params": {"min": 3037001, "max": 3037001, "mean": 3037001.0, "dir": "snapshots/random_2d_ed_dense/0503/154/0"}, "leaf": false, "n_nets": 2}