{"leaf": true, "dir": "snapshots/random_2d_ed/1216/8/2", "n_nets": 1, "name": "RandomUnet2D_8_2", "ari": [0.6628641486167908], "miou": [0.2249234914779663], "accuracy": [0.8707659840583801], "n_params": [3804672], "n_iterations": 22428}