{"ari": {"min": 0.00431502191349864, "max": 0.4837413728237152, "mean": 0.24402819736860693, "dir": "snapshots/random_2d_ed_dense/0503/297/1"}, "miou": {"min": 0.06120830401778221, "max": 0.24340848624706268, "mean": 0.15230839513242245, "dir": "snapshots/random_2d_ed_dense/0503/297/1"}, "accuracy": {"min": 0.18302150070667267, "max": 0.8155566453933716, "mean": 0.4992890730500221, "dir": "snapshots/random_2d_ed_dense/0503/297/1"}, "n_params": {"min": 857479, "max": 857479, "mean": 857479.0, "dir": "snapshots/random_2d_ed_dense/0503/297/0"}, "leaf": false, "n_nets": 2}