{"ari": {"min": 0.8275381326675415, "max": 0.8304639458656311, "mean": 0.8290010392665863, "dir": "snapshots/random_hybrid_3d/0418/21/1"}, "miou": {"min": 0.6086840629577637, "max": 0.6130455732345581, "mean": 0.6108648180961609, "dir": "snapshots/random_hybrid_3d/0418/21/1"}, "accuracy": {"min": 0.9362629652023315, "max": 0.9371017217636108, "mean": 0.9366823434829712, "dir": "snapshots/random_hybrid_3d/0418/21/1"}, "n_params": {"min": 14563677, "max": 14563824, "mean": 14563750.5, "dir": "snapshots/random_hybrid_3d/0418/21/1"}, "leaf": false, "n_nets": 2}