{"ari": {"min": 0.8275381326675415, "max": 0.8315220475196838, "mean": 0.8295300900936127, "dir": "snapshots/random_hybrid_3d/0418/21/1"}, "miou": {"min": 0.6086840629577637, "max": 0.6150802373886108, "mean": 0.6118821501731873, "dir": "snapshots/random_hybrid_3d/0418/21/1"}, "accuracy": {"min": 0.9362629652023315, "max": 0.9376648664474487, "mean": 0.9369639158248901, "dir": "snapshots/random_hybrid_3d/0418/21/1"}, "n_params": {"min": 14563677, "max": 14563824, "mean": 14563750.5, "dir": "snapshots/random_hybrid_3d/0418/21/1"}, "leaf": false, "n_nets": 2}