{"ari": {"min": 0.6704995632171631, "max": 0.8210128545761108, "mean": 0.7670744299888611, "dir": "snapshots/random_2d_ed/1210/47/2"}, "miou": {"min": 0.23854182660579681, "max": 0.5698943734169006, "mean": 0.4056295484304428, "dir": "snapshots/random_2d_ed/1210/47/2"}, "accuracy": {"min": 0.877017080783844, "max": 0.9309704899787903, "mean": 0.908500611782074, "dir": "snapshots/random_2d_ed/1210/47/2"}, "n_params": {"min": 10285548, "max": 10285548, "mean": 10285548.0, "dir": "snapshots/random_2d_ed/1210/47/0"}, "leaf": false, "n_nets": 5}