{"ari": {"min": 0.8284148573875427, "max": 0.8296101689338684, "mean": 0.8290125131607056, "dir": "snapshots/random_hybrid_3d/0424/260/1"}, "miou": {"min": 0.5453569293022156, "max": 0.6202425360679626, "mean": 0.5827997326850891, "dir": "snapshots/random_hybrid_3d/0424/260/1"}, "accuracy": {"min": 0.9369158744812012, "max": 0.9372780323028564, "mean": 0.9370969533920288, "dir": "snapshots/random_hybrid_3d/0424/260/1"}, "n_params": {"min": 66545, "max": 66657, "mean": 66601.0, "dir": "snapshots/random_hybrid_3d/0424/260/1"}, "leaf": false, "n_nets": 2}