{"ari": {"min": 0.020413430407643318, "max": 0.5583031177520752, "mean": 0.28935827407985926, "dir": "snapshots/random_2d_ed_dense/0410/81/0"}, "miou": {"min": 0.0701245591044426, "max": 0.22236798703670502, "mean": 0.1462462730705738, "dir": "snapshots/random_2d_ed_dense/0410/81/0"}, "accuracy": {"min": 0.4287317395210266, "max": 0.7405900359153748, "mean": 0.5846608877182007, "dir": "snapshots/random_2d_ed_dense/0410/81/0"}, "n_params": {"min": 1366753, "max": 1366753, "mean": 1366753.0, "dir": "snapshots/random_2d_ed_dense/0410/81/0"}, "leaf": false, "n_nets": 2}