{"leaf": true, "dir": "snapshots/hybrid_3d_crf/0318/0/2", "n_nets": 1, "name": "Hybrid3DCRF_0_10", "ari": [0.8368683457374573], "miou": [0.6469136476516724], "accuracy": [0.9394415616989136], "n_params": [691951], "n_iterations": 32400}