{"leaf": true, "dir": "snapshots/weight_volume/1210/005/0", "n_nets": 1, "name": "WeightVolume_005_0", "ari": [0.8081889152526855], "miou": [0.4981169104576111], "accuracy": [0.9262549877166748], "n_params": [31030983], "n_iterations": 36000}