{"leaf": true, "dir": "snapshots/random_hybrid_3d/0416/30/1", "n_nets": 1, "name": "Hybrid3DCRF_30_1", "ari": [0.8244314193725586], "miou": [0.423160582780838], "accuracy": [0.9349108338356018], "n_params": [1836733], "n_iterations": 368}