{"ari": {"min": 0.8288995623588562, "max": 0.829226016998291, "mean": 0.8290627896785736, "dir": "snapshots/random_hybrid_3d/0424/140/1"}, "miou": {"min": 0.617492139339447, "max": 0.618487536907196, "mean": 0.6179898381233215, "dir": "snapshots/random_hybrid_3d/0424/140/1"}, "accuracy": {"min": 0.9365613460540771, "max": 0.9370102882385254, "mean": 0.9367858171463013, "dir": "snapshots/random_hybrid_3d/0424/140/1"}, "n_params": {"min": 506015, "max": 506743, "mean": 506379.0, "dir": "snapshots/random_hybrid_3d/0424/140/1"}, "leaf": false, "n_nets": 2}