{"leaf": true, "dir": "snapshots/random_2d_ed/1210/53/1", "n_nets": 1, "name": "RandomUnet2D_53_0", "ari": [0.7126166224479675], "miou": [0.4137392044067383], "accuracy": [0.8656920194625854], "n_params": [1676845], "n_iterations": 16000}