{"ari": {"min": 0.7148318290710449, "max": 0.8237102031707764, "mean": 0.7692710161209106, "dir": "snapshots/random_2d_ed_dense/0410/2/1"}, "miou": {"min": 0.29063573479652405, "max": 0.5928552746772766, "mean": 0.44174550473690033, "dir": "snapshots/random_2d_ed_dense/0410/2/1"}, "accuracy": {"min": 0.8931634426116943, "max": 0.933445155620575, "mean": 0.9133042991161346, "dir": "snapshots/random_2d_ed_dense/0410/2/1"}, "n_params": {"min": 2288258, "max": 2288258, "mean": 2288258.0, "dir": "snapshots/random_2d_ed_dense/0410/2/0"}, "leaf": false, "n_nets": 2}