{"leaf": true, "dir": "snapshots/random_2d_ed_dense/0503/135/1", "n_nets": 1, "name": "RandomUnet2D_135_1", "ari": [0.0006283638649620116], "miou": [0.07739026844501495], "accuracy": [0.45964571833610535], "n_params": [12239062], "n_iterations": 13750}