{"ari": {"min": 0.8406649231910706, "max": 0.8427178263664246, "mean": 0.8416913747787476, "dir": "snapshots/random_hybrid_3d/0416/245/1"}, "miou": {"min": 0.5350497961044312, "max": 0.5504370927810669, "mean": 0.542743444442749, "dir": "snapshots/random_hybrid_3d/0416/245/1"}, "accuracy": {"min": 0.9421280026435852, "max": 0.9426680207252502, "mean": 0.9423980116844177, "dir": "snapshots/random_hybrid_3d/0416/245/1"}, "n_params": {"min": 764301, "max": 764448, "mean": 764374.5, "dir": "snapshots/random_hybrid_3d/0416/245/1"}, "leaf": false, "n_nets": 2}