{"leaf": true, "dir": "snapshots/random_hybrid_3d/0416/145/1", "n_nets": 1, "name": "Hybrid3DCRF_145_1", "ari": [0.8360624313354492], "miou": [0.5063457489013672], "accuracy": [0.9402216076850891], "n_params": [340086], "n_iterations": 368}