{"leaf": true, "dir": "snapshots/random_2d_ed/1216/10/3", "n_nets": 1, "name": "RandomUnet2D_10_3", "ari": [0.7190384864807129], "miou": [0.26134181022644043], "accuracy": [0.8830828666687012], "n_params": [3350997], "n_iterations": 24475}