{"leaf": true, "dir": "snapshots/random_hybrid_3d/0416/111/1", "n_nets": 1, "name": "Hybrid3DCRF_111_1", "ari": [0.8438972234725952], "miou": [0.6599216461181641], "accuracy": [0.9437131881713867], "n_params": [20762], "n_iterations": 368}