{"leaf": true, "dir": "snapshots/random_hybrid_3d/0424/176/1", "n_nets": 1, "name": "Hybrid3DCRF_176_0", "ari": [0.8298189043998718], "miou": [0.6235231161117554], "accuracy": [0.9374546408653259], "n_params": [32693075], "n_iterations": 55200}