{"ari": {"min": 0.6902971863746643, "max": 0.7828356623649597, "mean": 0.7405481576919556, "dir": "snapshots/random_2d_ed/1216/77/0"}, "miou": {"min": 0.20973317325115204, "max": 0.42043590545654297, "mean": 0.3454818814992905, "dir": "snapshots/random_2d_ed/1216/77/4"}, "accuracy": {"min": 0.8665018677711487, "max": 0.9030055999755859, "mean": 0.8836139917373658, "dir": "snapshots/random_2d_ed/1216/77/2"}, "n_params": {"min": 2911571, "max": 2911571, "mean": 2911571.0, "dir": "snapshots/random_2d_ed/1216/77/0"}, "leaf": false, "n_nets": 5}