{"leaf": true, "dir": "snapshots/random_hybrid_3d/0416/276/0", "n_nets": 1, "name": "Hybrid3DCRF_276_0", "ari": [0.8388844132423401], "miou": [0.6447758674621582], "accuracy": [0.9422052502632141], "n_params": [2060036], "n_iterations": 368}