{"ari": {"min": 0.8267625570297241, "max": 0.8267625570297241, "mean": 0.8267625570297241, "dir": "snapshots/random_hybrid_3d/0418/42/0"}, "miou": {"min": 0.4898448586463928, "max": 0.4898448586463928, "mean": 0.4898448586463928, "dir": "snapshots/random_hybrid_3d/0418/42/0"}, "accuracy": {"min": 0.9357782006263733, "max": 0.9357782006263733, "mean": 0.9357782006263733, "dir": "snapshots/random_hybrid_3d/0418/42/0"}, "n_params": {"min": 936711, "max": 936711, "mean": 936711.0, "dir": "snapshots/random_hybrid_3d/0418/42/0"}, "leaf": false, "n_nets": 1}