{"ari": {"min": 0.8305860161781311, "max": 0.8305860161781311, "mean": 0.8305860161781311, "dir": "snapshots/random_hybrid_3d/0418/42/0"}, "miou": {"min": 0.5402396321296692, "max": 0.5402396321296692, "mean": 0.5402396321296692, "dir": "snapshots/random_hybrid_3d/0418/42/0"}, "accuracy": {"min": 0.937350332736969, "max": 0.937350332736969, "mean": 0.937350332736969, "dir": "snapshots/random_hybrid_3d/0418/42/0"}, "n_params": {"min": 936711, "max": 936711, "mean": 936711.0, "dir": "snapshots/random_hybrid_3d/0418/42/0"}, "leaf": false, "n_nets": 1}