{"ari": {"min": 0.7234280705451965, "max": 0.8168570399284363, "mean": 0.7701425552368164, "dir": "snapshots/random_2d_ed_dense/0503/72/0"}, "miou": {"min": 0.28900253772735596, "max": 0.5387016534805298, "mean": 0.41385209560394287, "dir": "snapshots/random_2d_ed_dense/0503/72/0"}, "accuracy": {"min": 0.9014112949371338, "max": 0.9311522841453552, "mean": 0.9162817895412445, "dir": "snapshots/random_2d_ed_dense/0503/72/0"}, "n_params": {"min": 11713013, "max": 11713013, "mean": 11713013.0, "dir": "snapshots/random_2d_ed_dense/0503/72/0"}, "leaf": false, "n_nets": 2}