{"leaf": true, "dir": "snapshots/random_hybrid_3d/0424/130/1", "n_nets": 1, "name": "Hybrid3DCRF_130_1", "ari": [0.8285958766937256], "miou": [0.6160475611686707], "accuracy": [0.9361861944198608], "n_params": [487478], "n_iterations": 55200}