{"leaf": true, "dir": "snapshots/random_hybrid_3d/0424/130/1", "n_nets": 1, "name": "Hybrid3DCRF_130_1", "ari": [0.830091118812561], "miou": [0.5438877940177917], "accuracy": [0.9371765851974487], "n_params": [487478], "n_iterations": 1840}