{"ari": {"min": 0.4749729335308075, "max": 0.6905989646911621, "mean": 0.5867283582687378, "dir": "snapshots/random_2d_ed/1216/53/1"}, "miou": {"min": 0.21112607419490814, "max": 0.3892545998096466, "mean": 0.2899803966283798, "dir": "snapshots/random_2d_ed/1216/53/0"}, "accuracy": {"min": 0.8425871729850769, "max": 0.9057945013046265, "mean": 0.875972580909729, "dir": "snapshots/random_2d_ed/1216/53/0"}, "n_params": {"min": 98298755, "max": 98298755, "mean": 98298755.0, "dir": "snapshots/random_2d_ed/1216/53/0"}, "leaf": false, "n_nets": 5}