{"ari": {"min": 0.4887324571609497, "max": 0.7105796337127686, "mean": 0.5960875034332276, "dir": "snapshots/random_2d_ed/1216/53/0"}, "miou": {"min": 0.20886677503585815, "max": 0.4396287202835083, "mean": 0.30088903903961184, "dir": "snapshots/random_2d_ed/1216/53/0"}, "accuracy": {"min": 0.8428025841712952, "max": 0.9160277247428894, "mean": 0.8790504693984985, "dir": "snapshots/random_2d_ed/1216/53/0"}, "n_params": {"min": 98298755, "max": 98298755, "mean": 98298755.0, "dir": "snapshots/random_2d_ed/1216/53/0"}, "leaf": false, "n_nets": 5}