{"leaf": true, "dir": "snapshots/random_2d_ed_dense/0503/163/1", "n_nets": 1, "name": "RandomUnet2D_163_0", "ari": [0.827238917350769], "miou": [0.6382377743721008], "accuracy": [0.9363332986831665], "n_params": [5461128], "n_iterations": 125000}