{"leaf": true, "dir": "snapshots/hybrid_3d_crf/0318/0/22", "n_nets": 1, "name": "Hybrid3DCRF_0_22", "ari": [0.8349425792694092], "miou": [0.6473538279533386], "accuracy": [0.9392203092575073], "n_params": [691951], "n_iterations": 32400}