{"ari": {"min": 0.8295053243637085, "max": 0.8401526808738708, "mean": 0.8348290026187897, "dir": "snapshots/random_hybrid_3d/0416/282/0"}, "miou": {"min": 0.4327990710735321, "max": 0.5110529661178589, "mean": 0.4719260185956955, "dir": "snapshots/random_hybrid_3d/0416/282/0"}, "accuracy": {"min": 0.9360199570655823, "max": 0.9420192837715149, "mean": 0.9390196204185486, "dir": "snapshots/random_hybrid_3d/0416/282/0"}, "n_params": {"min": 5560026, "max": 5560026, "mean": 5560026.0, "dir": "snapshots/random_hybrid_3d/0416/282/0"}, "leaf": false, "n_nets": 2}