{"ari": {"min": 0.8287119269371033, "max": 0.828815221786499, "mean": 0.8287635743618011, "dir": "snapshots/random_hybrid_3d/0424/204/1"}, "miou": {"min": 0.6144636869430542, "max": 0.6167370080947876, "mean": 0.6156003475189209, "dir": "snapshots/random_hybrid_3d/0424/204/0"}, "accuracy": {"min": 0.9368476867675781, "max": 0.9370107650756836, "mean": 0.9369292259216309, "dir": "snapshots/random_hybrid_3d/0424/204/1"}, "n_params": {"min": 1322744, "max": 1323248, "mean": 1322996.0, "dir": "snapshots/random_hybrid_3d/0424/204/1"}, "leaf": false, "n_nets": 2}