{"ari": {"min": 0.7229294776916504, "max": 0.7630171775817871, "mean": 0.7464218258857727, "dir": "snapshots/random_2d_ed/1210/97/1"}, "miou": {"min": 0.4175274074077606, "max": 0.4309486448764801, "mean": 0.4243160426616669, "dir": "snapshots/random_2d_ed/1210/97/1"}, "accuracy": {"min": 0.8693273067474365, "max": 0.8970285058021545, "mean": 0.886115288734436, "dir": "snapshots/random_2d_ed/1210/97/1"}, "n_params": {"min": 1258805, "max": 1258805, "mean": 1258805.0, "dir": "snapshots/random_2d_ed/1210/97/0"}, "leaf": false, "n_nets": 5}