{"leaf": true, "dir": "snapshots/random_2d_ed/1210/22/3", "n_nets": 1, "name": "RandomUnet2D_22_4", "ari": [0.6055806279182434], "miou": [0.3515772521495819], "accuracy": [0.8808743953704834], "n_params": [57430773], "n_iterations": 32000}