{"ari": {"min": 0.8370687961578369, "max": 0.8407034277915955, "mean": 0.8388861119747162, "dir": "snapshots/random_hybrid_3d/0416/252/1"}, "miou": {"min": 0.48912906646728516, "max": 0.5773662328720093, "mean": 0.5332476496696472, "dir": "snapshots/random_hybrid_3d/0416/252/1"}, "accuracy": {"min": 0.9397363662719727, "max": 0.9428289532661438, "mean": 0.9412826597690582, "dir": "snapshots/random_hybrid_3d/0416/252/1"}, "n_params": {"min": 5924540, "max": 5924687, "mean": 5924613.5, "dir": "snapshots/random_hybrid_3d/0416/252/1"}, "leaf": false, "n_nets": 2}