{"ari": {"min": 0.5443491339683533, "max": 0.820592999458313, "mean": 0.6824710667133331, "dir": "snapshots/random_hybrid_3d/0416/26/1"}, "miou": {"min": 0.22324207425117493, "max": 0.4158143997192383, "mean": 0.3195282369852066, "dir": "snapshots/random_hybrid_3d/0416/26/1"}, "accuracy": {"min": 0.8464404344558716, "max": 0.9349160194396973, "mean": 0.8906782269477844, "dir": "snapshots/random_hybrid_3d/0416/26/1"}, "n_params": {"min": 12884767, "max": 12884767, "mean": 12884767.0, "dir": "snapshots/random_hybrid_3d/0416/26/1"}, "leaf": false, "n_nets": 2}