{"leaf": true, "dir": "snapshots/random_2d_ed/1210/16/4", "n_nets": 1, "name": "RandomUnet2D_16_4", "ari": [0.8066926598548889], "miou": [0.4610230028629303], "accuracy": [0.9245977401733398], "n_params": [15057909], "n_iterations": 25000}