{"leaf": true, "dir": "snapshots/random_hybrid_3d/0416/174/0", "n_nets": 1, "name": "Hybrid3DCRF_174_1", "ari": [0.8217476606369019], "miou": [0.4302271902561188], "accuracy": [0.9328641295433044], "n_params": [4578855], "n_iterations": 368}