{"ari": {"min": 0.8277316689491272, "max": 0.828959584236145, "mean": 0.8283456265926361, "dir": "snapshots/random_hybrid_3d/0424/253/1"}, "miou": {"min": 0.6174468398094177, "max": 0.6200441718101501, "mean": 0.6187455058097839, "dir": "snapshots/random_hybrid_3d/0424/253/1"}, "accuracy": {"min": 0.9366040825843811, "max": 0.936830997467041, "mean": 0.9367175400257111, "dir": "snapshots/random_hybrid_3d/0424/253/1"}, "n_params": {"min": 1643899, "max": 1643899, "mean": 1643899.0, "dir": "snapshots/random_hybrid_3d/0424/253/0"}, "leaf": false, "n_nets": 2}