{"ari": {"min": 0.7725334167480469, "max": 0.8365656733512878, "mean": 0.8045495450496674, "dir": "snapshots/random_hybrid_3d/0416/122/0"}, "miou": {"min": 0.3165800869464874, "max": 0.42347535490989685, "mean": 0.37002772092819214, "dir": "snapshots/random_hybrid_3d/0416/122/0"}, "accuracy": {"min": 0.9153162240982056, "max": 0.9364912509918213, "mean": 0.9259037375450134, "dir": "snapshots/random_hybrid_3d/0416/122/0"}, "n_params": {"min": 390478, "max": 391017, "mean": 390747.5, "dir": "snapshots/random_hybrid_3d/0416/122/0"}, "leaf": false, "n_nets": 2}