{"ari": {"min": 0.15710017085075378, "max": 0.8284301161766052, "mean": 0.4927651435136795, "dir": "snapshots/random_hybrid_3d/0424/297/1"}, "miou": {"min": 0.35022634267807007, "max": 0.5419226884841919, "mean": 0.446074515581131, "dir": "snapshots/random_hybrid_3d/0424/297/1"}, "accuracy": {"min": 0.522082507610321, "max": 0.9365233778953552, "mean": 0.7293029427528381, "dir": "snapshots/random_hybrid_3d/0424/297/1"}, "n_params": {"min": 11655, "max": 11655, "mean": 11655.0, "dir": "snapshots/random_hybrid_3d/0424/297/0"}, "leaf": false, "n_nets": 2}