{"ari": {"min": 0.8186617493629456, "max": 0.8292256593704224, "mean": 0.823943704366684, "dir": "snapshots/random_hybrid_3d/0424/227/0"}, "miou": {"min": 0.47611188888549805, "max": 0.6207770705223083, "mean": 0.5484444797039032, "dir": "snapshots/random_hybrid_3d/0424/227/0"}, "accuracy": {"min": 0.9314277768135071, "max": 0.9367114901542664, "mean": 0.9340696334838867, "dir": "snapshots/random_hybrid_3d/0424/227/0"}, "n_params": {"min": 9062683, "max": 9063551, "mean": 9063117.0, "dir": "snapshots/random_hybrid_3d/0424/227/1"}, "leaf": false, "n_nets": 2}