{"leaf": true, "dir": "snapshots/random_hybrid_3d/0424/256/1", "n_nets": 1, "name": "Hybrid3DCRF_256_0", "ari": [0.8298628926277161], "miou": [0.6179160475730896], "accuracy": [0.9371370673179626], "n_params": [156597], "n_iterations": 55200}