{"ari": {"min": -1.005574829552006e-18, "max": 0.7873212695121765, "mean": 0.5991186738014221, "dir": "snapshots/random_2d_ed/1210/88/4"}, "miou": {"min": 0.06563176959753036, "max": 0.38304558396339417, "mean": 0.2761864587664604, "dir": "snapshots/random_2d_ed/1210/88/4"}, "accuracy": {"min": 0.45942237973213196, "max": 0.9197816252708435, "mean": 0.8167463600635528, "dir": "snapshots/random_2d_ed/1210/88/1"}, "n_params": {"min": 79628551, "max": 79628551, "mean": 79628551.0, "dir": "snapshots/random_2d_ed/1210/88/0"}, "leaf": false, "n_nets": 5}