{"ari": {"min": 0.07213050872087479, "max": 0.8286247253417969, "mean": 0.45037761703133583, "dir": "snapshots/random_hybrid_3d/0424/4/1"}, "miou": {"min": 0.1945478916168213, "max": 0.6158502697944641, "mean": 0.4051990807056427, "dir": "snapshots/random_hybrid_3d/0424/4/1"}, "accuracy": {"min": 0.5591942071914673, "max": 0.9364049434661865, "mean": 0.7477995753288269, "dir": "snapshots/random_hybrid_3d/0424/4/1"}, "n_params": {"min": 166721, "max": 166721, "mean": 166721.0, "dir": "snapshots/random_hybrid_3d/0424/4/0"}, "leaf": false, "n_nets": 2}