{"ari": {"min": 0.8268556594848633, "max": 0.8284170627593994, "mean": 0.8276363611221313, "dir": "snapshots/random_hybrid_3d/0424/134/0"}, "miou": {"min": 0.5647770762443542, "max": 0.6155198216438293, "mean": 0.5901484489440918, "dir": "snapshots/random_hybrid_3d/0424/134/0"}, "accuracy": {"min": 0.9359117746353149, "max": 0.9370757341384888, "mean": 0.9364937543869019, "dir": "snapshots/random_hybrid_3d/0424/134/0"}, "n_params": {"min": 15785, "max": 15925, "mean": 15855.0, "dir": "snapshots/random_hybrid_3d/0424/134/1"}, "leaf": false, "n_nets": 2}