{"ari": {"min": 0.8286921381950378, "max": 0.8288901448249817, "mean": 0.8287911415100098, "dir": "snapshots/random_hybrid_3d/0424/295/1"}, "miou": {"min": 0.6166436076164246, "max": 0.6231374740600586, "mean": 0.6198905408382416, "dir": "snapshots/random_hybrid_3d/0424/295/0"}, "accuracy": {"min": 0.936935305595398, "max": 0.9369686841964722, "mean": 0.9369519948959351, "dir": "snapshots/random_hybrid_3d/0424/295/0"}, "n_params": {"min": 847558, "max": 848678, "mean": 848118.0, "dir": "snapshots/random_hybrid_3d/0424/295/1"}, "leaf": false, "n_nets": 2}