{"leaf": true, "dir": "snapshots/random_hybrid_3d/0416/285/1", "n_nets": 1, "name": "Hybrid3DCRF_285_0", "ari": [0.19514967501163483], "miou": [0.17045281827449799], "accuracy": [0.6910624504089355], "n_params": [49996], "n_iterations": 368}