{"ari": {"min": 0.6253584623336792, "max": 0.6253584623336792, "mean": 0.6253584623336792, "dir": "snapshots/random_2d_ed_dense/0410/171/1"}, "miou": {"min": 0.23403795063495636, "max": 0.23403795063495636, "mean": 0.23403795063495636, "dir": "snapshots/random_2d_ed_dense/0410/171/1"}, "accuracy": {"min": 0.8616050481796265, "max": 0.8616050481796265, "mean": 0.8616050481796265, "dir": "snapshots/random_2d_ed_dense/0410/171/1"}, "n_params": {"min": 887584, "max": 887584, "mean": 887584.0, "dir": "snapshots/random_2d_ed_dense/0410/171/1"}, "leaf": false, "n_nets": 1}