{"ari": {"min": 0.7975688576698303, "max": 0.827597975730896, "mean": 0.8125834167003632, "dir": "snapshots/random_hybrid_3d/0416/181/1"}, "miou": {"min": 0.39914971590042114, "max": 0.479373037815094, "mean": 0.43926137685775757, "dir": "snapshots/random_hybrid_3d/0416/181/1"}, "accuracy": {"min": 0.922650158405304, "max": 0.9346944093704224, "mean": 0.9286722838878632, "dir": "snapshots/random_hybrid_3d/0416/181/1"}, "n_params": {"min": 8552687, "max": 8552834, "mean": 8552760.5, "dir": "snapshots/random_hybrid_3d/0416/181/0"}, "leaf": false, "n_nets": 2}