{"ari": {"min": 0.7343623638153076, "max": 0.8130879998207092, "mean": 0.7866683602333069, "dir": "snapshots/random_2d_ed/1216/29/0"}, "miou": {"min": 0.2896842956542969, "max": 0.4986913800239563, "mean": 0.3909099042415619, "dir": "snapshots/random_2d_ed/1216/29/4"}, "accuracy": {"min": 0.8878872990608215, "max": 0.9138554930686951, "mean": 0.9040903210639953, "dir": "snapshots/random_2d_ed/1216/29/0"}, "n_params": {"min": 6396968, "max": 6396968, "mean": 6396968.0, "dir": "snapshots/random_2d_ed/1216/29/0"}, "leaf": false, "n_nets": 5}