{"leaf": true, "dir": "snapshots/random_2d_ed/1216/0/4", "n_nets": 1, "name": "RandomUnet2D_0_3", "ari": [0.8127833604812622], "miou": [0.5557116270065308], "accuracy": [0.9206423759460449], "n_params": [12260483], "n_iterations": 96120}