{"leaf": true, "dir": "snapshots/random_hybrid_3d/0424/123/1", "n_nets": 1, "name": "Hybrid3DCRF_123_1", "ari": [0.8282151222229004], "miou": [0.6176633834838867], "accuracy": [0.9367565512657166], "n_params": [3674206], "n_iterations": 55200}