{"ari": {"min": 0.2159949243068695, "max": 0.683288037776947, "mean": 0.44964148104190826, "dir": "snapshots/random_2d_ed_dense/0410/261/1"}, "miou": {"min": 0.10032837837934494, "max": 0.24500222504138947, "mean": 0.1726653017103672, "dir": "snapshots/random_2d_ed_dense/0410/261/1"}, "accuracy": {"min": 0.4943361282348633, "max": 0.8833158016204834, "mean": 0.6888259649276733, "dir": "snapshots/random_2d_ed_dense/0410/261/1"}, "n_params": {"min": 4994176, "max": 4994176, "mean": 4994176.0, "dir": "snapshots/random_2d_ed_dense/0410/261/0"}, "leaf": false, "n_nets": 2}