{"leaf": true, "dir": "snapshots/random_2d_ed/1210/57/3", "n_nets": 1, "name": "RandomUnet2D_57_4", "ari": [0.6891227960586548], "miou": [0.3268575668334961], "accuracy": [0.87825608253479], "n_params": [58444407], "n_iterations": 49000}