{"leaf": true, "dir": "snapshots/random_hybrid_3d/0418/39/1", "n_nets": 1, "name": "Hybrid3DCRF_39_0", "ari": [0.8307609558105469], "miou": [0.5498989224433899], "accuracy": [0.9376553297042847], "n_params": [3336097], "n_iterations": 7360}