{"ari": {"min": 0.8357352614402771, "max": 0.8380370140075684, "mean": 0.8368861377239227, "dir": "snapshots/random_hybrid_3d/0416/244/1"}, "miou": {"min": 0.4211246073246002, "max": 0.45861315727233887, "mean": 0.43986888229846954, "dir": "snapshots/random_hybrid_3d/0416/244/0"}, "accuracy": {"min": 0.9352002739906311, "max": 0.9371225833892822, "mean": 0.9361614286899567, "dir": "snapshots/random_hybrid_3d/0416/244/0"}, "n_params": {"min": 901967, "max": 902114, "mean": 902040.5, "dir": "snapshots/random_hybrid_3d/0416/244/0"}, "leaf": false, "n_nets": 2}