{"leaf": true, "dir": "snapshots/random_2d_ed/1216/84/3", "n_nets": 1, "name": "RandomUnet2D_84_0", "ari": [0.5995026230812073], "miou": [0.20361804962158203], "accuracy": [0.8352053165435791], "n_params": [207581], "n_iterations": 15664}