{"ari": {"min": -0.010652702301740646, "max": 0.8299891352653503, "mean": 0.5218116567225459, "dir": "snapshots/random_2d_ed_dense/0410/0/1"}, "miou": {"min": 0.010065152309834957, "max": 0.6109998822212219, "mean": 0.28728567314731657, "dir": "snapshots/random_2d_ed_dense/0410/0/1"}, "accuracy": {"min": 0.047956157475709915, "max": 0.9378202557563782, "mean": 0.7275378728036288, "dir": "snapshots/random_2d_ed_dense/0410/0/0"}, "n_params": {"min": 52600, "max": 49701896, "mean": 4947826.3248407645, "dir": "snapshots/random_2d_ed_dense/0410/227/1"}, "leaf": false, "n_nets": 157}