{"ari": {"min": 0.6698475480079651, "max": 0.6939831376075745, "mean": 0.6819153428077698, "dir": "snapshots/random_2d_ed_dense/0410/128/0"}, "miou": {"min": 0.34441688656806946, "max": 0.35276541113853455, "mean": 0.348591148853302, "dir": "snapshots/random_2d_ed_dense/0410/128/0"}, "accuracy": {"min": 0.8433290123939514, "max": 0.8632484078407288, "mean": 0.8532887101173401, "dir": "snapshots/random_2d_ed_dense/0410/128/0"}, "n_params": {"min": 522489, "max": 522489, "mean": 522489.0, "dir": "snapshots/random_2d_ed_dense/0410/128/0"}, "leaf": false, "n_nets": 2}