{"ari": {"min": 0.7806495428085327, "max": 0.8264256715774536, "mean": 0.8035376071929932, "dir": "snapshots/random_hybrid_3d/0424/219/1"}, "miou": {"min": 0.37869545817375183, "max": 0.6129972338676453, "mean": 0.49584634602069855, "dir": "snapshots/random_hybrid_3d/0424/219/1"}, "accuracy": {"min": 0.9145619869232178, "max": 0.9361749291419983, "mean": 0.925368458032608, "dir": "snapshots/random_hybrid_3d/0424/219/1"}, "n_params": {"min": 624019, "max": 624425, "mean": 624222.0, "dir": "snapshots/random_hybrid_3d/0424/219/0"}, "leaf": false, "n_nets": 2}