{"ari": {"min": 0.3482339382171631, "max": 0.8963413834571838, "mean": 0.6517760187387467, "dir": "snapshots/multi_binary/1221/0/1"}, "miou": {"min": 0.5867424011230469, "max": 0.9481625556945801, "mean": 0.7856608927249908, "dir": "snapshots/multi_binary/1221/0/1"}, "accuracy": {"min": 0.9551973342895508, "max": 0.9749343395233154, "mean": 0.9686713635921478, "dir": "snapshots/multi_binary/1221/2/2"}, "n_params": {"min": 31030658, "max": 31030658, "mean": 31030658.0, "dir": "snapshots/multi_binary/1221/0/0"}, "leaf": false, "n_nets": 10}