{"ari": {"min": 0.8293383121490479, "max": 0.8309516906738281, "mean": 0.830145001411438, "dir": "snapshots/random_hybrid_3d/0424/279/1"}, "miou": {"min": 0.5442279577255249, "max": 0.6199046969413757, "mean": 0.5820663273334503, "dir": "snapshots/random_hybrid_3d/0424/279/0"}, "accuracy": {"min": 0.9371394515037537, "max": 0.9374647736549377, "mean": 0.9373021125793457, "dir": "snapshots/random_hybrid_3d/0424/279/1"}, "n_params": {"min": 205743, "max": 205974, "mean": 205858.5, "dir": "snapshots/random_hybrid_3d/0424/279/1"}, "leaf": false, "n_nets": 2}