{"ari": {"min": 0.8289949297904968, "max": 0.8298342227935791, "mean": 0.829414576292038, "dir": "snapshots/random_hybrid_3d/0418/17/1"}, "miou": {"min": 0.6054993271827698, "max": 0.6243472695350647, "mean": 0.6149232983589172, "dir": "snapshots/random_hybrid_3d/0418/17/0"}, "accuracy": {"min": 0.93647301197052, "max": 0.9373631477355957, "mean": 0.9369180798530579, "dir": "snapshots/random_hybrid_3d/0418/17/1"}, "n_params": {"min": 7346317, "max": 7348116, "mean": 7347216.5, "dir": "snapshots/random_hybrid_3d/0418/17/0"}, "leaf": false, "n_nets": 2}