{"ari": {"min": 0.8287919759750366, "max": 0.8303589820861816, "mean": 0.8295754790306091, "dir": "snapshots/random_hybrid_3d/0418/18/0"}, "miou": {"min": 0.6215060353279114, "max": 0.6251460909843445, "mean": 0.6233260631561279, "dir": "snapshots/random_hybrid_3d/0418/18/0"}, "accuracy": {"min": 0.936789333820343, "max": 0.9375704526901245, "mean": 0.9371798932552338, "dir": "snapshots/random_hybrid_3d/0418/18/0"}, "n_params": {"min": 190613, "max": 191334, "mean": 190973.5, "dir": "snapshots/random_hybrid_3d/0418/18/1"}, "leaf": false, "n_nets": 2}