{"ari": {"min": 0.6470306515693665, "max": 0.7600048184394836, "mean": 0.7099145770072937, "dir": "snapshots/random_2d_ed/1210/83/0"}, "miou": {"min": 0.2439207136631012, "max": 0.4033188223838806, "mean": 0.32632585167884826, "dir": "snapshots/random_2d_ed/1210/83/0"}, "accuracy": {"min": 0.8519702553749084, "max": 0.8971856236457825, "mean": 0.8740359425544739, "dir": "snapshots/random_2d_ed/1210/83/0"}, "n_params": {"min": 1211171, "max": 1211171, "mean": 1211171.0, "dir": "snapshots/random_2d_ed/1210/83/0"}, "leaf": false, "n_nets": 5}