{"leaf": true, "dir": "snapshots/random_hybrid_3d/0416/11/1", "n_nets": 1, "name": "Hybrid3DCRF_11_1", "ari": [0.8326334357261658], "miou": [0.43346670269966125], "accuracy": [0.9370635151863098], "n_params": [2242543], "n_iterations": 368}