{"leaf": true, "dir": "snapshots/random_2d_ed/1210/16/2", "n_nets": 1, "name": "RandomUnet2D_16_2", "ari": [8.168384560723384e-18], "miou": [0.06908918172121048], "accuracy": [0.48362427949905396], "n_params": [15057909], "n_iterations": 13750}