{"ari": {"min": 0.1700161248445511, "max": 0.8398481607437134, "mean": 0.5049321427941322, "dir": "snapshots/random_hybrid_3d/0416/60/1"}, "miou": {"min": 0.18006153404712677, "max": 0.4560268223285675, "mean": 0.31804417818784714, "dir": "snapshots/random_hybrid_3d/0416/60/1"}, "accuracy": {"min": 0.6750098466873169, "max": 0.9362803101539612, "mean": 0.805645078420639, "dir": "snapshots/random_hybrid_3d/0416/60/1"}, "n_params": {"min": 194071, "max": 194218, "mean": 194144.5, "dir": "snapshots/random_hybrid_3d/0416/60/0"}, "leaf": false, "n_nets": 2}