{"leaf": true, "dir": "snapshots/random_2d_ed/1216/14/4", "n_nets": 1, "name": "RandomUnet2D_14_4", "ari": [0.7380691170692444], "miou": [0.2974233627319336], "accuracy": [0.8866942524909973], "n_params": [7185509], "n_iterations": 15664}