{"ari": {"min": -5.5742450058460236e-05, "max": 0.7992886304855347, "mean": 0.3996164440177381, "dir": "snapshots/random_hybrid_3d/0416/28/1"}, "miou": {"min": 0.06594012677669525, "max": 0.38971051573753357, "mean": 0.2278253212571144, "dir": "snapshots/random_hybrid_3d/0416/28/1"}, "accuracy": {"min": 0.4614366292953491, "max": 0.9236981868743896, "mean": 0.6925674080848694, "dir": "snapshots/random_hybrid_3d/0416/28/1"}, "n_params": {"min": 4071443, "max": 4071443, "mean": 4071443.0, "dir": "snapshots/random_hybrid_3d/0416/28/0"}, "leaf": false, "n_nets": 2}