{"ari": {"min": 0.4739273488521576, "max": 0.7467600703239441, "mean": 0.6317323625087738, "dir": "snapshots/random_2d_ed/1210/5/3"}, "miou": {"min": 0.2097795009613037, "max": 0.3261294960975647, "mean": 0.26572622954845426, "dir": "snapshots/random_2d_ed/1210/5/3"}, "accuracy": {"min": 0.8125575184822083, "max": 0.8975056409835815, "mean": 0.8591519355773926, "dir": "snapshots/random_2d_ed/1210/5/3"}, "n_params": {"min": 108011, "max": 108011, "mean": 108011.0, "dir": "snapshots/random_2d_ed/1210/5/0"}, "leaf": false, "n_nets": 5}