{"leaf": true, "dir": "snapshots/weight_volume/1210/0/4", "n_nets": 1, "name": "WeightVolume_0_4", "ari": [0.8378636837005615], "miou": [0.5707811713218689], "accuracy": [0.9390777349472046], "n_params": [31030983], "n_iterations": 36000}