{"ari": {"min": 8.168384560723384e-18, "max": 0.8137664794921875, "mean": 0.6978053995294542, "dir": "snapshots/random_2d_ed/1210/2/1"}, "miou": {"min": 0.06680024415254593, "max": 0.5852746963500977, "mean": 0.3636391839330516, "dir": "snapshots/random_2d_ed/1210/1/0"}, "accuracy": {"min": 0.44257262349128723, "max": 0.9310379028320312, "mean": 0.8762883553054275, "dir": "snapshots/random_2d_ed/1210/2/1"}, "n_params": {"min": 108011, "max": 183377231, "mean": 30716878.042682927, "dir": "snapshots/random_2d_ed/1210/6/0"}, "leaf": false, "n_nets": 164}