{"ari": {"min": 8.168384560723384e-18, "max": 0.8151900768280029, "mean": 0.6967283663876129, "dir": "snapshots/random_2d_ed/1210/27/1"}, "miou": {"min": 0.06680024415254593, "max": 0.5852746963500977, "mean": 0.36122042125824727, "dir": "snapshots/random_2d_ed/1210/1/0"}, "accuracy": {"min": 0.44257262349128723, "max": 0.9310379028320312, "mean": 0.8757484116337516, "dir": "snapshots/random_2d_ed/1210/2/1"}, "n_params": {"min": 108011, "max": 183377231, "mean": 30803223.654545456, "dir": "snapshots/random_2d_ed/1210/6/0"}, "leaf": false, "n_nets": 165}