{"ari": {"min": -5.007364969613845e-17, "max": 0.8240512609481812, "mean": 0.7037715443589708, "dir": "snapshots/random_2d_ed/1210/31/0"}, "miou": {"min": 0.06625118106603622, "max": 0.5852746963500977, "mean": 0.36924023027613495, "dir": "snapshots/random_2d_ed/1210/1/0"}, "accuracy": {"min": 0.44257262349128723, "max": 0.9338255524635315, "mean": 0.8824448044362821, "dir": "snapshots/random_2d_ed/1210/31/0"}, "n_params": {"min": 108011, "max": 209610976, "mean": 30570577.710526317, "dir": "snapshots/random_2d_ed/1210/46/0"}, "leaf": false, "n_nets": 228}