{"ari": {"min": -5.007364969613845e-17, "max": 0.8245211243629456, "mean": 0.7108144654707629, "dir": "snapshots/random_2d_ed/1210/67/4"}, "miou": {"min": 0.06563176959753036, "max": 0.5916954874992371, "mean": 0.3692173220911007, "dir": "snapshots/random_2d_ed/1210/67/1"}, "accuracy": {"min": 0.44257262349128723, "max": 0.9338255524635315, "mean": 0.8829887609491464, "dir": "snapshots/random_2d_ed/1210/31/0"}, "n_params": {"min": 108011, "max": 209610976, "mean": 24415161.313765183, "dir": "snapshots/random_2d_ed/1210/46/0"}, "leaf": false, "n_nets": 494}