{"ari": {"min": 0.7590677738189697, "max": 0.8240479826927185, "mean": 0.8032472729682922, "dir": "snapshots/random_2d_ed/1210/80/4"}, "miou": {"min": 0.33966514468193054, "max": 0.5682832598686218, "mean": 0.4820842623710632, "dir": "snapshots/random_2d_ed/1210/80/0"}, "accuracy": {"min": 0.8930455446243286, "max": 0.9315937757492065, "mean": 0.9196393966674805, "dir": "snapshots/random_2d_ed/1210/80/0"}, "n_params": {"min": 9291678, "max": 9291678, "mean": 9291678.0, "dir": "snapshots/random_2d_ed/1210/80/0"}, "leaf": false, "n_nets": 5}