{"leaf": true, "dir": "snapshots/random_2d_ed_dense/0410/73/0", "n_nets": 1, "name": "RandomUnet2D_73_0", "ari": [0.8253810405731201], "miou": [0.5295329093933105], "accuracy": [0.9366064071655273], "n_params": [19969413], "n_iterations": 125000}