{"leaf": true, "dir": "snapshots/random_2d_ed/1210/85/1", "n_nets": 1, "name": "RandomUnet2D_85_4", "ari": [0.7101712226867676], "miou": [0.3456948399543762], "accuracy": [0.8702256679534912], "n_params": [985535], "n_iterations": 16000}