{"ari": {"min": 0.7376747727394104, "max": 0.8286504149436951, "mean": 0.7831625938415527, "dir": "snapshots/random_hybrid_3d/0416/239/1"}, "miou": {"min": 0.2572668194770813, "max": 0.4339735507965088, "mean": 0.34562018513679504, "dir": "snapshots/random_hybrid_3d/0416/239/1"}, "accuracy": {"min": 0.9010409712791443, "max": 0.9359585046768188, "mean": 0.9184997379779816, "dir": "snapshots/random_hybrid_3d/0416/239/1"}, "n_params": {"min": 426286, "max": 426468, "mean": 426377.0, "dir": "snapshots/random_hybrid_3d/0416/239/0"}, "leaf": false, "n_nets": 2}