{"ari": {"min": 0.8363693952560425, "max": 0.8375418782234192, "mean": 0.8369556367397308, "dir": "snapshots/random_hybrid_3d/0416/288/1"}, "miou": {"min": 0.418851375579834, "max": 0.5202862024307251, "mean": 0.46956878900527954, "dir": "snapshots/random_hybrid_3d/0416/288/1"}, "accuracy": {"min": 0.9338814616203308, "max": 0.9409072399139404, "mean": 0.9373943507671356, "dir": "snapshots/random_hybrid_3d/0416/288/1"}, "n_params": {"min": 578984, "max": 579278, "mean": 579131.0, "dir": "snapshots/random_hybrid_3d/0416/288/0"}, "leaf": false, "n_nets": 2}