{"ari": {"min": 0.8285955786705017, "max": 0.8393717408180237, "mean": 0.8339836597442627, "dir": "snapshots/random_hybrid_3d/0416/37/1"}, "miou": {"min": 0.4040443003177643, "max": 0.5271466374397278, "mean": 0.46559546887874603, "dir": "snapshots/random_hybrid_3d/0416/37/1"}, "accuracy": {"min": 0.9324026107788086, "max": 0.9416348338127136, "mean": 0.9370187222957611, "dir": "snapshots/random_hybrid_3d/0416/37/1"}, "n_params": {"min": 14827241, "max": 14827388, "mean": 14827314.5, "dir": "snapshots/random_hybrid_3d/0416/37/0"}, "leaf": false, "n_nets": 2}