{"ari": {"min": 0.8201165199279785, "max": 0.827238917350769, "mean": 0.8236777186393738, "dir": "snapshots/random_2d_ed_dense/0503/163/1"}, "miou": {"min": 0.6209608316421509, "max": 0.6382377743721008, "mean": 0.6295993030071259, "dir": "snapshots/random_2d_ed_dense/0503/163/1"}, "accuracy": {"min": 0.9349802136421204, "max": 0.9363332986831665, "mean": 0.9356567561626434, "dir": "snapshots/random_2d_ed_dense/0503/163/1"}, "n_params": {"min": 5461128, "max": 5461128, "mean": 5461128.0, "dir": "snapshots/random_2d_ed_dense/0503/163/0"}, "leaf": false, "n_nets": 2}