{"leaf": true, "dir": "snapshots/random_hybrid_3d/0416/137/1", "n_nets": 1, "name": "Hybrid3DCRF_137_0", "ari": [0.8364827632904053], "miou": [0.4865790009498596], "accuracy": [0.9388337731361389], "n_params": [4324477], "n_iterations": 368}