{"leaf": true, "dir": "snapshots/random_hybrid_3d/0418/34/0", "n_nets": 1, "name": "Hybrid3DCRF_34_0", "ari": [0.8281990885734558], "miou": [0.6095567941665649], "accuracy": [0.9362335801124573], "n_params": [1098264], "n_iterations": 55200}