{"leaf": true, "dir": "snapshots/random_2d_ed/1210/84/4", "n_nets": 1, "name": "RandomUnet2D_84_4", "ari": [0.7611121535301208], "miou": [0.40791216492652893], "accuracy": [0.897615373134613], "n_params": [638789], "n_iterations": 16000}