{"ari": {"min": 0.8181027173995972, "max": 0.8383800983428955, "mean": 0.8282414078712463, "dir": "snapshots/random_hybrid_3d/0416/192/1"}, "miou": {"min": 0.39209291338920593, "max": 0.5651666522026062, "mean": 0.47862978279590607, "dir": "snapshots/random_hybrid_3d/0416/192/1"}, "accuracy": {"min": 0.9263430237770081, "max": 0.9417165517807007, "mean": 0.9340297877788544, "dir": "snapshots/random_hybrid_3d/0416/192/1"}, "n_params": {"min": 10098434, "max": 10100009, "mean": 10099221.5, "dir": "snapshots/random_hybrid_3d/0416/192/0"}, "leaf": false, "n_nets": 2}