{"leaf": true, "dir": "snapshots/hybrid_3d_crf/0316/0/15", "n_nets": 1, "name": "Hybrid3DCRF_0_11", "ari": [0.835966169834137], "miou": [0.6504944562911987], "accuracy": [0.9394136667251587], "n_params": [691951], "n_iterations": 32400}