{"leaf": true, "dir": "snapshots/random_2d_ed/1210/53/2", "n_nets": 1, "name": "RandomUnet2D_53_3", "ari": [0.7437205910682678], "miou": [0.41216912865638733], "accuracy": [0.8861389756202698], "n_params": [1676845], "n_iterations": 16000}