{"leaf": true, "dir": "snapshots/random_2d_ed_dense/0503/191/1", "n_nets": 1, "name": "RandomUnet2D_191_1", "ari": [0.06704271584749222], "miou": [0.12408681958913803], "accuracy": [0.5665543079376221], "n_params": [8762433], "n_iterations": 13750}