{"ari": {"min": 0.7065840363502502, "max": 0.7442391514778137, "mean": 0.725411593914032, "dir": "snapshots/random_2d_ed_dense/0503/90/1"}, "miou": {"min": 0.42086052894592285, "max": 0.4442371428012848, "mean": 0.4325488358736038, "dir": "snapshots/random_2d_ed_dense/0503/90/1"}, "accuracy": {"min": 0.8648148775100708, "max": 0.8888768553733826, "mean": 0.8768458664417267, "dir": "snapshots/random_2d_ed_dense/0503/90/1"}, "n_params": {"min": 1744499, "max": 1744499, "mean": 1744499.0, "dir": "snapshots/random_2d_ed_dense/0503/90/0"}, "leaf": false, "n_nets": 2}