{"leaf": true, "dir": "snapshots/random_2d_ed_dense/0503/162/0", "n_nets": 1, "name": "RandomUnet2D_162_1", "ari": [0.8045006394386292], "miou": [0.47095367312431335], "accuracy": [0.9227381944656372], "n_params": [724961], "n_iterations": 180000}