{"leaf": true, "dir": "snapshots/random_hybrid_3d/0418/42/0", "n_nets": 1, "name": "Hybrid3DCRF_42_1", "ari": [0.8305860161781311], "miou": [0.5402396321296692], "accuracy": [0.937350332736969], "n_params": [936711], "n_iterations": 44160}