{"leaf": true, "dir": "snapshots/random_hybrid_3d/0418/42/0", "n_nets": 1, "name": "Hybrid3DCRF_42_1", "ari": [0.8267625570297241], "miou": [0.4898448586463928], "accuracy": [0.9357782006263733], "n_params": [936711], "n_iterations": 3680}