{"ari": {"min": 0.7923107743263245, "max": 0.832154393196106, "mean": 0.8122325837612152, "dir": "snapshots/random_hybrid_3d/0416/123/1"}, "miou": {"min": 0.3484504520893097, "max": 0.43063709139823914, "mean": 0.3895437717437744, "dir": "snapshots/random_hybrid_3d/0416/123/1"}, "accuracy": {"min": 0.917341947555542, "max": 0.9360476136207581, "mean": 0.92669478058815, "dir": "snapshots/random_hybrid_3d/0416/123/1"}, "n_params": {"min": 7095805, "max": 7095952, "mean": 7095878.5, "dir": "snapshots/random_hybrid_3d/0416/123/1"}, "leaf": false, "n_nets": 2}