{"ari": {"min": 0.8276805281639099, "max": 0.8294472098350525, "mean": 0.828423261642456, "dir": "snapshots/hybrid_3d_crf/0404/2/1"}, "miou": {"min": 0.6337209939956665, "max": 0.638897716999054, "mean": 0.6363943666219711, "dir": "snapshots/hybrid_3d_crf/0404/2/3"}, "accuracy": {"min": 0.9364438056945801, "max": 0.9371896982192993, "mean": 0.9367931485176086, "dir": "snapshots/hybrid_3d_crf/0404/2/1"}, "n_params": {"min": 1743930, "max": 1743930, "mean": 1743930.0, "dir": "snapshots/hybrid_3d_crf/0404/2/0"}, "leaf": false, "n_nets": 4}