{"ari": {"min": 0.7426176071166992, "max": 0.7426176071166992, "mean": 0.7426176071166992, "dir": "snapshots/random_2d_ed_dense/0410/254/0"}, "miou": {"min": 0.4122999608516693, "max": 0.4122999608516693, "mean": 0.4122999608516693, "dir": "snapshots/random_2d_ed_dense/0410/254/0"}, "accuracy": {"min": 0.8902750015258789, "max": 0.8902750015258789, "mean": 0.8902750015258789, "dir": "snapshots/random_2d_ed_dense/0410/254/0"}, "n_params": {"min": 1071731, "max": 1071731, "mean": 1071731.0, "dir": "snapshots/random_2d_ed_dense/0410/254/0"}, "leaf": false, "n_nets": 1}