{"ari": {"min": -6.765410968397707e-18, "max": 0.8381065130233765, "mean": 0.41905325651168823, "dir": "snapshots/random_hybrid_3d/0416/281/0"}, "miou": {"min": 0.06590643525123596, "max": 0.45351442694664, "mean": 0.259710431098938, "dir": "snapshots/random_hybrid_3d/0416/281/0"}, "accuracy": {"min": 0.46134504675865173, "max": 0.9366599321365356, "mean": 0.6990024894475937, "dir": "snapshots/random_hybrid_3d/0416/281/0"}, "n_params": {"min": 116073, "max": 116220, "mean": 116146.5, "dir": "snapshots/random_hybrid_3d/0416/281/1"}, "leaf": false, "n_nets": 2}