{"ari": {"min": 0.8300720453262329, "max": 0.8305830359458923, "mean": 0.8303275406360626, "dir": "snapshots/random_hybrid_3d/0424/101/1"}, "miou": {"min": 0.6250820159912109, "max": 0.6266929507255554, "mean": 0.6258874833583832, "dir": "snapshots/random_hybrid_3d/0424/101/0"}, "accuracy": {"min": 0.9368093013763428, "max": 0.9378252029418945, "mean": 0.9373172521591187, "dir": "snapshots/random_hybrid_3d/0424/101/1"}, "n_params": {"min": 15556033, "max": 15557601, "mean": 15556817.0, "dir": "snapshots/random_hybrid_3d/0424/101/1"}, "leaf": false, "n_nets": 2}