{"ari": {"min": 0.8284295797348022, "max": 0.8307585716247559, "mean": 0.829594075679779, "dir": "snapshots/random_hybrid_3d/0424/101/1"}, "miou": {"min": 0.624821126461029, "max": 0.6290463209152222, "mean": 0.6269337236881256, "dir": "snapshots/random_hybrid_3d/0424/101/0"}, "accuracy": {"min": 0.9363873600959778, "max": 0.937879204750061, "mean": 0.9371332824230194, "dir": "snapshots/random_hybrid_3d/0424/101/1"}, "n_params": {"min": 15556033, "max": 15557601, "mean": 15556817.0, "dir": "snapshots/random_hybrid_3d/0424/101/1"}, "leaf": false, "n_nets": 2}