{"leaf": true, "dir": "snapshots/random_2d_ed/1210/25/1", "n_nets": 1, "name": "RandomUnet2D_25_2", "ari": [0.6443892121315002], "miou": [0.2538639008998871], "accuracy": [0.8596482872962952], "n_params": [436660], "n_iterations": 8800}