{"leaf": true, "dir": "snapshots/random_hybrid_3d/0418/46/0", "n_nets": 1, "name": "Hybrid3DCRF_46_0", "ari": [0.8312177062034607], "miou": [0.547028660774231], "accuracy": [0.9378306269645691], "n_params": [1277644], "n_iterations": 5520}