{"ari": {"min": -0.001921514980494976, "max": 0.8190858364105225, "mean": 0.40858216071501374, "dir": "snapshots/random_hybrid_3d/0416/162/0"}, "miou": {"min": 0.0674581527709961, "max": 0.42087143659591675, "mean": 0.24416479468345642, "dir": "snapshots/random_hybrid_3d/0416/162/0"}, "accuracy": {"min": 0.4640143811702728, "max": 0.9342063069343567, "mean": 0.6991103440523148, "dir": "snapshots/random_hybrid_3d/0416/162/0"}, "n_params": {"min": 171444, "max": 171696, "mean": 171570.0, "dir": "snapshots/random_hybrid_3d/0416/162/1"}, "leaf": false, "n_nets": 2}