{"ari": {"min": 0.830808699131012, "max": 0.8317193984985352, "mean": 0.8312640488147736, "dir": "snapshots/random_hybrid_3d/0418/7/1"}, "miou": {"min": 0.6233420968055725, "max": 0.6234386563301086, "mean": 0.6233903765678406, "dir": "snapshots/random_hybrid_3d/0418/7/1"}, "accuracy": {"min": 0.9381284117698669, "max": 0.9384006261825562, "mean": 0.9382645189762115, "dir": "snapshots/random_hybrid_3d/0418/7/1"}, "n_params": {"min": 20217987, "max": 20217987, "mean": 20217987.0, "dir": "snapshots/random_hybrid_3d/0418/7/0"}, "leaf": false, "n_nets": 2}