{"ari": {"min": 0.40559104084968567, "max": 0.43781137466430664, "mean": 0.42170120775699615, "dir": "snapshots/random_2d_ed_dense/0410/137/1"}, "miou": {"min": 0.03213530406355858, "max": 0.20051929354667664, "mean": 0.11632729880511761, "dir": "snapshots/random_2d_ed_dense/0410/137/1"}, "accuracy": {"min": 0.11183714866638184, "max": 0.7764716148376465, "mean": 0.44415438175201416, "dir": "snapshots/random_2d_ed_dense/0410/137/1"}, "n_params": {"min": 954843, "max": 954843, "mean": 954843.0, "dir": "snapshots/random_2d_ed_dense/0410/137/1"}, "leaf": false, "n_nets": 2}