{"leaf": true, "dir": "snapshots/random_hybrid_3d/0424/46/1", "n_nets": 1, "name": "Hybrid3DCRF_46_1", "ari": [0.8302605748176575], "miou": [0.6254749894142151], "accuracy": [0.9373384714126587], "n_params": [877663], "n_iterations": 55200}