{"ari": {"min": 0.8262934684753418, "max": 0.8269110918045044, "mean": 0.8266157805919647, "dir": "snapshots/hybrid_3d_crf/0404/11/0"}, "miou": {"min": 0.6316445469856262, "max": 0.6354842782020569, "mean": 0.6327750533819199, "dir": "snapshots/hybrid_3d_crf/0404/11/1"}, "accuracy": {"min": 0.9357650279998779, "max": 0.936014711856842, "mean": 0.9359067380428314, "dir": "snapshots/hybrid_3d_crf/0404/11/1"}, "n_params": {"min": 1743930, "max": 1743930, "mean": 1743930.0, "dir": "snapshots/hybrid_3d_crf/0404/11/1"}, "leaf": false, "n_nets": 4}