{"ari": {"min": 0.07563523948192596, "max": 0.5495352149009705, "mean": 0.3125852271914482, "dir": "snapshots/random_2d_ed_dense/0503/225/1"}, "miou": {"min": 0.0996515154838562, "max": 0.25923293828964233, "mean": 0.17944222688674927, "dir": "snapshots/random_2d_ed_dense/0503/225/1"}, "accuracy": {"min": 0.4432331323623657, "max": 0.8421011567115784, "mean": 0.642667144536972, "dir": "snapshots/random_2d_ed_dense/0503/225/1"}, "n_params": {"min": 7758959, "max": 7758959, "mean": 7758959.0, "dir": "snapshots/random_2d_ed_dense/0503/225/0"}, "leaf": false, "n_nets": 2}