{"leaf": true, "dir": "snapshots/random_hybrid_3d/0424/200/0", "n_nets": 1, "name": "Hybrid3DCRF_200_0", "ari": [0.8281778693199158], "miou": [0.5394796133041382], "accuracy": [0.9363685846328735], "n_params": [5435005], "n_iterations": 55200}