{"ari": {"min": 0.8288246393203735, "max": 0.8300911784172058, "mean": 0.8294579088687897, "dir": "snapshots/random_hybrid_3d/0424/142/1"}, "miou": {"min": 0.6195574998855591, "max": 0.6219097971916199, "mean": 0.6207336485385895, "dir": "snapshots/random_hybrid_3d/0424/142/1"}, "accuracy": {"min": 0.9369402527809143, "max": 0.9373475313186646, "mean": 0.9371438920497894, "dir": "snapshots/random_hybrid_3d/0424/142/1"}, "n_params": {"min": 772784, "max": 773043, "mean": 772913.5, "dir": "snapshots/random_hybrid_3d/0424/142/0"}, "leaf": false, "n_nets": 2}