{"leaf": true, "dir": "snapshots/random_hybrid_3d/0424/224/0", "n_nets": 1, "name": "Hybrid3DCRF_224_0", "ari": [0.8194395303726196], "miou": [0.5503213405609131], "accuracy": [0.9312043190002441], "n_params": [150173], "n_iterations": 55200}