{"ari": {"min": 0.8277410864830017, "max": 0.8302242755889893, "mean": 0.8289826810359955, "dir": "snapshots/random_hybrid_3d/0424/135/0"}, "miou": {"min": 0.6138485670089722, "max": 0.6193069815635681, "mean": 0.6165777742862701, "dir": "snapshots/random_hybrid_3d/0424/135/1"}, "accuracy": {"min": 0.9362125396728516, "max": 0.9374573826789856, "mean": 0.9368349611759186, "dir": "snapshots/random_hybrid_3d/0424/135/0"}, "n_params": {"min": 1347435, "max": 1348191, "mean": 1347813.0, "dir": "snapshots/random_hybrid_3d/0424/135/0"}, "leaf": false, "n_nets": 2}