{"ari": {"min": 0.6961802840232849, "max": 0.8016552329063416, "mean": 0.7548240423202515, "dir": "snapshots/random_2d_ed/1216/85/1"}, "miou": {"min": 0.26452600955963135, "max": 0.4871099889278412, "mean": 0.39418959617614746, "dir": "snapshots/random_2d_ed/1216/85/1"}, "accuracy": {"min": 0.8658422827720642, "max": 0.911907970905304, "mean": 0.8927662372589111, "dir": "snapshots/random_2d_ed/1216/85/1"}, "n_params": {"min": 8768049, "max": 8768049, "mean": 8768049.0, "dir": "snapshots/random_2d_ed/1216/85/0"}, "leaf": false, "n_nets": 5}