{"leaf": true, "dir": "snapshots/random_hybrid_3d/0416/191/1", "n_nets": 1, "name": "Hybrid3DCRF_191_0", "ari": [0.499350905418396], "miou": [0.22313225269317627], "accuracy": [0.8308119177818298], "n_params": [2583947], "n_iterations": 368}