{"ari": {"min": 0.8182657957077026, "max": 0.8182657957077026, "mean": 0.8182657957077026, "dir": "snapshots/random_hybrid_3d/0424/37/0"}, "miou": {"min": 0.47484514117240906, "max": 0.47484514117240906, "mean": 0.47484514117240906, "dir": "snapshots/random_hybrid_3d/0424/37/0"}, "accuracy": {"min": 0.9309056401252747, "max": 0.9309056401252747, "mean": 0.9309056401252747, "dir": "snapshots/random_hybrid_3d/0424/37/0"}, "n_params": {"min": 67559, "max": 67559, "mean": 67559.0, "dir": "snapshots/random_hybrid_3d/0424/37/0"}, "leaf": false, "n_nets": 1}