{"ari": {"min": 0.07432276755571365, "max": 0.8176807165145874, "mean": 0.44600174203515053, "dir": "snapshots/random_hybrid_3d/0424/37/0"}, "miou": {"min": 0.1288432478904724, "max": 0.4748862683773041, "mean": 0.30186475813388824, "dir": "snapshots/random_hybrid_3d/0424/37/0"}, "accuracy": {"min": 0.6252682209014893, "max": 0.9307312965393066, "mean": 0.777999758720398, "dir": "snapshots/random_hybrid_3d/0424/37/0"}, "n_params": {"min": 67559, "max": 67559, "mean": 67559.0, "dir": "snapshots/random_hybrid_3d/0424/37/0"}, "leaf": false, "n_nets": 2}