{"ari": {"min": 0.8180833458900452, "max": 0.8180833458900452, "mean": 0.8180833458900452, "dir": "snapshots/random_hybrid_3d/0424/37/0"}, "miou": {"min": 0.4746534526348114, "max": 0.4746534526348114, "mean": 0.4746534526348114, "dir": "snapshots/random_hybrid_3d/0424/37/0"}, "accuracy": {"min": 0.9308271408081055, "max": 0.9308271408081055, "mean": 0.9308271408081055, "dir": "snapshots/random_hybrid_3d/0424/37/0"}, "n_params": {"min": 67559, "max": 67559, "mean": 67559.0, "dir": "snapshots/random_hybrid_3d/0424/37/0"}, "leaf": false, "n_nets": 1}