{"ari": {"min": 0.8261353969573975, "max": 0.8396998047828674, "mean": 0.8329176008701324, "dir": "snapshots/random_hybrid_3d/0416/53/1"}, "miou": {"min": 0.43104609847068787, "max": 0.514606773853302, "mean": 0.47282643616199493, "dir": "snapshots/random_hybrid_3d/0416/53/1"}, "accuracy": {"min": 0.9364031553268433, "max": 0.9428862929344177, "mean": 0.9396447241306305, "dir": "snapshots/random_hybrid_3d/0416/53/1"}, "n_params": {"min": 1860292, "max": 1861069, "mean": 1860680.5, "dir": "snapshots/random_hybrid_3d/0416/53/1"}, "leaf": false, "n_nets": 2}