{"ari": {"min": -6.765410968397707e-18, "max": 0.7732557654380798, "mean": 0.3866278827190399, "dir": "snapshots/random_hybrid_3d/0416/32/1"}, "miou": {"min": 0.06590643525123596, "max": 0.31925758719444275, "mean": 0.19258201122283936, "dir": "snapshots/random_hybrid_3d/0416/32/1"}, "accuracy": {"min": 0.46134504675865173, "max": 0.9119526147842407, "mean": 0.6866488307714462, "dir": "snapshots/random_hybrid_3d/0416/32/1"}, "n_params": {"min": 106353, "max": 106815, "mean": 106584.0, "dir": "snapshots/random_hybrid_3d/0416/32/0"}, "leaf": false, "n_nets": 2}