{"ari": {"min": 0.8275359272956848, "max": 0.8279606699943542, "mean": 0.8277022391557693, "dir": "snapshots/hybrid_3d_crf/0404/7/1"}, "miou": {"min": 0.6316770911216736, "max": 0.6358048319816589, "mean": 0.6341677606105804, "dir": "snapshots/hybrid_3d_crf/0404/7/3"}, "accuracy": {"min": 0.9361883997917175, "max": 0.9364569783210754, "mean": 0.9363177120685577, "dir": "snapshots/hybrid_3d_crf/0404/7/1"}, "n_params": {"min": 1743930, "max": 1743930, "mean": 1743930.0, "dir": "snapshots/hybrid_3d_crf/0404/7/0"}, "leaf": false, "n_nets": 4}