{"ari": {"min": 0.793266236782074, "max": 0.8299898505210876, "mean": 0.8116280436515808, "dir": "snapshots/random_hybrid_3d/0424/75/1"}, "miou": {"min": 0.44779592752456665, "max": 0.5450112819671631, "mean": 0.49640360474586487, "dir": "snapshots/random_hybrid_3d/0424/75/1"}, "accuracy": {"min": 0.9206757545471191, "max": 0.937313973903656, "mean": 0.9289948642253876, "dir": "snapshots/random_hybrid_3d/0424/75/1"}, "n_params": {"min": 506714, "max": 506714, "mean": 506714.0, "dir": "snapshots/random_hybrid_3d/0424/75/0"}, "leaf": false, "n_nets": 2}