{"ari": {"min": -0.0020535546354949474, "max": 0.7077487707138062, "mean": 0.3528476080391556, "dir": "snapshots/random_hybrid_3d/0416/229/1"}, "miou": {"min": 0.0699121356010437, "max": 0.2703879177570343, "mean": 0.170150026679039, "dir": "snapshots/random_hybrid_3d/0416/229/1"}, "accuracy": {"min": 0.45579561591148376, "max": 0.8900306224822998, "mean": 0.6729131191968918, "dir": "snapshots/random_hybrid_3d/0416/229/1"}, "n_params": {"min": 273583, "max": 273842, "mean": 273712.5, "dir": "snapshots/random_hybrid_3d/0416/229/1"}, "leaf": false, "n_nets": 2}