{"leaf": true, "dir": "snapshots/random_hybrid_3d/0416/112/1", "n_nets": 1, "name": "Hybrid3DCRF_112_0", "ari": [0.8421117067337036], "miou": [0.565183699131012], "accuracy": [0.9438299536705017], "n_params": [274772], "n_iterations": 368}