{"ari": {"min": 0.8296502232551575, "max": 0.8307836651802063, "mean": 0.8302169442176819, "dir": "snapshots/random_hybrid_3d/0424/173/0"}, "miou": {"min": 0.6162323355674744, "max": 0.6209587454795837, "mean": 0.618595540523529, "dir": "snapshots/random_hybrid_3d/0424/173/0"}, "accuracy": {"min": 0.937223494052887, "max": 0.9377927780151367, "mean": 0.9375081360340118, "dir": "snapshots/random_hybrid_3d/0424/173/0"}, "n_params": {"min": 9168881, "max": 9170589, "mean": 9169735.0, "dir": "snapshots/random_hybrid_3d/0424/173/1"}, "leaf": false, "n_nets": 2}