{"ari": {"min": 0.8271081447601318, "max": 0.8294486403465271, "mean": 0.8282783925533295, "dir": "snapshots/random_hybrid_3d/0424/24/1"}, "miou": {"min": 0.5422088503837585, "max": 0.6216500997543335, "mean": 0.581929475069046, "dir": "snapshots/random_hybrid_3d/0424/24/1"}, "accuracy": {"min": 0.9363787770271301, "max": 0.9370028376579285, "mean": 0.9366908073425293, "dir": "snapshots/random_hybrid_3d/0424/24/1"}, "n_params": {"min": 8620055, "max": 8620055, "mean": 8620055.0, "dir": "snapshots/random_hybrid_3d/0424/24/0"}, "leaf": false, "n_nets": 2}