{"ari": {"min": 0.8271081447601318, "max": 0.8292445540428162, "mean": 0.828176349401474, "dir": "snapshots/random_hybrid_3d/0424/24/1"}, "miou": {"min": 0.5422088503837585, "max": 0.6206663846969604, "mean": 0.5814376175403595, "dir": "snapshots/random_hybrid_3d/0424/24/1"}, "accuracy": {"min": 0.9363787770271301, "max": 0.9371837973594666, "mean": 0.9367812871932983, "dir": "snapshots/random_hybrid_3d/0424/24/1"}, "n_params": {"min": 8620055, "max": 8620055, "mean": 8620055.0, "dir": "snapshots/random_hybrid_3d/0424/24/0"}, "leaf": false, "n_nets": 2}