{"ari": {"min": 0.8277152180671692, "max": 0.8293421268463135, "mean": 0.8285286724567413, "dir": "snapshots/random_hybrid_3d/0424/24/1"}, "miou": {"min": 0.5398604869842529, "max": 0.6179724931716919, "mean": 0.5789164900779724, "dir": "snapshots/random_hybrid_3d/0424/24/1"}, "accuracy": {"min": 0.9363895058631897, "max": 0.9371094107627869, "mean": 0.9367494583129883, "dir": "snapshots/random_hybrid_3d/0424/24/1"}, "n_params": {"min": 8620055, "max": 8620055, "mean": 8620055.0, "dir": "snapshots/random_hybrid_3d/0424/24/0"}, "leaf": false, "n_nets": 2}