{"ari": {"min": 0.8279356956481934, "max": 0.829288125038147, "mean": 0.8286119103431702, "dir": "snapshots/random_hybrid_3d/0424/294/0"}, "miou": {"min": 0.6194387078285217, "max": 0.6246784925460815, "mean": 0.6220586001873016, "dir": "snapshots/random_hybrid_3d/0424/294/0"}, "accuracy": {"min": 0.9366241693496704, "max": 0.9369809627532959, "mean": 0.9368025660514832, "dir": "snapshots/random_hybrid_3d/0424/294/0"}, "n_params": {"min": 2790378, "max": 2790378, "mean": 2790378.0, "dir": "snapshots/random_hybrid_3d/0424/294/0"}, "leaf": false, "n_nets": 2}