{"leaf": true, "dir": "snapshots/random_2d_ed/1216/29/2", "n_nets": 1, "name": "RandomUnet2D_29_2", "ari": [0.7775183320045471], "miou": [0.3339872658252716], "accuracy": [0.8991581201553345], "n_params": [6396968], "n_iterations": 96120}