{"leaf": true, "dir": "snapshots/hybrid_3d_crf/0404/9/2", "n_nets": 1, "name": "Hybrid3DCRF_9_3", "ari": [0.8272668719291687], "miou": [0.6323871612548828], "accuracy": [0.9362452626228333], "n_params": [1743930], "n_iterations": 44160}