{"ari": {"min": 0.640845775604248, "max": 0.7619251012802124, "mean": 0.6937373638153076, "dir": "snapshots/random_2d_ed/1210/6/0"}, "miou": {"min": 0.26698222756385803, "max": 0.45152807235717773, "mean": 0.3380186319351196, "dir": "snapshots/random_2d_ed/1210/6/0"}, "accuracy": {"min": 0.8620686531066895, "max": 0.9204564690589905, "mean": 0.8894742727279663, "dir": "snapshots/random_2d_ed/1210/6/0"}, "n_params": {"min": 183377231, "max": 183377231, "mean": 183377231.0, "dir": "snapshots/random_2d_ed/1210/6/0"}, "leaf": false, "n_nets": 5}