{"ari": {"min": 0.7414695620536804, "max": 0.8406651616096497, "mean": 0.791067361831665, "dir": "snapshots/random_hybrid_3d/0416/5/0"}, "miou": {"min": 0.27778902649879456, "max": 0.5027833580970764, "mean": 0.3902861922979355, "dir": "snapshots/random_hybrid_3d/0416/5/0"}, "accuracy": {"min": 0.9053962826728821, "max": 0.941250205039978, "mean": 0.92332324385643, "dir": "snapshots/random_hybrid_3d/0416/5/0"}, "n_params": {"min": 7627464, "max": 7627464, "mean": 7627464.0, "dir": "snapshots/random_hybrid_3d/0416/5/1"}, "leaf": false, "n_nets": 2}