{"leaf": true, "dir": "snapshots/random_hybrid_3d/0416/142/0", "n_nets": 1, "name": "Hybrid3DCRF_142_0", "ari": [0.8248438239097595], "miou": [0.4626309275627136], "accuracy": [0.9341320395469666], "n_params": [4001823], "n_iterations": 368}