{"leaf": true, "dir": "snapshots/random_2d_ed/1216/36/3", "n_nets": 1, "name": "RandomUnet2D_36_3", "ari": [0.7425292134284973], "miou": [0.26951155066490173], "accuracy": [0.8805375099182129], "n_params": [6426283], "n_iterations": 15664}