{"ari": {"min": 0.8291079998016357, "max": 0.8307428956031799, "mean": 0.8299254477024078, "dir": "snapshots/random_hybrid_3d/0424/121/1"}, "miou": {"min": 0.6194291710853577, "max": 0.6281540989875793, "mean": 0.6237916350364685, "dir": "snapshots/random_hybrid_3d/0424/121/0"}, "accuracy": {"min": 0.9371463656425476, "max": 0.9376106858253479, "mean": 0.9373785257339478, "dir": "snapshots/random_hybrid_3d/0424/121/1"}, "n_params": {"min": 122501, "max": 123145, "mean": 122823.0, "dir": "snapshots/random_hybrid_3d/0424/121/1"}, "leaf": false, "n_nets": 2}