{"ari": {"min": 0.8292629718780518, "max": 0.8304802775382996, "mean": 0.8298716247081757, "dir": "snapshots/random_hybrid_3d/0424/121/1"}, "miou": {"min": 0.6176592707633972, "max": 0.6272788643836975, "mean": 0.6224690675735474, "dir": "snapshots/random_hybrid_3d/0424/121/0"}, "accuracy": {"min": 0.9371765851974487, "max": 0.9373509287834167, "mean": 0.9372637569904327, "dir": "snapshots/random_hybrid_3d/0424/121/1"}, "n_params": {"min": 122501, "max": 123145, "mean": 122823.0, "dir": "snapshots/random_hybrid_3d/0424/121/1"}, "leaf": false, "n_nets": 2}