{"ari": {"min": 0.8284667134284973, "max": 0.8288849592208862, "mean": 0.8286758363246918, "dir": "snapshots/random_hybrid_3d/0416/225/0"}, "miou": {"min": 0.42035236954689026, "max": 0.43453696370124817, "mean": 0.4274446666240692, "dir": "snapshots/random_hybrid_3d/0416/225/1"}, "accuracy": {"min": 0.9342538118362427, "max": 0.935319185256958, "mean": 0.9347864985466003, "dir": "snapshots/random_hybrid_3d/0416/225/1"}, "n_params": {"min": 3265630, "max": 3266659, "mean": 3266144.5, "dir": "snapshots/random_hybrid_3d/0416/225/1"}, "leaf": false, "n_nets": 2}