{"ari": {"min": 0.8280332088470459, "max": 0.8285434246063232, "mean": 0.8282883167266846, "dir": "snapshots/random_hybrid_3d/0424/238/0"}, "miou": {"min": 0.6183742880821228, "max": 0.6231288313865662, "mean": 0.6207515597343445, "dir": "snapshots/random_hybrid_3d/0424/238/0"}, "accuracy": {"min": 0.9365689158439636, "max": 0.9366958737373352, "mean": 0.9366323947906494, "dir": "snapshots/random_hybrid_3d/0424/238/0"}, "n_params": {"min": 3369412, "max": 3370182, "mean": 3369797.0, "dir": "snapshots/random_hybrid_3d/0424/238/0"}, "leaf": false, "n_nets": 2}