{"ari": {"min": 0.8185743689537048, "max": 0.8293011784553528, "mean": 0.8239377737045288, "dir": "snapshots/random_hybrid_3d/0424/195/0"}, "miou": {"min": 0.5392895340919495, "max": 0.5448627471923828, "mean": 0.5420761406421661, "dir": "snapshots/random_hybrid_3d/0424/195/0"}, "accuracy": {"min": 0.9307873845100403, "max": 0.9368440508842468, "mean": 0.9338157176971436, "dir": "snapshots/random_hybrid_3d/0424/195/0"}, "n_params": {"min": 4451074, "max": 4451760, "mean": 4451417.0, "dir": "snapshots/random_hybrid_3d/0424/195/1"}, "leaf": false, "n_nets": 2}