{"ari": {"min": 0.8312177062034607, "max": 0.8312177062034607, "mean": 0.8312177062034607, "dir": "snapshots/random_hybrid_3d/0418/46/0"}, "miou": {"min": 0.547028660774231, "max": 0.547028660774231, "mean": 0.547028660774231, "dir": "snapshots/random_hybrid_3d/0418/46/0"}, "accuracy": {"min": 0.9378306269645691, "max": 0.9378306269645691, "mean": 0.9378306269645691, "dir": "snapshots/random_hybrid_3d/0418/46/0"}, "n_params": {"min": 1277644, "max": 1277644, "mean": 1277644.0, "dir": "snapshots/random_hybrid_3d/0418/46/0"}, "leaf": false, "n_nets": 1}