{"ari": {"min": 0.8303495049476624, "max": 0.8303495049476624, "mean": 0.8303495049476624, "dir": "snapshots/random_hybrid_3d/0418/46/0"}, "miou": {"min": 0.624373733997345, "max": 0.624373733997345, "mean": 0.624373733997345, "dir": "snapshots/random_hybrid_3d/0418/46/0"}, "accuracy": {"min": 0.9376184940338135, "max": 0.9376184940338135, "mean": 0.9376184940338135, "dir": "snapshots/random_hybrid_3d/0418/46/0"}, "n_params": {"min": 1277644, "max": 1277644, "mean": 1277644.0, "dir": "snapshots/random_hybrid_3d/0418/46/0"}, "leaf": false, "n_nets": 1}