{"leaf": true, "dir": "snapshots/random_2d_ed/1216/60/4", "n_nets": 1, "name": "RandomUnet2D_60_3", "ari": [0.7213150858879089], "miou": [0.39578622579574585], "accuracy": [0.867445707321167], "n_params": [585512], "n_iterations": 42720}