{"ari": {"min": 0.6395560503005981, "max": 0.6922919750213623, "mean": 0.6619204998016357, "dir": "snapshots/random_2d_ed/1210/98/0"}, "miou": {"min": 0.2358158975839615, "max": 0.31534916162490845, "mean": 0.2625869572162628, "dir": "snapshots/random_2d_ed/1210/98/0"}, "accuracy": {"min": 0.8616682291030884, "max": 0.8722503185272217, "mean": 0.8658793091773986, "dir": "snapshots/random_2d_ed/1210/98/4"}, "n_params": {"min": 285935, "max": 285935, "mean": 285935.0, "dir": "snapshots/random_2d_ed/1210/98/0"}, "leaf": false, "n_nets": 5}