{"ari": {"min": 0.6919890642166138, "max": 0.6919890642166138, "mean": 0.6919890642166138, "dir": "snapshots/random_2d_ed_dense/0503/236/1"}, "miou": {"min": 0.2813788056373596, "max": 0.2813788056373596, "mean": 0.2813788056373596, "dir": "snapshots/random_2d_ed_dense/0503/236/1"}, "accuracy": {"min": 0.8868743777275085, "max": 0.8868743777275085, "mean": 0.8868743777275085, "dir": "snapshots/random_2d_ed_dense/0503/236/1"}, "n_params": {"min": 11115788, "max": 11115788, "mean": 11115788.0, "dir": "snapshots/random_2d_ed_dense/0503/236/1"}, "leaf": false, "n_nets": 1}