{"ari": {"min": 0.7145171761512756, "max": 0.7838912010192871, "mean": 0.7611896991729736, "dir": "snapshots/random_2d_ed/1210/8/0"}, "miou": {"min": 0.352359801530838, "max": 0.5500374436378479, "mean": 0.41502776741981506, "dir": "snapshots/random_2d_ed/1210/8/0"}, "accuracy": {"min": 0.8754205703735352, "max": 0.9126924872398376, "mean": 0.897278106212616, "dir": "snapshots/random_2d_ed/1210/8/0"}, "n_params": {"min": 8785339, "max": 8785339, "mean": 8785339.0, "dir": "snapshots/random_2d_ed/1210/8/0"}, "leaf": false, "n_nets": 5}