{"ari": {"min": 0.8167101740837097, "max": 0.8277466893196106, "mean": 0.8222284317016602, "dir": "snapshots/random_hybrid_3d/0424/157/1"}, "miou": {"min": 0.46848437190055847, "max": 0.610273540019989, "mean": 0.5393789559602737, "dir": "snapshots/random_hybrid_3d/0424/157/1"}, "accuracy": {"min": 0.9306919574737549, "max": 0.936867356300354, "mean": 0.9337796568870544, "dir": "snapshots/random_hybrid_3d/0424/157/1"}, "n_params": {"min": 11184249, "max": 11185355, "mean": 11184802.0, "dir": "snapshots/random_hybrid_3d/0424/157/0"}, "leaf": false, "n_nets": 2}