{"ari": {"min": 0.680176317691803, "max": 0.8043282628059387, "mean": 0.7517031908035279, "dir": "snapshots/random_2d_ed/1216/4/2"}, "miou": {"min": 0.2751602828502655, "max": 0.4982514977455139, "mean": 0.3888871431350708, "dir": "snapshots/random_2d_ed/1216/4/0"}, "accuracy": {"min": 0.8721115589141846, "max": 0.9205232858657837, "mean": 0.8973693490028382, "dir": "snapshots/random_2d_ed/1216/4/2"}, "n_params": {"min": 5435039, "max": 5435039, "mean": 5435039.0, "dir": "snapshots/random_2d_ed/1216/4/2"}, "leaf": false, "n_nets": 5}