{"ari": {"min": 0.8282619118690491, "max": 0.829715371131897, "mean": 0.828988641500473, "dir": "snapshots/random_hybrid_3d/0424/98/0"}, "miou": {"min": 0.6226636171340942, "max": 0.6301290392875671, "mean": 0.6263963282108307, "dir": "snapshots/random_hybrid_3d/0424/98/0"}, "accuracy": {"min": 0.9366406798362732, "max": 0.9371799230575562, "mean": 0.9369103014469147, "dir": "snapshots/random_hybrid_3d/0424/98/0"}, "n_params": {"min": 5295673, "max": 5295673, "mean": 5295673.0, "dir": "snapshots/random_hybrid_3d/0424/98/0"}, "leaf": false, "n_nets": 2}