{"ari": {"min": 0.7964237928390503, "max": 0.835868775844574, "mean": 0.8161462843418121, "dir": "snapshots/random_hybrid_3d/0416/187/0"}, "miou": {"min": 0.37004923820495605, "max": 0.4572773575782776, "mean": 0.4136632978916168, "dir": "snapshots/random_hybrid_3d/0416/187/0"}, "accuracy": {"min": 0.9245671033859253, "max": 0.9377822279930115, "mean": 0.9311746656894684, "dir": "snapshots/random_hybrid_3d/0416/187/0"}, "n_params": {"min": 4555392, "max": 4555392, "mean": 4555392.0, "dir": "snapshots/random_hybrid_3d/0416/187/0"}, "leaf": false, "n_nets": 2}