{"ari": {"min": 0.6834850311279297, "max": 0.7136340141296387, "mean": 0.6985595226287842, "dir": "snapshots/random_2d_ed_dense/0410/36/1"}, "miou": {"min": 0.28703853487968445, "max": 0.33180660009384155, "mean": 0.309422567486763, "dir": "snapshots/random_2d_ed_dense/0410/36/1"}, "accuracy": {"min": 0.8750314712524414, "max": 0.8770237565040588, "mean": 0.8760276138782501, "dir": "snapshots/random_2d_ed_dense/0410/36/0"}, "n_params": {"min": 115247, "max": 115247, "mean": 115247.0, "dir": "snapshots/random_2d_ed_dense/0410/36/0"}, "leaf": false, "n_nets": 2}