{"leaf": true, "dir": "snapshots/random_2d_ed/1210/87/3", "n_nets": 1, "name": "RandomUnet2D_87_0", "ari": [0.7042543888092041], "miou": [0.26472097635269165], "accuracy": [0.8872105479240417], "n_params": [81117998], "n_iterations": 13750}