{"ari": {"min": 0.841513991355896, "max": 0.8430047631263733, "mean": 0.8422593772411346, "dir": "snapshots/random_hybrid_3d/0416/177/1"}, "miou": {"min": 0.5153049230575562, "max": 0.5644374489784241, "mean": 0.5398711860179901, "dir": "snapshots/random_hybrid_3d/0416/177/1"}, "accuracy": {"min": 0.9425697922706604, "max": 0.9432815909385681, "mean": 0.9429256916046143, "dir": "snapshots/random_hybrid_3d/0416/177/1"}, "n_params": {"min": 624901, "max": 625048, "mean": 624974.5, "dir": "snapshots/random_hybrid_3d/0416/177/0"}, "leaf": false, "n_nets": 2}