{"ari": {"min": 1.297734002037032e-06, "max": 0.2017885446548462, "mean": 0.10089492119442411, "dir": "snapshots/random_2d_ed_dense/0410/47/1"}, "miou": {"min": 0.03895283490419388, "max": 0.06663040816783905, "mean": 0.052791621536016464, "dir": "snapshots/random_2d_ed_dense/0410/47/0"}, "accuracy": {"min": 0.23423166573047638, "max": 0.4664028584957123, "mean": 0.35031726211309433, "dir": "snapshots/random_2d_ed_dense/0410/47/0"}, "n_params": {"min": 7840065, "max": 7840065, "mean": 7840065.0, "dir": "snapshots/random_2d_ed_dense/0410/47/0"}, "leaf": false, "n_nets": 2}