{"leaf": true, "dir": "snapshots/random_2d_ed/1216/42/2", "n_nets": 1, "name": "RandomUnet2D_42_2", "ari": [0.7093013525009155], "miou": [0.29471445083618164], "accuracy": [0.8892857432365417], "n_params": [4018424], "n_iterations": 47971}