{"ari": {"min": 0.8289094567298889, "max": 0.8292480707168579, "mean": 0.8290787637233734, "dir": "snapshots/random_hybrid_3d/0424/181/1"}, "miou": {"min": 0.6188368797302246, "max": 0.6189886927604675, "mean": 0.6189127862453461, "dir": "snapshots/random_hybrid_3d/0424/181/1"}, "accuracy": {"min": 0.9365003108978271, "max": 0.9369610548019409, "mean": 0.936730682849884, "dir": "snapshots/random_hybrid_3d/0424/181/1"}, "n_params": {"min": 6878924, "max": 6878924, "mean": 6878924.0, "dir": "snapshots/random_hybrid_3d/0424/181/0"}, "leaf": false, "n_nets": 2}