{"ari": {"min": 0.6368218064308167, "max": 0.726708710193634, "mean": 0.6702319979667664, "dir": "snapshots/random_2d_ed/1216/8/4"}, "miou": {"min": 0.22227872908115387, "max": 0.4007233679294586, "mean": 0.2666441470384598, "dir": "snapshots/random_2d_ed/1216/8/4"}, "accuracy": {"min": 0.8610537648200989, "max": 0.8923600912094116, "mean": 0.8706557393074036, "dir": "snapshots/random_2d_ed/1216/8/4"}, "n_params": {"min": 3804672, "max": 3804672, "mean": 3804672.0, "dir": "snapshots/random_2d_ed/1216/8/1"}, "leaf": false, "n_nets": 5}