{"ari": {"min": 0.8209023475646973, "max": 0.8420746922492981, "mean": 0.8314885199069977, "dir": "snapshots/random_hybrid_3d/0416/64/1"}, "miou": {"min": 0.3520298898220062, "max": 0.5728365778923035, "mean": 0.46243323385715485, "dir": "snapshots/random_hybrid_3d/0416/64/1"}, "accuracy": {"min": 0.9235779047012329, "max": 0.9425926208496094, "mean": 0.9330852627754211, "dir": "snapshots/random_hybrid_3d/0416/64/1"}, "n_params": {"min": 146307, "max": 146454, "mean": 146380.5, "dir": "snapshots/random_hybrid_3d/0416/64/1"}, "leaf": false, "n_nets": 2}