{"ari": {"min": 0.8416138291358948, "max": 0.8431615829467773, "mean": 0.8423877060413361, "dir": "snapshots/random_hybrid_3d/0416/104/0"}, "miou": {"min": 0.5088675618171692, "max": 0.5710209608078003, "mean": 0.5399442613124847, "dir": "snapshots/random_hybrid_3d/0416/104/1"}, "accuracy": {"min": 0.9429240226745605, "max": 0.9430418014526367, "mean": 0.9429829120635986, "dir": "snapshots/random_hybrid_3d/0416/104/0"}, "n_params": {"min": 1400126, "max": 1401778, "mean": 1400952.0, "dir": "snapshots/random_hybrid_3d/0416/104/0"}, "leaf": false, "n_nets": 2}