{"leaf": true, "dir": "snapshots/random_hybrid_3d/0424/287/1", "n_nets": 1, "name": "Hybrid3DCRF_287_0", "ari": [0.7902510762214661], "miou": [0.39492300152778625], "accuracy": [0.9193040728569031], "n_params": [325330], "n_iterations": 3680}