{"ari": {"min": 0.4621261656284332, "max": 0.8400180339813232, "mean": 0.6510720998048782, "dir": "snapshots/random_hybrid_3d/0416/266/0"}, "miou": {"min": 0.21062776446342468, "max": 0.5093303918838501, "mean": 0.3599790781736374, "dir": "snapshots/random_hybrid_3d/0416/266/0"}, "accuracy": {"min": 0.8195829391479492, "max": 0.9424169063568115, "mean": 0.8809999227523804, "dir": "snapshots/random_hybrid_3d/0416/266/0"}, "n_params": {"min": 7108208, "max": 7109209, "mean": 7108708.5, "dir": "snapshots/random_hybrid_3d/0416/266/1"}, "leaf": false, "n_nets": 2}