{"ari": {"min": 0.7950655817985535, "max": 0.8297721147537231, "mean": 0.8124188482761383, "dir": "snapshots/random_hybrid_3d/0424/81/0"}, "miou": {"min": 0.4716557562351227, "max": 0.5448479056358337, "mean": 0.5082518309354782, "dir": "snapshots/random_hybrid_3d/0424/81/0"}, "accuracy": {"min": 0.9244916439056396, "max": 0.9370235800743103, "mean": 0.930757611989975, "dir": "snapshots/random_hybrid_3d/0424/81/0"}, "n_params": {"min": 96715, "max": 96715, "mean": 96715.0, "dir": "snapshots/random_hybrid_3d/0424/81/0"}, "leaf": false, "n_nets": 2}