{"ari": {"min": 0.03864159435033798, "max": 0.8408923745155334, "mean": 0.4397669844329357, "dir": "snapshots/random_hybrid_3d/0416/43/1"}, "miou": {"min": 0.16836264729499817, "max": 0.5156927108764648, "mean": 0.3420276790857315, "dir": "snapshots/random_hybrid_3d/0416/43/1"}, "accuracy": {"min": 0.5458849668502808, "max": 0.9425426125526428, "mean": 0.7442137897014618, "dir": "snapshots/random_hybrid_3d/0416/43/1"}, "n_params": {"min": 7847, "max": 7847, "mean": 7847.0, "dir": "snapshots/random_hybrid_3d/0416/43/0"}, "leaf": false, "n_nets": 2}