{"ari": {"min": 0.8308753967285156, "max": 0.843384861946106, "mean": 0.8371301293373108, "dir": "snapshots/random_hybrid_3d/0416/70/0"}, "miou": {"min": 0.4362448751926422, "max": 0.5077465176582336, "mean": 0.4719956964254379, "dir": "snapshots/random_hybrid_3d/0416/70/0"}, "accuracy": {"min": 0.936974048614502, "max": 0.9429450631141663, "mean": 0.9399595558643341, "dir": "snapshots/random_hybrid_3d/0416/70/0"}, "n_params": {"min": 1497630, "max": 1497630, "mean": 1497630.0, "dir": "snapshots/random_hybrid_3d/0416/70/1"}, "leaf": false, "n_nets": 2}