{"leaf": true, "dir": "snapshots/random_2d_ed_dense/0410/11/0", "n_nets": 1, "name": "RandomUnet2D_11_0", "ari": [0.5411744713783264], "miou": [0.22376284003257751], "accuracy": [0.7576398253440857], "n_params": [983425], "n_iterations": 8800}