{"leaf": true, "dir": "snapshots/random_2d_ed_dense/0503/54/1", "n_nets": 1, "name": "RandomUnet2D_54_0", "ari": [0.8285583257675171], "miou": [0.6273177266120911], "accuracy": [0.936843991279602], "n_params": [4935556], "n_iterations": 125000}