{"leaf": true, "dir": "snapshots/random_hybrid_3d/0424/122/1", "n_nets": 1, "name": "Hybrid3DCRF_122_1", "ari": [0.8288391828536987], "miou": [0.5693899393081665], "accuracy": [0.9370306730270386], "n_params": [3853086], "n_iterations": 20240}