{"leaf": true, "dir": "snapshots/random_hybrid_3d/0416/141/0", "n_nets": 1, "name": "Hybrid3DCRF_141_1", "ari": [0.8284311890602112], "miou": [0.436255544424057], "accuracy": [0.9364142417907715], "n_params": [6691634], "n_iterations": 368}