{"ari": {"min": 0.6335659027099609, "max": 0.732710599899292, "mean": 0.6853129744529725, "dir": "snapshots/random_2d_ed/1210/90/2"}, "miou": {"min": 0.23491573333740234, "max": 0.4064846336841583, "mean": 0.31989415884017947, "dir": "snapshots/random_2d_ed/1210/90/0"}, "accuracy": {"min": 0.8606257438659668, "max": 0.8831278681755066, "mean": 0.868818998336792, "dir": "snapshots/random_2d_ed/1210/90/2"}, "n_params": {"min": 436528, "max": 436528, "mean": 436528.0, "dir": "snapshots/random_2d_ed/1210/90/0"}, "leaf": false, "n_nets": 5}