{"ari": {"min": 0.6930039525032043, "max": 0.7298924326896667, "mean": 0.7114481925964355, "dir": "snapshots/random_2d_ed_dense/0503/234/0"}, "miou": {"min": 0.5014252066612244, "max": 0.5135129690170288, "mean": 0.5074690878391266, "dir": "snapshots/random_2d_ed_dense/0503/234/0"}, "accuracy": {"min": 0.8697184324264526, "max": 0.8810571432113647, "mean": 0.8753877878189087, "dir": "snapshots/random_2d_ed_dense/0503/234/0"}, "n_params": {"min": 481245, "max": 481245, "mean": 481245.0, "dir": "snapshots/random_2d_ed_dense/0503/234/0"}, "leaf": false, "n_nets": 2}