{"ari": {"min": 0.8291984796524048, "max": 0.8307609558105469, "mean": 0.8299797177314758, "dir": "snapshots/random_hybrid_3d/0418/39/1"}, "miou": {"min": 0.5498989224433899, "max": 0.6130863428115845, "mean": 0.5814926326274872, "dir": "snapshots/random_hybrid_3d/0418/39/0"}, "accuracy": {"min": 0.9368665814399719, "max": 0.9376553297042847, "mean": 0.9372609555721283, "dir": "snapshots/random_hybrid_3d/0418/39/1"}, "n_params": {"min": 3336097, "max": 3336097, "mean": 3336097.0, "dir": "snapshots/random_hybrid_3d/0418/39/1"}, "leaf": false, "n_nets": 2}