{"ari": {"min": 0.8294621109962463, "max": 0.8310943841934204, "mean": 0.8302782475948334, "dir": "snapshots/random_hybrid_3d/0418/39/0"}, "miou": {"min": 0.6272149682044983, "max": 0.6296266317367554, "mean": 0.6284207999706268, "dir": "snapshots/random_hybrid_3d/0418/39/1"}, "accuracy": {"min": 0.9370554089546204, "max": 0.9372631907463074, "mean": 0.9371592998504639, "dir": "snapshots/random_hybrid_3d/0418/39/0"}, "n_params": {"min": 3336097, "max": 3336097, "mean": 3336097.0, "dir": "snapshots/random_hybrid_3d/0418/39/1"}, "leaf": false, "n_nets": 2}