{"leaf": true, "dir": "snapshots/random_2d_ed/1216/66/0", "n_nets": 1, "name": "RandomUnet2D_66_0", "ari": [0.7372076511383057], "miou": [0.3644166886806488], "accuracy": [0.8759589791297913], "n_params": [383675], "n_iterations": 42720}