{"leaf": true, "dir": "snapshots/random_2d_ed/1216/22/3", "n_nets": 1, "name": "RandomUnet2D_22_3", "ari": [0.5609598159790039], "miou": [0.2027968019247055], "accuracy": [0.8496131896972656], "n_params": [17463387], "n_iterations": 17444}