{"ari": {"min": 0.8388405442237854, "max": 0.8409299254417419, "mean": 0.8398852348327637, "dir": "snapshots/random_hybrid_3d/0416/246/0"}, "miou": {"min": 0.5060437917709351, "max": 0.5749616026878357, "mean": 0.5405026972293854, "dir": "snapshots/random_hybrid_3d/0416/246/1"}, "accuracy": {"min": 0.9419966340065002, "max": 0.942478597164154, "mean": 0.9422376155853271, "dir": "snapshots/random_hybrid_3d/0416/246/1"}, "n_params": {"min": 333205, "max": 333205, "mean": 333205.0, "dir": "snapshots/random_hybrid_3d/0416/246/0"}, "leaf": false, "n_nets": 2}