{"leaf": true, "dir": "snapshots/random_2d_ed_dense/0503/261/1", "n_nets": 1, "name": "RandomUnet2D_261_1", "ari": [0.015061742626130581], "miou": [0.08574459701776505], "accuracy": [0.4831937253475189], "n_params": [4994120], "n_iterations": 13750}