{"leaf": true, "dir": "snapshots/random_2d_ed/1210/76/3", "n_nets": 1, "name": "RandomUnet2D_76_4", "ari": [0.807064414024353], "miou": [0.3942742645740509], "accuracy": [0.9193670153617859], "n_params": [59950744], "n_iterations": 5000}