{"leaf": true, "dir": "snapshots/random_2d_ed/1216/45/4", "n_nets": 1, "name": "RandomUnet2D_45_4", "ari": [0.59981369972229], "miou": [0.2806902527809143], "accuracy": [0.8727747797966003], "n_params": [10932082], "n_iterations": 56960}