{"ari": {"min": 0.5471466779708862, "max": 0.5977743864059448, "mean": 0.5718717575073242, "dir": "snapshots/random_2d_ed/1210/42/4"}, "miou": {"min": 0.23862777650356293, "max": 0.3201456665992737, "mean": 0.2792604088783264, "dir": "snapshots/random_2d_ed/1210/42/4"}, "accuracy": {"min": 0.8570675849914551, "max": 0.8816408514976501, "mean": 0.8716925859451294, "dir": "snapshots/random_2d_ed/1210/42/3"}, "n_params": {"min": 32584963, "max": 32584963, "mean": 32584963.0, "dir": "snapshots/random_2d_ed/1210/42/0"}, "leaf": false, "n_nets": 5}