{"ari": {"min": 0.5590000748634338, "max": 0.5973096489906311, "mean": 0.574149489402771, "dir": "snapshots/random_2d_ed/1210/42/4"}, "miou": {"min": 0.24024438858032227, "max": 0.3139067590236664, "mean": 0.2783359497785568, "dir": "snapshots/random_2d_ed/1210/42/4"}, "accuracy": {"min": 0.8570675849914551, "max": 0.8816408514976501, "mean": 0.8729904651641845, "dir": "snapshots/random_2d_ed/1210/42/3"}, "n_params": {"min": 32584963, "max": 32584963, "mean": 32584963.0, "dir": "snapshots/random_2d_ed/1210/42/0"}, "leaf": false, "n_nets": 5}