{"ari": {"min": 0.8294290900230408, "max": 0.8296400904655457, "mean": 0.8295345902442932, "dir": "snapshots/random_hybrid_3d/0424/97/1"}, "miou": {"min": 0.6223952174186707, "max": 0.6289443969726562, "mean": 0.6256698071956635, "dir": "snapshots/random_hybrid_3d/0424/97/1"}, "accuracy": {"min": 0.9367377758026123, "max": 0.937218964099884, "mean": 0.9369783699512482, "dir": "snapshots/random_hybrid_3d/0424/97/1"}, "n_params": {"min": 2237311, "max": 2237311, "mean": 2237311.0, "dir": "snapshots/random_hybrid_3d/0424/97/0"}, "leaf": false, "n_nets": 2}