{"ari": {"min": 0.7916244268417358, "max": 0.8023220300674438, "mean": 0.7969732284545898, "dir": "snapshots/random_hybrid_3d/0416/299/0"}, "miou": {"min": 0.38286519050598145, "max": 0.3923770785331726, "mean": 0.387621134519577, "dir": "snapshots/random_hybrid_3d/0416/299/0"}, "accuracy": {"min": 0.9248205423355103, "max": 0.927935004234314, "mean": 0.9263777732849121, "dir": "snapshots/random_hybrid_3d/0416/299/0"}, "n_params": {"min": 24441266, "max": 24441266, "mean": 24441266.0, "dir": "snapshots/random_hybrid_3d/0416/299/1"}, "leaf": false, "n_nets": 2}