{"leaf": true, "dir": "snapshots/random_hybrid_3d/0424/22/1", "n_nets": 1, "name": "Hybrid3DCRF_22_0", "ari": [0.8294880390167236], "miou": [0.6299740076065063], "accuracy": [0.9369805455207825], "n_params": [2036284], "n_iterations": 55200}