{"ari": {"min": 0.5877154469490051, "max": 0.7392329573631287, "mean": 0.6748619675636292, "dir": "snapshots/random_2d_ed/1216/93/0"}, "miou": {"min": 0.20091518759727478, "max": 0.4219774007797241, "mean": 0.32390219271183013, "dir": "snapshots/random_2d_ed/1216/93/3"}, "accuracy": {"min": 0.8335943818092346, "max": 0.879930853843689, "mean": 0.8593917608261108, "dir": "snapshots/random_2d_ed/1216/93/0"}, "n_params": {"min": 697429, "max": 697429, "mean": 697429.0, "dir": "snapshots/random_2d_ed/1216/93/0"}, "leaf": false, "n_nets": 5}