{"ari": {"min": -6.765410968397707e-18, "max": 0.8406142592430115, "mean": 0.42030712962150574, "dir": "snapshots/random_hybrid_3d/0416/148/0"}, "miou": {"min": 0.06590643525123596, "max": 0.5086561441421509, "mean": 0.2872812896966934, "dir": "snapshots/random_hybrid_3d/0416/148/0"}, "accuracy": {"min": 0.46134504675865173, "max": 0.9417621493339539, "mean": 0.7015535980463028, "dir": "snapshots/random_hybrid_3d/0416/148/0"}, "n_params": {"min": 109887, "max": 109999, "mean": 109943.0, "dir": "snapshots/random_hybrid_3d/0416/148/1"}, "leaf": false, "n_nets": 2}