{"ari": {"min": 0.0295387152582407, "max": 0.11977371573448181, "mean": 0.07465621549636126, "dir": "snapshots/random_2d_ed_dense/0503/47/0"}, "miou": {"min": 0.09756020456552505, "max": 0.10931228846311569, "mean": 0.10343624651432037, "dir": "snapshots/random_2d_ed_dense/0503/47/0"}, "accuracy": {"min": 0.41113677620887756, "max": 0.4878425896167755, "mean": 0.44948968291282654, "dir": "snapshots/random_2d_ed_dense/0503/47/0"}, "n_params": {"min": 7839976, "max": 7839976, "mean": 7839976.0, "dir": "snapshots/random_2d_ed_dense/0503/47/1"}, "leaf": false, "n_nets": 2}