{"ari": {"min": 0.8275977969169617, "max": 0.8287810683250427, "mean": 0.8281894326210022, "dir": "snapshots/random_hybrid_3d/0424/158/0"}, "miou": {"min": 0.5658475160598755, "max": 0.6203346252441406, "mean": 0.5930910706520081, "dir": "snapshots/random_hybrid_3d/0424/158/0"}, "accuracy": {"min": 0.9363402724266052, "max": 0.9365398287773132, "mean": 0.9364400506019592, "dir": "snapshots/random_hybrid_3d/0424/158/0"}, "n_params": {"min": 8295, "max": 8295, "mean": 8295.0, "dir": "snapshots/random_hybrid_3d/0424/158/0"}, "leaf": false, "n_nets": 2}