{"ari": {"min": 0.7733738422393799, "max": 0.8136425018310547, "mean": 0.7912078499794006, "dir": "snapshots/random_2d_ed/1216/38/2"}, "miou": {"min": 0.3276824653148651, "max": 0.5387988090515137, "mean": 0.39972527623176574, "dir": "snapshots/random_2d_ed/1216/38/2"}, "accuracy": {"min": 0.8969485759735107, "max": 0.9185665249824524, "mean": 0.9049046158790588, "dir": "snapshots/random_2d_ed/1216/38/2"}, "n_params": {"min": 5405088, "max": 5405088, "mean": 5405088.0, "dir": "snapshots/random_2d_ed/1216/38/0"}, "leaf": false, "n_nets": 5}