{"ari": {"min": 0.8119259476661682, "max": 0.8280210494995117, "mean": 0.81997349858284, "dir": "snapshots/random_hybrid_3d/0424/165/1"}, "miou": {"min": 0.4861832559108734, "max": 0.5363024473190308, "mean": 0.5112428516149521, "dir": "snapshots/random_hybrid_3d/0424/165/1"}, "accuracy": {"min": 0.9316059350967407, "max": 0.9362221956253052, "mean": 0.933914065361023, "dir": "snapshots/random_hybrid_3d/0424/165/1"}, "n_params": {"min": 810621, "max": 810621, "mean": 810621.0, "dir": "snapshots/random_hybrid_3d/0424/165/0"}, "leaf": false, "n_nets": 2}