{"ari": {"min": 0.12827768921852112, "max": 0.4578101336956024, "mean": 0.29304391145706177, "dir": "snapshots/random_2d_ed_dense/0503/263/0"}, "miou": {"min": 0.09892378002405167, "max": 0.28351131081581116, "mean": 0.1912175454199314, "dir": "snapshots/random_2d_ed_dense/0503/263/0"}, "accuracy": {"min": 0.4341186285018921, "max": 0.790176510810852, "mean": 0.6121475696563721, "dir": "snapshots/random_2d_ed_dense/0503/263/0"}, "n_params": {"min": 1186753, "max": 1186753, "mean": 1186753.0, "dir": "snapshots/random_2d_ed_dense/0503/263/1"}, "leaf": false, "n_nets": 2}