{"ari": {"min": 0.8031416535377502, "max": 0.8123676180839539, "mean": 0.807754635810852, "dir": "snapshots/random_2d_ed_dense/0503/18/0"}, "miou": {"min": 0.4798698425292969, "max": 0.5807830095291138, "mean": 0.5303264260292053, "dir": "snapshots/random_2d_ed_dense/0503/18/0"}, "accuracy": {"min": 0.9277402758598328, "max": 0.9317275881767273, "mean": 0.92973393201828, "dir": "snapshots/random_2d_ed_dense/0503/18/0"}, "n_params": {"min": 6170684, "max": 6170684, "mean": 6170684.0, "dir": "snapshots/random_2d_ed_dense/0503/18/1"}, "leaf": false, "n_nets": 2}