{"ari": {"min": 0.8286056518554688, "max": 0.8302323818206787, "mean": 0.8294190168380737, "dir": "snapshots/random_hybrid_3d/0424/169/0"}, "miou": {"min": 0.6236497163772583, "max": 0.6295303702354431, "mean": 0.6265900433063507, "dir": "snapshots/random_hybrid_3d/0424/169/1"}, "accuracy": {"min": 0.936491847038269, "max": 0.9373639225959778, "mean": 0.9369278848171234, "dir": "snapshots/random_hybrid_3d/0424/169/0"}, "n_params": {"min": 4723643, "max": 4723643, "mean": 4723643.0, "dir": "snapshots/random_hybrid_3d/0424/169/0"}, "leaf": false, "n_nets": 2}