{"ari": {"min": 0.550833523273468, "max": 0.5747842788696289, "mean": 0.5605396866798401, "dir": "snapshots/random_2d_ed/1210/70/3"}, "miou": {"min": 0.23810900747776031, "max": 0.2611742317676544, "mean": 0.24429017603397368, "dir": "snapshots/random_2d_ed/1210/70/4"}, "accuracy": {"min": 0.876126229763031, "max": 0.8813472986221313, "mean": 0.8794170498847962, "dir": "snapshots/random_2d_ed/1210/70/4"}, "n_params": {"min": 8151091, "max": 8151091, "mean": 8151091.0, "dir": "snapshots/random_2d_ed/1210/70/1"}, "leaf": false, "n_nets": 5}