{"ari": {"min": 0.5073649287223816, "max": 0.5725980401039124, "mean": 0.5406955599784851, "dir": "snapshots/random_2d_ed/1210/70/4"}, "miou": {"min": 0.23999759554862976, "max": 0.2912847399711609, "mean": 0.2651550143957138, "dir": "snapshots/random_2d_ed/1210/70/4"}, "accuracy": {"min": 0.8752730488777161, "max": 0.8856036067008972, "mean": 0.8784449577331543, "dir": "snapshots/random_2d_ed/1210/70/4"}, "n_params": {"min": 8151091, "max": 8151091, "mean": 8151091.0, "dir": "snapshots/random_2d_ed/1210/70/0"}, "leaf": false, "n_nets": 5}