{"leaf": true, "dir": "snapshots/random_2d_ed/1216/2/2", "n_nets": 1, "name": "RandomUnet2D_2_1", "ari": [0.6081318259239197], "miou": [0.20345351099967957], "accuracy": [0.8472563028335571], "n_params": [10570496], "n_iterations": 35244}