{"leaf": true, "dir": "snapshots/random_2d_ed/1216/54/4", "n_nets": 1, "name": "RandomUnet2D_54_4", "ari": [0.5596089363098145], "miou": [0.2764769494533539], "accuracy": [0.8733314275741577], "n_params": [8115127], "n_iterations": 62656}