{"ari": {"min": 0.6155104637145996, "max": 0.7889145016670227, "mean": 0.7048125982284545, "dir": "snapshots/random_2d_ed/1216/94/0"}, "miou": {"min": 0.2099500149488449, "max": 0.4727438688278198, "mean": 0.3315489262342453, "dir": "snapshots/random_2d_ed/1216/94/3"}, "accuracy": {"min": 0.8444432020187378, "max": 0.9049175977706909, "mean": 0.874698257446289, "dir": "snapshots/random_2d_ed/1216/94/0"}, "n_params": {"min": 1601385, "max": 1601385, "mean": 1601385.0, "dir": "snapshots/random_2d_ed/1216/94/0"}, "leaf": false, "n_nets": 5}