{"leaf": true, "dir": "snapshots/random_2d_ed_dense/0503/200/1", "n_nets": 1, "name": "RandomUnet2D_200_1", "ari": [0.6828827261924744], "miou": [0.2970375716686249], "accuracy": [0.8879717588424683], "n_params": [22664678], "n_iterations": 19800}