{"ari": {"min": 0.8191332221031189, "max": 0.8296063542366028, "mean": 0.8243697881698608, "dir": "snapshots/random_hybrid_3d/0424/220/0"}, "miou": {"min": 0.48909398913383484, "max": 0.5465782880783081, "mean": 0.5178361386060715, "dir": "snapshots/random_hybrid_3d/0424/220/1"}, "accuracy": {"min": 0.931610643863678, "max": 0.9373299479484558, "mean": 0.9344702959060669, "dir": "snapshots/random_hybrid_3d/0424/220/0"}, "n_params": {"min": 134058, "max": 134058, "mean": 134058.0, "dir": "snapshots/random_hybrid_3d/0424/220/0"}, "leaf": false, "n_nets": 2}