{"leaf": true, "dir": "snapshots/random_hybrid_3d/0418/9/0", "n_nets": 1, "name": "Hybrid3DCRF_9_1", "ari": [0.8290361762046814], "miou": [0.6206240057945251], "accuracy": [0.9366263747215271], "n_params": [9191], "n_iterations": 55200}