{"ari": {"min": 0.571471631526947, "max": 0.8343108892440796, "mean": 0.7028912603855133, "dir": "snapshots/random_hybrid_3d/0416/16/0"}, "miou": {"min": 0.404273122549057, "max": 0.4865798354148865, "mean": 0.44542647898197174, "dir": "snapshots/random_hybrid_3d/0416/16/0"}, "accuracy": {"min": 0.8549408316612244, "max": 0.9380239248275757, "mean": 0.8964823782444, "dir": "snapshots/random_hybrid_3d/0416/16/0"}, "n_params": {"min": 643950, "max": 643950, "mean": 643950.0, "dir": "snapshots/random_hybrid_3d/0416/16/1"}, "leaf": false, "n_nets": 2}