{"leaf": true, "dir": "snapshots/random_2d_ed/1216/22/1", "n_nets": 1, "name": "RandomUnet2D_22_1", "ari": [0.5952877402305603], "miou": [0.24073831737041473], "accuracy": [0.8513119220733643], "n_params": [17463387], "n_iterations": 47971}