{"leaf": true, "dir": "snapshots/random_hybrid_3d/0424/223/1", "n_nets": 1, "name": "Hybrid3DCRF_223_1", "ari": [0.8308983445167542], "miou": [0.6227377653121948], "accuracy": [0.9376039505004883], "n_params": [208549], "n_iterations": 55200}