{"leaf": true, "dir": "snapshots/random_hybrid_3d/0418/19/1", "n_nets": 1, "name": "Hybrid3DCRF_19_1", "ari": [0.828425943851471], "miou": [0.6153057813644409], "accuracy": [0.9366918206214905], "n_params": [805045], "n_iterations": 55200}