{"ari": {"min": 0.697702944278717, "max": 0.8124733567237854, "mean": 0.7550881505012512, "dir": "snapshots/random_2d_ed_dense/0410/236/0"}, "miou": {"min": 0.24223944544792175, "max": 0.5693472027778625, "mean": 0.40579332411289215, "dir": "snapshots/random_2d_ed_dense/0410/236/0"}, "accuracy": {"min": 0.888911783695221, "max": 0.9280717968940735, "mean": 0.9084917902946472, "dir": "snapshots/random_2d_ed_dense/0410/236/0"}, "n_params": {"min": 11115915, "max": 11115915, "mean": 11115915.0, "dir": "snapshots/random_2d_ed_dense/0410/236/1"}, "leaf": false, "n_nets": 2}