{"ari": {"min": 0.5273967981338501, "max": 0.8011848330497742, "mean": 0.7006729364395141, "dir": "snapshots/random_2d_ed/1210/32/3"}, "miou": {"min": 0.2383410483598709, "max": 0.5014081001281738, "mean": 0.37996715009212495, "dir": "snapshots/random_2d_ed/1210/32/3"}, "accuracy": {"min": 0.8019107580184937, "max": 0.9204308390617371, "mean": 0.8752292275428772, "dir": "snapshots/random_2d_ed/1210/32/3"}, "n_params": {"min": 4459788, "max": 4459788, "mean": 4459788.0, "dir": "snapshots/random_2d_ed/1210/32/0"}, "leaf": false, "n_nets": 5}