{"ari": {"min": 0.6470450758934021, "max": 0.7853493094444275, "mean": 0.7193630933761597, "dir": "snapshots/random_2d_ed/1210/32/3"}, "miou": {"min": 0.23606082797050476, "max": 0.4801856577396393, "mean": 0.3820586919784546, "dir": "snapshots/random_2d_ed/1210/32/3"}, "accuracy": {"min": 0.8501672744750977, "max": 0.9123529195785522, "mean": 0.8830149531364441, "dir": "snapshots/random_2d_ed/1210/32/3"}, "n_params": {"min": 4459788, "max": 4459788, "mean": 4459788.0, "dir": "snapshots/random_2d_ed/1210/32/0"}, "leaf": false, "n_nets": 5}