{"ari": {"min": 0.6659640669822693, "max": 0.7990264296531677, "mean": 0.7476104855537414, "dir": "snapshots/random_2d_ed/1210/32/3"}, "miou": {"min": 0.296947181224823, "max": 0.5488168001174927, "mean": 0.4387080311775208, "dir": "snapshots/random_2d_ed/1210/32/0"}, "accuracy": {"min": 0.8589528203010559, "max": 0.9204627871513367, "mean": 0.8979127526283264, "dir": "snapshots/random_2d_ed/1210/32/3"}, "n_params": {"min": 4459788, "max": 4459788, "mean": 4459788.0, "dir": "snapshots/random_2d_ed/1210/32/0"}, "leaf": false, "n_nets": 5}