{"leaf": true, "dir": "snapshots/random_hybrid_3d/0424/45/0", "n_nets": 1, "name": "Hybrid3DCRF_45_1", "ari": [0.8311620354652405], "miou": [0.6206995844841003], "accuracy": [0.9380287528038025], "n_params": [20261775], "n_iterations": 55200}