{"leaf": true, "dir": "snapshots/random_hybrid_3d/0424/266/0", "n_nets": 1, "name": "Hybrid3DCRF_266_0", "ari": [0.829624593257904], "miou": [0.5464819073677063], "accuracy": [0.9370601773262024], "n_params": [140981], "n_iterations": 55200}