{"leaf": true, "dir": "snapshots/random_hybrid_3d/0418/28/0", "n_nets": 1, "name": "Hybrid3DCRF_28_1", "ari": [0.8292307257652283], "miou": [0.6246234178543091], "accuracy": [0.9370135068893433], "n_params": [4071443], "n_iterations": 55200}