{"ari": {"min": 0.8116320967674255, "max": 0.8425289392471313, "mean": 0.8270805180072784, "dir": "snapshots/random_hybrid_3d/0416/83/0"}, "miou": {"min": 0.4386537969112396, "max": 0.5702946782112122, "mean": 0.5044742375612259, "dir": "snapshots/random_hybrid_3d/0416/83/0"}, "accuracy": {"min": 0.9256266951560974, "max": 0.9430378079414368, "mean": 0.9343322515487671, "dir": "snapshots/random_hybrid_3d/0416/83/0"}, "n_params": {"min": 482839, "max": 483525, "mean": 483182.0, "dir": "snapshots/random_hybrid_3d/0416/83/0"}, "leaf": false, "n_nets": 2}