{"leaf": true, "dir": "snapshots/random_2d_ed/1210/60/4", "n_nets": 1, "name": "RandomUnet2D_60_3", "ari": [0.754120409488678], "miou": [0.3742847442626953], "accuracy": [0.8917422890663147], "n_params": [2430729], "n_iterations": 16000}