{"ari": {"min": 0.8263206481933594, "max": 0.8341863751411438, "mean": 0.8302535116672516, "dir": "snapshots/random_hybrid_3d/0416/268/1"}, "miou": {"min": 0.43348392844200134, "max": 0.4681939482688904, "mean": 0.45083893835544586, "dir": "snapshots/random_hybrid_3d/0416/268/1"}, "accuracy": {"min": 0.9356657862663269, "max": 0.9374309182167053, "mean": 0.9365483522415161, "dir": "snapshots/random_hybrid_3d/0416/268/1"}, "n_params": {"min": 1100804, "max": 1101336, "mean": 1101070.0, "dir": "snapshots/random_hybrid_3d/0416/268/0"}, "leaf": false, "n_nets": 2}