{"ari": {"min": 0.02136104367673397, "max": 0.10374374687671661, "mean": 0.06255239527672529, "dir": "snapshots/random_2d_ed_dense/0503/245/1"}, "miou": {"min": 0.006844720337539911, "max": 0.11320214718580246, "mean": 0.060023433761671185, "dir": "snapshots/random_2d_ed_dense/0503/245/1"}, "accuracy": {"min": 0.020301388576626778, "max": 0.4950660467147827, "mean": 0.25768371764570475, "dir": "snapshots/random_2d_ed_dense/0503/245/1"}, "n_params": {"min": 6066181, "max": 6066181, "mean": 6066181.0, "dir": "snapshots/random_2d_ed_dense/0503/245/0"}, "leaf": false, "n_nets": 2}