{"ari": {"min": 0.8355462551116943, "max": 0.8420116901397705, "mean": 0.8387789726257324, "dir": "snapshots/random_hybrid_3d/0416/251/1"}, "miou": {"min": 0.4253423511981964, "max": 0.5615006685256958, "mean": 0.4934215098619461, "dir": "snapshots/random_hybrid_3d/0416/251/1"}, "accuracy": {"min": 0.935850977897644, "max": 0.9426353573799133, "mean": 0.9392431676387787, "dir": "snapshots/random_hybrid_3d/0416/251/1"}, "n_params": {"min": 482335, "max": 482608, "mean": 482471.5, "dir": "snapshots/random_hybrid_3d/0416/251/0"}, "leaf": false, "n_nets": 2}