{"ari": {"min": 0.8181495070457458, "max": 0.8293284177780151, "mean": 0.8237389624118805, "dir": "snapshots/random_hybrid_3d/0424/39/1"}, "miou": {"min": 0.5420178771018982, "max": 0.6227579712867737, "mean": 0.5823879241943359, "dir": "snapshots/random_hybrid_3d/0424/39/1"}, "accuracy": {"min": 0.9310865998268127, "max": 0.9370235800743103, "mean": 0.9340550899505615, "dir": "snapshots/random_hybrid_3d/0424/39/1"}, "n_params": {"min": 1455588, "max": 1455588, "mean": 1455588.0, "dir": "snapshots/random_hybrid_3d/0424/39/0"}, "leaf": false, "n_nets": 2}