{"leaf": true, "dir": "snapshots/random_hybrid_3d/0424/41/0", "n_nets": 1, "name": "Hybrid3DCRF_41_0", "ari": [0.8293368220329285], "miou": [0.6220425367355347], "accuracy": [0.9372185468673706], "n_params": [4059733], "n_iterations": 55200}