{"ari": {"min": 0.8025448322296143, "max": 0.826479434967041, "mean": 0.8145121335983276, "dir": "snapshots/random_2d_ed_dense/0503/289/1"}, "miou": {"min": 0.5880956053733826, "max": 0.6314153075218201, "mean": 0.6097554564476013, "dir": "snapshots/random_2d_ed_dense/0503/289/1"}, "accuracy": {"min": 0.9228708148002625, "max": 0.9361384510993958, "mean": 0.9295046329498291, "dir": "snapshots/random_2d_ed_dense/0503/289/1"}, "n_params": {"min": 9238994, "max": 9238994, "mean": 9238994.0, "dir": "snapshots/random_2d_ed_dense/0503/289/0"}, "leaf": false, "n_nets": 2}