{"ari": {"min": 0.8228026628494263, "max": 0.8298138976097107, "mean": 0.8263082802295685, "dir": "snapshots/random_hybrid_3d/0418/25/0"}, "miou": {"min": 0.5398523211479187, "max": 0.6224246621131897, "mean": 0.5811384916305542, "dir": "snapshots/random_hybrid_3d/0418/25/0"}, "accuracy": {"min": 0.9352530241012573, "max": 0.9372428059577942, "mean": 0.9362479150295258, "dir": "snapshots/random_hybrid_3d/0418/25/0"}, "n_params": {"min": 28884098, "max": 28884245, "mean": 28884171.5, "dir": "snapshots/random_hybrid_3d/0418/25/0"}, "leaf": false, "n_nets": 2}