{"ari": {"min": 0.8241532444953918, "max": 0.8304477334022522, "mean": 0.827300488948822, "dir": "snapshots/random_hybrid_3d/0418/25/0"}, "miou": {"min": 0.5375113487243652, "max": 0.6215070486068726, "mean": 0.5795091986656189, "dir": "snapshots/random_hybrid_3d/0418/25/0"}, "accuracy": {"min": 0.9350413680076599, "max": 0.9375580549240112, "mean": 0.9362997114658356, "dir": "snapshots/random_hybrid_3d/0418/25/0"}, "n_params": {"min": 28884098, "max": 28884245, "mean": 28884171.5, "dir": "snapshots/random_hybrid_3d/0418/25/0"}, "leaf": false, "n_nets": 2}