{"leaf": true, "dir": "snapshots/random_hybrid_3d/0416/203/1", "n_nets": 1, "name": "Hybrid3DCRF_203_0", "ari": [0.8424869179725647], "miou": [0.5724504590034485], "accuracy": [0.943317711353302], "n_params": [613548], "n_iterations": 368}