{"ari": {"min": 0.8292426466941833, "max": 0.8296416997909546, "mean": 0.829442173242569, "dir": "snapshots/random_hybrid_3d/0424/47/0"}, "miou": {"min": 0.5458993911743164, "max": 0.6216803789138794, "mean": 0.5837898850440979, "dir": "snapshots/random_hybrid_3d/0424/47/1"}, "accuracy": {"min": 0.9367709755897522, "max": 0.9370495080947876, "mean": 0.9369102418422699, "dir": "snapshots/random_hybrid_3d/0424/47/0"}, "n_params": {"min": 577149, "max": 577149, "mean": 577149.0, "dir": "snapshots/random_hybrid_3d/0424/47/0"}, "leaf": false, "n_nets": 2}