{"leaf": true, "dir": "snapshots/random_2d_ed/1210/28/0", "n_nets": 1, "name": "RandomUnet2D_28_0", "ari": [0.793255627155304], "miou": [0.4353395402431488], "accuracy": [0.9198660850524902], "n_params": [21265141], "n_iterations": 12600}