{"leaf": true, "dir": "snapshots/random_2d_ed/1210/28/0", "n_nets": 1, "name": "RandomUnet2D_28_0", "ari": [0.7947804927825928], "miou": [0.44611856341362], "accuracy": [0.9224053621292114], "n_params": [21265141], "n_iterations": 25200}