{"leaf": true, "dir": "snapshots/random_2d_ed/1210/28/0", "n_nets": 1, "name": "RandomUnet2D_28_0", "ari": [0.7971501350402832], "miou": [0.4487050473690033], "accuracy": [0.9240657091140747], "n_params": [21265141], "n_iterations": 36000}