{"ari": {"min": 0.7159000039100647, "max": 0.8144626617431641, "mean": 0.7846417546272277, "dir": "snapshots/random_2d_ed/1216/18/1"}, "miou": {"min": 0.29151058197021484, "max": 0.5439713001251221, "mean": 0.44273218512535095, "dir": "snapshots/random_2d_ed/1216/18/1"}, "accuracy": {"min": 0.8801590800285339, "max": 0.9187769889831543, "mean": 0.9048410534858704, "dir": "snapshots/random_2d_ed/1216/18/1"}, "n_params": {"min": 17558442, "max": 17558442, "mean": 17558442.0, "dir": "snapshots/random_2d_ed/1216/18/0"}, "leaf": false, "n_nets": 5}