{"ari": {"min": 0.7159000039100647, "max": 0.8144497275352478, "mean": 0.7836796045303345, "dir": "snapshots/random_2d_ed/1216/18/1"}, "miou": {"min": 0.29151058197021484, "max": 0.5422041416168213, "mean": 0.44166809916496275, "dir": "snapshots/random_2d_ed/1216/18/1"}, "accuracy": {"min": 0.8801590800285339, "max": 0.9188100695610046, "mean": 0.9042826414108276, "dir": "snapshots/random_2d_ed/1216/18/1"}, "n_params": {"min": 17558442, "max": 17558442, "mean": 17558442.0, "dir": "snapshots/random_2d_ed/1216/18/0"}, "leaf": false, "n_nets": 5}