{"ari": {"min": 0.8235055804252625, "max": 0.8386975526809692, "mean": 0.8311015665531158, "dir": "snapshots/random_hybrid_3d/0416/21/1"}, "miou": {"min": 0.4307571351528168, "max": 0.5154693126678467, "mean": 0.4731132239103317, "dir": "snapshots/random_hybrid_3d/0416/21/1"}, "accuracy": {"min": 0.934249222278595, "max": 0.9414952397346497, "mean": 0.9378722310066223, "dir": "snapshots/random_hybrid_3d/0416/21/1"}, "n_params": {"min": 14563824, "max": 14565042, "mean": 14564433.0, "dir": "snapshots/random_hybrid_3d/0416/21/0"}, "leaf": false, "n_nets": 2}