{"leaf": true, "dir": "snapshots/random_2d_ed/1216/13/4", "n_nets": 1, "name": "RandomUnet2D_13_4", "ari": [0.7191253304481506], "miou": [0.2913644313812256], "accuracy": [0.8891862630844116], "n_params": [39472433], "n_iterations": 43610}