{"leaf": true, "dir": "snapshots/random_2d_ed/1216/13/4", "n_nets": 1, "name": "RandomUnet2D_13_4", "ari": [0.7078602313995361], "miou": [0.2983438968658447], "accuracy": [0.8862025737762451], "n_params": [39472433], "n_iterations": 47971}