{"ari": {"min": 0.7542603015899658, "max": 0.7908644080162048, "mean": 0.7738045811653137, "dir": "snapshots/random_2d_ed/1210/23/0"}, "miou": {"min": 0.37032654881477356, "max": 0.43366292119026184, "mean": 0.3865517914295197, "dir": "snapshots/random_2d_ed/1210/23/0"}, "accuracy": {"min": 0.8919371962547302, "max": 0.9125679731369019, "mean": 0.9033174276351928, "dir": "snapshots/random_2d_ed/1210/23/0"}, "n_params": {"min": 20733906, "max": 20733906, "mean": 20733906.0, "dir": "snapshots/random_2d_ed/1210/23/0"}, "leaf": false, "n_nets": 5}