{"ari": {"min": -6.765410968397707e-18, "max": 0.8319389224052429, "mean": 0.8152851539757825, "dir": "snapshots/random_hybrid_3d/0424/112/1"}, "miou": {"min": 0.0677533894777298, "max": 0.6323065757751465, "mean": 0.5828553491900134, "dir": "snapshots/random_hybrid_3d/0424/9/0"}, "accuracy": {"min": 0.4742737412452698, "max": 0.9385805726051331, "mean": 0.9298615231532459, "dir": "snapshots/random_hybrid_3d/0424/112/1"}, "n_params": {"min": 3591, "max": 97048527, "mean": 5515777.864341085, "dir": "snapshots/random_hybrid_3d/0424/74/1"}, "leaf": false, "n_nets": 258}