{"ari": {"min": -6.765410968397707e-18, "max": 0.8317813277244568, "mean": 0.8170132571408728, "dir": "snapshots/random_hybrid_3d/0424/38/1"}, "miou": {"min": 0.0677533894777298, "max": 0.6338585019111633, "mean": 0.58103982132523, "dir": "snapshots/random_hybrid_3d/0424/290/0"}, "accuracy": {"min": 0.4742737412452698, "max": 0.9385061860084534, "mean": 0.9306631716359564, "dir": "snapshots/random_hybrid_3d/0424/79/1"}, "n_params": {"min": 3591, "max": 97048527, "mean": 4468708.006722689, "dir": "snapshots/random_hybrid_3d/0424/74/1"}, "leaf": false, "n_nets": 595}