{"ari": {"min": -6.765410968397707e-18, "max": 0.8314594030380249, "mean": 0.8045784026585721, "dir": "snapshots/random_hybrid_3d/0424/16/0"}, "miou": {"min": 0.0677533894777298, "max": 0.6323065757751465, "mean": 0.5705467533018138, "dir": "snapshots/random_hybrid_3d/0424/9/0"}, "accuracy": {"min": 0.4742737412452698, "max": 0.9381487369537354, "mean": 0.9242187230973631, "dir": "snapshots/random_hybrid_3d/0424/16/0"}, "n_params": {"min": 6279, "max": 24093772, "mean": 4088942.1486486485, "dir": "snapshots/random_hybrid_3d/0424/12/1"}, "leaf": false, "n_nets": 74}