{"leaf": true, "dir": "snapshots/hybrid_3d_crf/0404/6/1", "n_nets": 1, "name": "Hybrid3DCRF_6_3", "ari": [0.8271020650863647], "miou": [0.6381439566612244], "accuracy": [0.9360671639442444], "n_params": [1743930], "n_iterations": 44160}