{"leaf": true, "dir": "snapshots/random_hybrid_3d/0416/252/0", "n_nets": 1, "name": "Hybrid3DCRF_252_1", "ari": [0.8370687961578369], "miou": [0.48912906646728516], "accuracy": [0.9397363662719727], "n_params": [5924540], "n_iterations": 368}