{"ari": {"min": 0.8254233598709106, "max": 0.8325549364089966, "mean": 0.8299733400344849, "dir": "snapshots/weight_volume/1210/075/4"}, "miou": {"min": 0.45960569381713867, "max": 0.5786260962486267, "mean": 0.5209030508995056, "dir": "snapshots/weight_volume/1210/075/1"}, "accuracy": {"min": 0.9330548048019409, "max": 0.937614917755127, "mean": 0.9355764746665954, "dir": "snapshots/weight_volume/1210/075/3"}, "n_params": {"min": 31030983, "max": 31030983, "mean": 31030983.0, "dir": "snapshots/weight_volume/1210/075/0"}, "leaf": false, "n_nets": 5}