{"ari": {"min": 0.8292782306671143, "max": 0.8297114968299866, "mean": 0.8294948637485504, "dir": "snapshots/random_hybrid_3d/0424/177/0"}, "miou": {"min": 0.6185973286628723, "max": 0.6321321129798889, "mean": 0.6253647208213806, "dir": "snapshots/random_hybrid_3d/0424/177/0"}, "accuracy": {"min": 0.9368183612823486, "max": 0.9374691843986511, "mean": 0.9371437728404999, "dir": "snapshots/random_hybrid_3d/0424/177/0"}, "n_params": {"min": 145626, "max": 146046, "mean": 145836.0, "dir": "snapshots/random_hybrid_3d/0424/177/0"}, "leaf": false, "n_nets": 2}