{"ari": {"min": 0.8313208818435669, "max": 0.8313208818435669, "mean": 0.8313208818435669, "dir": "snapshots/random_hybrid_3d/0418/212/1"}, "miou": {"min": 0.6294456124305725, "max": 0.6294456124305725, "mean": 0.6294456124305725, "dir": "snapshots/random_hybrid_3d/0418/212/1"}, "accuracy": {"min": 0.93775475025177, "max": 0.93775475025177, "mean": 0.93775475025177, "dir": "snapshots/random_hybrid_3d/0418/212/1"}, "n_params": {"min": 988169, "max": 988169, "mean": 988169.0, "dir": "snapshots/random_hybrid_3d/0418/212/1"}, "leaf": false, "n_nets": 1}