{"ari": {"min": 0.8073392510414124, "max": 0.813707709312439, "mean": 0.8105620980262757, "dir": "snapshots/random_2d_ed/1210/76/0"}, "miou": {"min": 0.40536823868751526, "max": 0.5683726072311401, "mean": 0.48406792879104615, "dir": "snapshots/random_2d_ed/1210/76/2"}, "accuracy": {"min": 0.9229413270950317, "max": 0.9269600510597229, "mean": 0.9245033979415893, "dir": "snapshots/random_2d_ed/1210/76/2"}, "n_params": {"min": 59950744, "max": 59950744, "mean": 59950744.0, "dir": "snapshots/random_2d_ed/1210/76/0"}, "leaf": false, "n_nets": 5}