{"ari": {"min": 0.7006106972694397, "max": 0.8101741671562195, "mean": 0.7599504947662353, "dir": "snapshots/random_2d_ed/1210/76/4"}, "miou": {"min": 0.33829301595687866, "max": 0.4229593276977539, "mean": 0.38819398283958434, "dir": "snapshots/random_2d_ed/1210/76/2"}, "accuracy": {"min": 0.8698924779891968, "max": 0.9209259748458862, "mean": 0.89659184217453, "dir": "snapshots/random_2d_ed/1210/76/4"}, "n_params": {"min": 59950744, "max": 59950744, "mean": 59950744.0, "dir": "snapshots/random_2d_ed/1210/76/0"}, "leaf": false, "n_nets": 5}