{"leaf": true, "dir": "snapshots/random_hybrid_3d/0424/284/0", "n_nets": 1, "name": "Hybrid3DCRF_284_0", "ari": [0.828620970249176], "miou": [0.6218677163124084], "accuracy": [0.9364195466041565], "n_params": [15166911], "n_iterations": 55200}