{"leaf": true, "dir": "snapshots/random_2d_ed/1210/20/2", "n_nets": 1, "name": "RandomUnet2D_20_2", "ari": [0.7399725914001465], "miou": [0.34626510739326477], "accuracy": [0.9044617414474487], "n_params": [154377280], "n_iterations": 49000}