{"ari": {"min": 0.8390138149261475, "max": 0.841833233833313, "mean": 0.8404235243797302, "dir": "snapshots/random_hybrid_3d/0416/188/1"}, "miou": {"min": 0.4979856312274933, "max": 0.5742192268371582, "mean": 0.5361024290323257, "dir": "snapshots/random_hybrid_3d/0416/188/0"}, "accuracy": {"min": 0.9415727257728577, "max": 0.9423844814300537, "mean": 0.9419786036014557, "dir": "snapshots/random_hybrid_3d/0416/188/0"}, "n_params": {"min": 230338, "max": 230485, "mean": 230411.5, "dir": "snapshots/random_hybrid_3d/0416/188/0"}, "leaf": false, "n_nets": 2}