{"leaf": true, "dir": "snapshots/random_2d_ed/1210/26/3", "n_nets": 1, "name": "RandomUnet2D_26_3", "ari": [0.8005952835083008], "miou": [0.5569876432418823], "accuracy": [0.9182718396186829], "n_params": [4316592], "n_iterations": 14400}