{"ari": {"min": 0.6853953003883362, "max": 0.6853953003883362, "mean": 0.6853953003883362, "dir": "snapshots/random_2d_ed_dense/0410/191/1"}, "miou": {"min": 0.24676211178302765, "max": 0.24676211178302765, "mean": 0.24676211178302765, "dir": "snapshots/random_2d_ed_dense/0410/191/1"}, "accuracy": {"min": 0.8808671236038208, "max": 0.8808671236038208, "mean": 0.8808671236038208, "dir": "snapshots/random_2d_ed_dense/0410/191/1"}, "n_params": {"min": 8762535, "max": 8762535, "mean": 8762535.0, "dir": "snapshots/random_2d_ed_dense/0410/191/1"}, "leaf": false, "n_nets": 1}