{"ari": {"min": 0.8292918801307678, "max": 0.829680323600769, "mean": 0.8294861018657684, "dir": "snapshots/random_hybrid_3d/0424/118/0"}, "miou": {"min": 0.5432435274124146, "max": 0.6229420304298401, "mean": 0.5830927789211273, "dir": "snapshots/random_hybrid_3d/0424/118/1"}, "accuracy": {"min": 0.9369993209838867, "max": 0.937208890914917, "mean": 0.9371041059494019, "dir": "snapshots/random_hybrid_3d/0424/118/0"}, "n_params": {"min": 154821, "max": 155598, "mean": 155209.5, "dir": "snapshots/random_hybrid_3d/0424/118/0"}, "leaf": false, "n_nets": 2}