{"leaf": true, "dir": "snapshots/random_2d_ed/1210/70/0", "n_nets": 1, "name": "RandomUnet2D_70_1", "ari": [0.550833523273468], "miou": [0.23810900747776031], "accuracy": [0.876126229763031], "n_params": [8151091], "n_iterations": 16000}