{"ari": {"min": 0.6328347325325012, "max": 0.7434401512145996, "mean": 0.6881374418735504, "dir": "snapshots/random_2d_ed_dense/0410/91/1"}, "miou": {"min": 0.2489945888519287, "max": 0.4104522168636322, "mean": 0.32972340285778046, "dir": "snapshots/random_2d_ed_dense/0410/91/1"}, "accuracy": {"min": 0.8551141023635864, "max": 0.8863518834114075, "mean": 0.870732992887497, "dir": "snapshots/random_2d_ed_dense/0410/91/1"}, "n_params": {"min": 284624, "max": 284624, "mean": 284624.0, "dir": "snapshots/random_2d_ed_dense/0410/91/0"}, "leaf": false, "n_nets": 2}