{"ari": {"min": 0.822035551071167, "max": 0.8307344317436218, "mean": 0.8263849914073944, "dir": "snapshots/random_hybrid_3d/0424/141/1"}, "miou": {"min": 0.4831081032752991, "max": 0.6189444661140442, "mean": 0.5510262846946716, "dir": "snapshots/random_hybrid_3d/0424/141/1"}, "accuracy": {"min": 0.9337620735168457, "max": 0.9376962184906006, "mean": 0.9357291460037231, "dir": "snapshots/random_hybrid_3d/0424/141/1"}, "n_params": {"min": 19369092, "max": 19369092, "mean": 19369092.0, "dir": "snapshots/random_hybrid_3d/0424/141/0"}, "leaf": false, "n_nets": 2}