{"ari": {"min": 0.829809844493866, "max": 0.8303605914115906, "mean": 0.8300852179527283, "dir": "snapshots/random_hybrid_3d/0424/32/0"}, "miou": {"min": 0.6203755140304565, "max": 0.6233919262886047, "mean": 0.6218837201595306, "dir": "snapshots/random_hybrid_3d/0424/32/1"}, "accuracy": {"min": 0.9370567798614502, "max": 0.9376536011695862, "mean": 0.9373551905155182, "dir": "snapshots/random_hybrid_3d/0424/32/0"}, "n_params": {"min": 33390, "max": 33684, "mean": 33537.0, "dir": "snapshots/random_hybrid_3d/0424/32/1"}, "leaf": false, "n_nets": 2}