{"ari": {"min": 0.6311314105987549, "max": 0.8284096717834473, "mean": 0.7297705411911011, "dir": "snapshots/random_hybrid_3d/0418/23/0"}, "miou": {"min": 0.381639689207077, "max": 0.6235666275024414, "mean": 0.5026031583547592, "dir": "snapshots/random_hybrid_3d/0418/23/0"}, "accuracy": {"min": 0.8678539991378784, "max": 0.9367085695266724, "mean": 0.9022812843322754, "dir": "snapshots/random_hybrid_3d/0418/23/0"}, "n_params": {"min": 300684, "max": 300831, "mean": 300757.5, "dir": "snapshots/random_hybrid_3d/0418/23/0"}, "leaf": false, "n_nets": 2}