{"ari": {"min": 0.6311314105987549, "max": 0.8292633295059204, "mean": 0.7301973700523376, "dir": "snapshots/random_hybrid_3d/0418/23/0"}, "miou": {"min": 0.381639689207077, "max": 0.624351441860199, "mean": 0.502995565533638, "dir": "snapshots/random_hybrid_3d/0418/23/0"}, "accuracy": {"min": 0.8678539991378784, "max": 0.9369919896125793, "mean": 0.9024229943752289, "dir": "snapshots/random_hybrid_3d/0418/23/0"}, "n_params": {"min": 300684, "max": 300831, "mean": 300757.5, "dir": "snapshots/random_hybrid_3d/0418/23/0"}, "leaf": false, "n_nets": 2}