{"ari": {"min": 0.8185120224952698, "max": 0.8323137164115906, "mean": 0.8254128694534302, "dir": "snapshots/random_hybrid_3d/0416/224/0"}, "miou": {"min": 0.4182622730731964, "max": 0.4339976906776428, "mean": 0.4261299818754196, "dir": "snapshots/random_hybrid_3d/0416/224/0"}, "accuracy": {"min": 0.9341797828674316, "max": 0.9363734126091003, "mean": 0.935276597738266, "dir": "snapshots/random_hybrid_3d/0416/224/0"}, "n_params": {"min": 313712, "max": 314923, "mean": 314317.5, "dir": "snapshots/random_hybrid_3d/0416/224/0"}, "leaf": false, "n_nets": 2}