{"ari": {"min": 0.6036559343338013, "max": 0.7203238010406494, "mean": 0.6782513737678528, "dir": "snapshots/random_2d_ed/1216/73/1"}, "miou": {"min": 0.20283561944961548, "max": 0.34107705950737, "mean": 0.28482586741447447, "dir": "snapshots/random_2d_ed/1216/73/1"}, "accuracy": {"min": 0.8369792699813843, "max": 0.8688385486602783, "mean": 0.8549908757209778, "dir": "snapshots/random_2d_ed/1216/73/1"}, "n_params": {"min": 784308, "max": 784308, "mean": 784308.0, "dir": "snapshots/random_2d_ed/1216/73/0"}, "leaf": false, "n_nets": 5}