{"leaf": true, "dir": "snapshots/random_hybrid_3d/0418/9/1", "n_nets": 1, "name": "Hybrid3DCRF_9_0", "ari": [0.8287128210067749], "miou": [0.623285174369812], "accuracy": [0.9368814826011658], "n_params": [9191], "n_iterations": 55200}