{"leaf": true, "dir": "snapshots/random_2d_ed/1210/9/0", "n_nets": 1, "name": "RandomUnet2D_9_0", "ari": [0.7452495098114014], "miou": [0.3852458894252777], "accuracy": [0.9071837663650513], "n_params": [167629255], "n_iterations": 46550}