{"ari": {"min": 0.5442731976509094, "max": 0.566303014755249, "mean": 0.5552881062030792, "dir": "snapshots/random_2d_ed_dense/0410/100/1"}, "miou": {"min": 0.12402882426977158, "max": 0.2235923856496811, "mean": 0.17381060495972633, "dir": "snapshots/random_2d_ed_dense/0410/100/1"}, "accuracy": {"min": 0.45504653453826904, "max": 0.7463282346725464, "mean": 0.6006873846054077, "dir": "snapshots/random_2d_ed_dense/0410/100/1"}, "n_params": {"min": 2342629, "max": 2342629, "mean": 2342629.0, "dir": "snapshots/random_2d_ed_dense/0410/100/0"}, "leaf": false, "n_nets": 2}