{"ari": {"min": 0.8294152021408081, "max": 0.8376739621162415, "mean": 0.8335445821285248, "dir": "snapshots/random_hybrid_3d/0416/36/0"}, "miou": {"min": 0.4686072766780853, "max": 0.5007592439651489, "mean": 0.4846832603216171, "dir": "snapshots/random_hybrid_3d/0416/36/0"}, "accuracy": {"min": 0.9359976649284363, "max": 0.9407667517662048, "mean": 0.9383822083473206, "dir": "snapshots/random_hybrid_3d/0416/36/0"}, "n_params": {"min": 58516295, "max": 58516442, "mean": 58516368.5, "dir": "snapshots/random_hybrid_3d/0416/36/1"}, "leaf": false, "n_nets": 2}