{"ari": {"min": 0.07384853810071945, "max": 0.4998277425765991, "mean": 0.2868381403386593, "dir": "snapshots/random_2d_ed_dense/0503/64/0"}, "miou": {"min": 0.14624717831611633, "max": 0.2656724750995636, "mean": 0.20595982670783997, "dir": "snapshots/random_2d_ed_dense/0503/64/0"}, "accuracy": {"min": 0.5599824786186218, "max": 0.6831868290901184, "mean": 0.6215846538543701, "dir": "snapshots/random_2d_ed_dense/0503/64/0"}, "n_params": {"min": 1587336, "max": 1587336, "mean": 1587336.0, "dir": "snapshots/random_2d_ed_dense/0503/64/0"}, "leaf": false, "n_nets": 2}