{"leaf": true, "dir": "snapshots/random_hybrid_3d/0424/216/0", "n_nets": 1, "name": "Hybrid3DCRF_216_0", "ari": [0.8277937173843384], "miou": [0.614079475402832], "accuracy": [0.9365398287773132], "n_params": [2930333], "n_iterations": 55200}