{"ari": {"min": 0.016253642737865448, "max": 0.144597589969635, "mean": 0.08042561635375023, "dir": "snapshots/random_2d_ed_dense/0410/27/1"}, "miou": {"min": 0.0803687646985054, "max": 0.09911835193634033, "mean": 0.08974355831742287, "dir": "snapshots/random_2d_ed_dense/0410/27/1"}, "accuracy": {"min": 0.42280423641204834, "max": 0.4930022954940796, "mean": 0.45790326595306396, "dir": "snapshots/random_2d_ed_dense/0410/27/0"}, "n_params": {"min": 2112798, "max": 2112798, "mean": 2112798.0, "dir": "snapshots/random_2d_ed_dense/0410/27/0"}, "leaf": false, "n_nets": 2}