{"ari": {"min": 0.8079943656921387, "max": 0.8241302371025085, "mean": 0.8160623013973236, "dir": "snapshots/random_2d_ed_dense/0410/38/0"}, "miou": {"min": 0.4580957591533661, "max": 0.5205125212669373, "mean": 0.4893041402101517, "dir": "snapshots/random_2d_ed_dense/0410/38/0"}, "accuracy": {"min": 0.9255169630050659, "max": 0.9335516691207886, "mean": 0.9295343160629272, "dir": "snapshots/random_2d_ed_dense/0410/38/0"}, "n_params": {"min": 4450080, "max": 4450080, "mean": 4450080.0, "dir": "snapshots/random_2d_ed_dense/0410/38/0"}, "leaf": false, "n_nets": 2}