{"ari": {"min": 0.8288194537162781, "max": 0.8301640748977661, "mean": 0.8294917643070221, "dir": "snapshots/random_hybrid_3d/0418/0/0"}, "miou": {"min": 0.6170825958251953, "max": 0.6275955438613892, "mean": 0.6223390698432922, "dir": "snapshots/random_hybrid_3d/0418/0/0"}, "accuracy": {"min": 0.9366878271102905, "max": 0.9377132058143616, "mean": 0.937200516462326, "dir": "snapshots/random_hybrid_3d/0418/0/0"}, "n_params": {"min": 1042871, "max": 1043620, "mean": 1043245.5, "dir": "snapshots/random_hybrid_3d/0418/0/1"}, "leaf": false, "n_nets": 2}