{"ari": {"min": 0.836942195892334, "max": 0.8415741920471191, "mean": 0.8392581939697266, "dir": "snapshots/random_hybrid_3d/0416/273/0"}, "miou": {"min": 0.4358730912208557, "max": 0.567843496799469, "mean": 0.5018582940101624, "dir": "snapshots/random_hybrid_3d/0416/273/0"}, "accuracy": {"min": 0.9386900663375854, "max": 0.9431574940681458, "mean": 0.9409237802028656, "dir": "snapshots/random_hybrid_3d/0416/273/0"}, "n_params": {"min": 5122367, "max": 5122367, "mean": 5122367.0, "dir": "snapshots/random_hybrid_3d/0416/273/1"}, "leaf": false, "n_nets": 2}