{"ari": {"min": 0.8274720311164856, "max": 0.8303760886192322, "mean": 0.8289240598678589, "dir": "snapshots/random_hybrid_3d/0424/202/0"}, "miou": {"min": 0.4878978133201599, "max": 0.6148538589477539, "mean": 0.5513758361339569, "dir": "snapshots/random_hybrid_3d/0424/202/0"}, "accuracy": {"min": 0.9357067346572876, "max": 0.9378075003623962, "mean": 0.9367571175098419, "dir": "snapshots/random_hybrid_3d/0424/202/0"}, "n_params": {"min": 6351671, "max": 6351671, "mean": 6351671.0, "dir": "snapshots/random_hybrid_3d/0424/202/0"}, "leaf": false, "n_nets": 2}