{"leaf": true, "dir": "snapshots/hybrid_3d_crf/0404/1/2", "n_nets": 1, "name": "Hybrid3DCRF_1_3", "ari": [0.8282158374786377], "miou": [0.6387006044387817], "accuracy": [0.9366006255149841], "n_params": [1743930], "n_iterations": 47104}