{"ari": {"min": 0.8276352882385254, "max": 0.8412771224975586, "mean": 0.834456205368042, "dir": "snapshots/random_hybrid_3d/0416/292/0"}, "miou": {"min": 0.2999993860721588, "max": 0.41752877831459045, "mean": 0.35876408219337463, "dir": "snapshots/random_hybrid_3d/0416/292/0"}, "accuracy": {"min": 0.9099681973457336, "max": 0.9364186525344849, "mean": 0.9231934249401093, "dir": "snapshots/random_hybrid_3d/0416/292/0"}, "n_params": {"min": 1668515, "max": 1668515, "mean": 1668515.0, "dir": "snapshots/random_hybrid_3d/0416/292/1"}, "leaf": false, "n_nets": 2}