{"leaf": true, "dir": "snapshots/random_hybrid_3d/0418/196/1", "n_nets": 1, "name": "Hybrid3DCRF_196_1", "ari": [0.7547137141227722], "miou": [0.4791420102119446], "accuracy": [0.9110427498817444], "n_params": [2289414], "n_iterations": 42320}