{"ari": {"min": 0.8349425792694092, "max": 0.8387813568115234, "mean": 0.8364068592588106, "dir": "snapshots/hybrid_3d_crf/0318/0/17"}, "miou": {"min": 0.6404442191123962, "max": 0.6506948471069336, "mean": 0.6459182078639666, "dir": "snapshots/hybrid_3d_crf/0318/0/19"}, "accuracy": {"min": 0.9385278820991516, "max": 0.940554141998291, "mean": 0.9393144672115644, "dir": "snapshots/hybrid_3d_crf/0318/0/17"}, "n_params": {"min": 691951, "max": 691951, "mean": 691951.0, "dir": "snapshots/hybrid_3d_crf/0318/0/14"}, "leaf": false, "n_nets": 24}