{"ari": {"min": 0.8262855410575867, "max": 0.8282057046890259, "mean": 0.82699815928936, "dir": "snapshots/hybrid_3d_crf/0404/14/1"}, "miou": {"min": 0.6302242279052734, "max": 0.640537679195404, "mean": 0.6345155537128448, "dir": "snapshots/hybrid_3d_crf/0404/14/1"}, "accuracy": {"min": 0.9357117414474487, "max": 0.9367580413818359, "mean": 0.9361449629068375, "dir": "snapshots/hybrid_3d_crf/0404/14/1"}, "n_params": {"min": 1743930, "max": 1743930, "mean": 1743930.0, "dir": "snapshots/hybrid_3d_crf/0404/14/0"}, "leaf": false, "n_nets": 4}