{"ari": {"min": 0.8277842998504639, "max": 0.8286883234977722, "mean": 0.828236311674118, "dir": "snapshots/random_hybrid_3d/0418/3/1"}, "miou": {"min": 0.5426933169364929, "max": 0.5845907926559448, "mean": 0.5636420547962189, "dir": "snapshots/random_hybrid_3d/0418/3/0"}, "accuracy": {"min": 0.9360746145248413, "max": 0.9368133544921875, "mean": 0.9364439845085144, "dir": "snapshots/random_hybrid_3d/0418/3/1"}, "n_params": {"min": 1587585, "max": 1587732, "mean": 1587658.5, "dir": "snapshots/random_hybrid_3d/0418/3/1"}, "leaf": false, "n_nets": 2}