{"leaf": true, "dir": "snapshots/random_2d_ed_dense/0503/164/0", "n_nets": 1, "name": "RandomUnet2D_164_1", "ari": [0.76411372423172], "miou": [0.5175054669380188], "accuracy": [0.9012890458106995], "n_params": [422557], "n_iterations": 80000}