{"ari": {"min": 0.8195902705192566, "max": 0.8338818550109863, "mean": 0.8284602761268616, "dir": "snapshots/weight_volume/1210/05/1"}, "miou": {"min": 0.4473259150981903, "max": 0.5844582319259644, "mean": 0.5024586260318756, "dir": "snapshots/weight_volume/1210/05/1"}, "accuracy": {"min": 0.9292938709259033, "max": 0.9384442567825317, "mean": 0.9348535656929016, "dir": "snapshots/weight_volume/1210/05/1"}, "n_params": {"min": 31030983, "max": 31030983, "mean": 31030983.0, "dir": "snapshots/weight_volume/1210/05/0"}, "leaf": false, "n_nets": 5}