{"ari": {"min": 0.836581826210022, "max": 0.8416220545768738, "mean": 0.8391019403934479, "dir": "snapshots/random_hybrid_3d/0416/249/1"}, "miou": {"min": 0.43161049485206604, "max": 0.4770040810108185, "mean": 0.45430728793144226, "dir": "snapshots/random_hybrid_3d/0416/249/1"}, "accuracy": {"min": 0.9372263550758362, "max": 0.9404883980751038, "mean": 0.93885737657547, "dir": "snapshots/random_hybrid_3d/0416/249/1"}, "n_params": {"min": 1083895, "max": 1084259, "mean": 1084077.0, "dir": "snapshots/random_hybrid_3d/0416/249/1"}, "leaf": false, "n_nets": 2}