{"ari": {"min": 0.8397672772407532, "max": 0.8411594033241272, "mean": 0.8404633402824402, "dir": "snapshots/random_hybrid_3d/0416/170/0"}, "miou": {"min": 0.5009062886238098, "max": 0.5104593634605408, "mean": 0.5056828260421753, "dir": "snapshots/random_hybrid_3d/0416/170/1"}, "accuracy": {"min": 0.9413495063781738, "max": 0.9422174692153931, "mean": 0.9417834877967834, "dir": "snapshots/random_hybrid_3d/0416/170/1"}, "n_params": {"min": 4857012, "max": 4857012, "mean": 4857012.0, "dir": "snapshots/random_hybrid_3d/0416/170/0"}, "leaf": false, "n_nets": 2}