{"ari": {"min": 0.5082268714904785, "max": 0.5082268714904785, "mean": 0.5082268714904785, "dir": "snapshots/random_2d_ed_dense/0503/298/1"}, "miou": {"min": 0.24901355803012848, "max": 0.24901355803012848, "mean": 0.24901355803012848, "dir": "snapshots/random_2d_ed_dense/0503/298/1"}, "accuracy": {"min": 0.73675936460495, "max": 0.73675936460495, "mean": 0.73675936460495, "dir": "snapshots/random_2d_ed_dense/0503/298/1"}, "n_params": {"min": 2598405, "max": 2598405, "mean": 2598405.0, "dir": "snapshots/random_2d_ed_dense/0503/298/1"}, "leaf": false, "n_nets": 1}