{"ari": {"min": 0.8153773546218872, "max": 0.8245862126350403, "mean": 0.8199817836284637, "dir": "snapshots/random_2d_ed_dense/0503/144/0"}, "miou": {"min": 0.5980234742164612, "max": 0.6255953907966614, "mean": 0.6118094325065613, "dir": "snapshots/random_2d_ed_dense/0503/144/0"}, "accuracy": {"min": 0.9284893274307251, "max": 0.9359649419784546, "mean": 0.9322271347045898, "dir": "snapshots/random_2d_ed_dense/0503/144/0"}, "n_params": {"min": 4331739, "max": 4331739, "mean": 4331739.0, "dir": "snapshots/random_2d_ed_dense/0503/144/0"}, "leaf": false, "n_nets": 2}