{"leaf": true, "dir": "snapshots/random_2d_ed_dense/0410/83/0", "n_nets": 1, "name": "RandomUnet2D_83_0", "ari": [0.00837390311062336], "miou": [0.010065152309834957], "accuracy": [0.047956157475709915], "n_params": [5314431], "n_iterations": 19800}