{"ari": {"min": 0.7204477787017822, "max": 0.8407946228981018, "mean": 0.780621200799942, "dir": "snapshots/random_hybrid_3d/0416/100/0"}, "miou": {"min": 0.24758049845695496, "max": 0.5037718415260315, "mean": 0.3756761699914932, "dir": "snapshots/random_hybrid_3d/0416/100/0"}, "accuracy": {"min": 0.8969030380249023, "max": 0.941947877407074, "mean": 0.9194254577159882, "dir": "snapshots/random_hybrid_3d/0416/100/0"}, "n_params": {"min": 40213414, "max": 40215409, "mean": 40214411.5, "dir": "snapshots/random_hybrid_3d/0416/100/0"}, "leaf": false, "n_nets": 2}