{"leaf": true, "dir": "snapshots/random_2d_ed/1210/29/3", "n_nets": 1, "name": "RandomUnet2D_29_4", "ari": [0.7772909998893738], "miou": [0.3948970437049866], "accuracy": [0.9040427803993225], "n_params": [1002928], "n_iterations": 16000}