{"ari": {"min": 0.8210054039955139, "max": 0.8285583257675171, "mean": 0.8247818648815155, "dir": "snapshots/random_2d_ed_dense/0503/54/1"}, "miou": {"min": 0.6179853081703186, "max": 0.6273177266120911, "mean": 0.6226515173912048, "dir": "snapshots/random_2d_ed_dense/0503/54/1"}, "accuracy": {"min": 0.9321884512901306, "max": 0.936843991279602, "mean": 0.9345162212848663, "dir": "snapshots/random_2d_ed_dense/0503/54/1"}, "n_params": {"min": 4935556, "max": 4935556, "mean": 4935556.0, "dir": "snapshots/random_2d_ed_dense/0503/54/0"}, "leaf": false, "n_nets": 2}