{"ari": {"min": 0.795733630657196, "max": 0.8345418572425842, "mean": 0.8151377439498901, "dir": "snapshots/random_hybrid_3d/0416/230/1"}, "miou": {"min": 0.28783315420150757, "max": 0.4421394169330597, "mean": 0.36498628556728363, "dir": "snapshots/random_hybrid_3d/0416/230/1"}, "accuracy": {"min": 0.9144365191459656, "max": 0.9359642267227173, "mean": 0.9252003729343414, "dir": "snapshots/random_hybrid_3d/0416/230/1"}, "n_params": {"min": 119548, "max": 119548, "mean": 119548.0, "dir": "snapshots/random_hybrid_3d/0416/230/0"}, "leaf": false, "n_nets": 2}