{"leaf": true, "dir": "snapshots/random_hybrid_3d/0416/114/0", "n_nets": 1, "name": "Hybrid3DCRF_114_1", "ari": [0.8371365666389465], "miou": [0.508226752281189], "accuracy": [0.9412373304367065], "n_params": [8074250], "n_iterations": 368}