{"ari": {"min": 0.0028678334783762693, "max": 0.044203680008649826, "mean": 0.023535756743513048, "dir": "snapshots/random_2d_ed_dense/0503/65/0"}, "miou": {"min": 0.08858627080917358, "max": 0.10954374819993973, "mean": 0.09906500950455666, "dir": "snapshots/random_2d_ed_dense/0503/65/0"}, "accuracy": {"min": 0.4279472827911377, "max": 0.4965415596961975, "mean": 0.4622444212436676, "dir": "snapshots/random_2d_ed_dense/0503/65/1"}, "n_params": {"min": 10074468, "max": 10074468, "mean": 10074468.0, "dir": "snapshots/random_2d_ed_dense/0503/65/0"}, "leaf": false, "n_nets": 2}