{"leaf": true, "dir": "snapshots/hybrid_3d_crf/0404/8/2", "n_nets": 1, "name": "Hybrid3DCRF_8_1", "ari": [0.826647937297821], "miou": [0.636139988899231], "accuracy": [0.9358820915222168], "n_params": [1743930], "n_iterations": 44160}