{"ari": {"min": 0.8304153680801392, "max": 0.8430101275444031, "mean": 0.8367127478122711, "dir": "snapshots/random_hybrid_3d/0416/222/0"}, "miou": {"min": 0.4952849745750427, "max": 0.5610902905464172, "mean": 0.52818763256073, "dir": "snapshots/random_hybrid_3d/0416/222/0"}, "accuracy": {"min": 0.9374653100967407, "max": 0.9428200721740723, "mean": 0.9401426911354065, "dir": "snapshots/random_hybrid_3d/0416/222/0"}, "n_params": {"min": 179386, "max": 179386, "mean": 179386.0, "dir": "snapshots/random_hybrid_3d/0416/222/0"}, "leaf": false, "n_nets": 2}