{"leaf": true, "dir": "snapshots/random_hybrid_3d/0424/184/1", "n_nets": 1, "name": "Hybrid3DCRF_184_0", "ari": [0.8288862705230713], "miou": [0.6173978447914124], "accuracy": [0.9369441866874695], "n_params": [2276535], "n_iterations": 55200}