{"ari": {"min": 0.8365511298179626, "max": 0.8397813439369202, "mean": 0.8381662368774414, "dir": "snapshots/random_hybrid_3d/0416/113/1"}, "miou": {"min": 0.5291123986244202, "max": 0.5647332072257996, "mean": 0.5469228029251099, "dir": "snapshots/random_hybrid_3d/0416/113/1"}, "accuracy": {"min": 0.9401481747627258, "max": 0.9425213932991028, "mean": 0.9413347840309143, "dir": "snapshots/random_hybrid_3d/0416/113/1"}, "n_params": {"min": 130746, "max": 130893, "mean": 130819.5, "dir": "snapshots/random_hybrid_3d/0416/113/0"}, "leaf": false, "n_nets": 2}