{"ari": {"min": -0.010840112343430519, "max": 0.845966100692749, "mean": 0.7310722607798993, "dir": "snapshots/random_hybrid_3d/0416/69/0"}, "miou": {"min": 0.039121586829423904, "max": 0.6638931632041931, "mean": 0.4214944287797614, "dir": "snapshots/random_hybrid_3d/0416/129/0"}, "accuracy": {"min": 0.15846918523311615, "max": 0.9446901679039001, "mean": 0.884692954333184, "dir": "snapshots/random_hybrid_3d/0416/69/0"}, "n_params": {"min": 4263, "max": 82797454, "mean": 4521981.125628141, "dir": "snapshots/random_hybrid_3d/0416/294/0"}, "leaf": false, "n_nets": 597}