{"ari": {"min": -6.765410968397707e-18, "max": 0.8325470685958862, "mean": 0.8184907573243875, "dir": "snapshots/random_hybrid_3d/0418/81/0"}, "miou": {"min": 0.0677533894777298, "max": 0.6347564458847046, "mean": 0.584543445534753, "dir": "snapshots/random_hybrid_3d/0418/27/1"}, "accuracy": {"min": 0.4742737412452698, "max": 0.9386899471282959, "mean": 0.9314932644032361, "dir": "snapshots/random_hybrid_3d/0418/32/0"}, "n_params": {"min": 3591, "max": 97048527, "mean": 4645260.9691011235, "dir": "snapshots/random_hybrid_3d/0424/74/1"}, "leaf": false, "n_nets": 712}