{"ari": {"min": -0.010840112343430519, "max": 0.845966100692749, "mean": 0.7648520994110044, "dir": "snapshots/random_hybrid_3d/0416/69/0"}, "miou": {"min": 0.039121586829423904, "max": 0.6638931632041931, "mean": 0.48609577531355275, "dir": "snapshots/random_hybrid_3d/0416/129/0"}, "accuracy": {"min": 0.15846918523311615, "max": 0.9446901679039001, "mean": 0.9028236459281465, "dir": "snapshots/random_hybrid_3d/0416/69/0"}, "n_params": {"min": 3591, "max": 97048527, "mean": 4908681.03600823, "dir": "snapshots/random_hybrid_3d/0424/74/1"}, "leaf": false, "n_nets": 972}