{"ari": {"min": -0.010840112343430519, "max": 0.845966100692749, "mean": 0.7520670480731539, "dir": "snapshots/random_hybrid_3d/0416/69/0"}, "miou": {"min": 0.039121586829423904, "max": 0.6638931632041931, "mean": 0.4623336546302674, "dir": "snapshots/random_hybrid_3d/0416/129/0"}, "accuracy": {"min": 0.15846918523311615, "max": 0.9446901679039001, "mean": 0.8959774528322789, "dir": "snapshots/random_hybrid_3d/0416/69/0"}, "n_params": {"min": 4263, "max": 82797454, "mean": 4632930.199238579, "dir": "snapshots/random_hybrid_3d/0416/294/0"}, "leaf": false, "n_nets": 788}