{"ari": {"min": 0.006842810660600662, "max": 0.835813581943512, "mean": 0.4213281963020563, "dir": "snapshots/random_hybrid_3d/0416/101/1"}, "miou": {"min": 0.09942775964736938, "max": 0.4992903172969818, "mean": 0.2993590384721756, "dir": "snapshots/random_hybrid_3d/0416/101/1"}, "accuracy": {"min": 0.48659518361091614, "max": 0.9398833513259888, "mean": 0.7132392674684525, "dir": "snapshots/random_hybrid_3d/0416/101/1"}, "n_params": {"min": 5950268, "max": 5950415, "mean": 5950341.5, "dir": "snapshots/random_hybrid_3d/0416/101/1"}, "leaf": false, "n_nets": 2}