{"ari": {"min": 0.8294137120246887, "max": 0.829859733581543, "mean": 0.8296367228031158, "dir": "snapshots/random_hybrid_3d/0424/90/0"}, "miou": {"min": 0.6113587617874146, "max": 0.6196361184120178, "mean": 0.6154974400997162, "dir": "snapshots/random_hybrid_3d/0424/90/0"}, "accuracy": {"min": 0.9373247623443604, "max": 0.9373294115066528, "mean": 0.9373270869255066, "dir": "snapshots/random_hybrid_3d/0424/90/0"}, "n_params": {"min": 1401041, "max": 1401041, "mean": 1401041.0, "dir": "snapshots/random_hybrid_3d/0424/90/0"}, "leaf": false, "n_nets": 2}