{"ari": {"min": -1.5972907259235718e-17, "max": 0.826393723487854, "mean": 0.2065984308719635, "dir": "snapshots/hybrid_3d_crf/0404/15/2"}, "miou": {"min": 0.06588955223560333, "max": 0.5307728052139282, "mean": 0.18211036548018456, "dir": "snapshots/hybrid_3d_crf/0404/15/2"}, "accuracy": {"min": 0.46122685074806213, "max": 0.9353644847869873, "mean": 0.5797612592577934, "dir": "snapshots/hybrid_3d_crf/0404/15/2"}, "n_params": {"min": 1743930, "max": 1743930, "mean": 1743930.0, "dir": "snapshots/hybrid_3d_crf/0404/15/0"}, "leaf": false, "n_nets": 4}