{"leaf": true, "dir": "snapshots/random_2d_ed/1216/21/4", "n_nets": 1, "name": "RandomUnet2D_21_4", "ari": [0.7143294215202332], "miou": [0.2693374454975128], "accuracy": [0.87882399559021], "n_params": [2459732], "n_iterations": 24475}