{"leaf": true, "dir": "snapshots/hybrid_3d_crf/0316/0/12", "n_nets": 1, "name": "Hybrid3DCRF_0_7", "ari": [0.8356302380561829], "miou": [0.648051917552948], "accuracy": [0.939178466796875], "n_params": [691951], "n_iterations": 32400}