{"leaf": true, "dir": "snapshots/random_2d_ed/1210/9/4", "n_nets": 1, "name": "RandomUnet2D_9_4", "ari": [0.7789453864097595], "miou": [0.40546348690986633], "accuracy": [0.9206377267837524], "n_params": [167629255], "n_iterations": 41650}