{"ari": {"min": 0.733644962310791, "max": 0.7579846978187561, "mean": 0.7458148300647736, "dir": "snapshots/random_2d_ed_dense/0503/253/1"}, "miou": {"min": 0.45967915654182434, "max": 0.5216809511184692, "mean": 0.4906800538301468, "dir": "snapshots/random_2d_ed_dense/0503/253/1"}, "accuracy": {"min": 0.8876819610595703, "max": 0.9003817439079285, "mean": 0.8940318524837494, "dir": "snapshots/random_2d_ed_dense/0503/253/1"}, "n_params": {"min": 3976560, "max": 3976560, "mean": 3976560.0, "dir": "snapshots/random_2d_ed_dense/0503/253/0"}, "leaf": false, "n_nets": 2}