{"leaf": true, "dir": "snapshots/hybrid_3d_crf/0404/13/1", "n_nets": 1, "name": "Hybrid3DCRF_13_0", "ari": [0.826559841632843], "miou": [0.6365942358970642], "accuracy": [0.9359632730484009], "n_params": [1743930], "n_iterations": 44160}