{"leaf": true, "dir": "snapshots/random_2d_ed/1216/4/1", "n_nets": 1, "name": "RandomUnet2D_4_1", "ari": [0.7570879459381104], "miou": [0.3623562455177307], "accuracy": [0.8995869755744934], "n_params": [5435039], "n_iterations": 96120}