{"leaf": true, "dir": "snapshots/random_hybrid_3d/0416/162/0", "n_nets": 1, "name": "Hybrid3DCRF_162_0", "ari": [0.8190858364105225], "miou": [0.42087143659591675], "accuracy": [0.9342063069343567], "n_params": [171444], "n_iterations": 368}