{"leaf": true, "dir": "snapshots/random_2d_ed/1216/57/2", "n_nets": 1, "name": "RandomUnet2D_57_2", "ari": [0.7992923259735107], "miou": [0.4003605842590332], "accuracy": [0.9124507904052734], "n_params": [1814012], "n_iterations": 41652}