{"ari": {"min": 0.8269615173339844, "max": 0.8286994695663452, "mean": 0.8279201537370682, "dir": "snapshots/hybrid_3d_crf/0404/3/0"}, "miou": {"min": 0.6355425119400024, "max": 0.6376940608024597, "mean": 0.6367183923721313, "dir": "snapshots/hybrid_3d_crf/0404/3/0"}, "accuracy": {"min": 0.9360267519950867, "max": 0.9368792176246643, "mean": 0.9364819377660751, "dir": "snapshots/hybrid_3d_crf/0404/3/0"}, "n_params": {"min": 1743930, "max": 1743930, "mean": 1743930.0, "dir": "snapshots/hybrid_3d_crf/0404/3/3"}, "leaf": false, "n_nets": 4}