{"ari": {"min": 0.840419352054596, "max": 0.8413412570953369, "mean": 0.8408803045749664, "dir": "snapshots/random_hybrid_3d/0416/17/1"}, "miou": {"min": 0.5137847065925598, "max": 0.5693842768669128, "mean": 0.5415844917297363, "dir": "snapshots/random_hybrid_3d/0416/17/0"}, "accuracy": {"min": 0.9411283135414124, "max": 0.9423857927322388, "mean": 0.9417570531368256, "dir": "snapshots/random_hybrid_3d/0416/17/0"}, "n_params": {"min": 7346317, "max": 7347969, "mean": 7347143.0, "dir": "snapshots/random_hybrid_3d/0416/17/1"}, "leaf": false, "n_nets": 2}