{"leaf": true, "dir": "snapshots/random_2d_ed/1210/88/4", "n_nets": 1, "name": "RandomUnet2D_88_4", "ari": [0.7873212695121765], "miou": [0.38304558396339417], "accuracy": [0.9156835675239563], "n_params": [79628551], "n_iterations": 36000}