{"ari": {"min": 0.6633610725402832, "max": 0.7952093482017517, "mean": 0.7585157871246337, "dir": "snapshots/random_2d_ed/1210/41/1"}, "miou": {"min": 0.2833937704563141, "max": 0.5543652176856995, "mean": 0.4274844825267792, "dir": "snapshots/random_2d_ed/1210/41/4"}, "accuracy": {"min": 0.8680127263069153, "max": 0.9227451682090759, "mean": 0.9064510107040405, "dir": "snapshots/random_2d_ed/1210/41/1"}, "n_params": {"min": 29232314, "max": 29232314, "mean": 29232314.0, "dir": "snapshots/random_2d_ed/1210/41/0"}, "leaf": false, "n_nets": 5}