{"leaf": true, "dir": "snapshots/random_2d_ed_dense/0503/64/0", "n_nets": 1, "name": "RandomUnet2D_64_0", "ari": [0.4998277425765991], "miou": [0.2656724750995636], "accuracy": [0.6831868290901184], "n_params": [1587336], "n_iterations": 8800}