{"ari": {"min": 0.8276881575584412, "max": 0.8286841511726379, "mean": 0.8281861543655396, "dir": "snapshots/random_hybrid_3d/0424/100/1"}, "miou": {"min": 0.6181445717811584, "max": 0.6277586817741394, "mean": 0.6229516267776489, "dir": "snapshots/random_hybrid_3d/0424/100/1"}, "accuracy": {"min": 0.9364387392997742, "max": 0.9366950988769531, "mean": 0.9365669190883636, "dir": "snapshots/random_hybrid_3d/0424/100/1"}, "n_params": {"min": 6482446, "max": 6482446, "mean": 6482446.0, "dir": "snapshots/random_hybrid_3d/0424/100/0"}, "leaf": false, "n_nets": 2}