{"leaf": true, "dir": "snapshots/random_hybrid_3d/0424/240/1", "n_nets": 1, "name": "Hybrid3DCRF_240_0", "ari": [0.8297767639160156], "miou": [0.6215201020240784], "accuracy": [0.9372215270996094], "n_params": [918155], "n_iterations": 55200}