{"leaf": true, "dir": "snapshots/random_hybrid_3d/0416/105/1", "n_nets": 1, "name": "Hybrid3DCRF_105_0", "ari": [0.8256378769874573], "miou": [0.4395487308502197], "accuracy": [0.9368055462837219], "n_params": [11624428], "n_iterations": 368}