{"ari": {"min": 0.830432653427124, "max": 0.8305128216743469, "mean": 0.8304727375507355, "dir": "snapshots/random_hybrid_3d/0424/153/0"}, "miou": {"min": 0.6190395355224609, "max": 0.6198907494544983, "mean": 0.6194651424884796, "dir": "snapshots/random_hybrid_3d/0424/153/1"}, "accuracy": {"min": 0.9374715685844421, "max": 0.9376968145370483, "mean": 0.9375841915607452, "dir": "snapshots/random_hybrid_3d/0424/153/0"}, "n_params": {"min": 4702023, "max": 4702555, "mean": 4702289.0, "dir": "snapshots/random_hybrid_3d/0424/153/0"}, "leaf": false, "n_nets": 2}