{"leaf": true, "dir": "snapshots/random_hybrid_3d/0416/182/1", "n_nets": 1, "name": "Hybrid3DCRF_182_0", "ari": [0.7852939367294312], "miou": [0.33395910263061523], "accuracy": [0.9164873361587524], "n_params": [1625188], "n_iterations": 368}