{"ari": {"min": 3.936613666155608e-06, "max": 0.8439249396324158, "mean": 0.42196443812304096, "dir": "snapshots/random_hybrid_3d/0416/201/1"}, "miou": {"min": 0.06613299995660782, "max": 0.5761857628822327, "mean": 0.32115938141942024, "dir": "snapshots/random_hybrid_3d/0416/201/1"}, "accuracy": {"min": 0.46287673711776733, "max": 0.9436948895454407, "mean": 0.703285813331604, "dir": "snapshots/random_hybrid_3d/0416/201/1"}, "n_params": {"min": 947721, "max": 949863, "mean": 948792.0, "dir": "snapshots/random_hybrid_3d/0416/201/1"}, "leaf": false, "n_nets": 2}