{"ari": {"min": 0.6778019070625305, "max": 0.7822970747947693, "mean": 0.7300494909286499, "dir": "snapshots/random_2d_ed_dense/0503/216/1"}, "miou": {"min": 0.42483463883399963, "max": 0.512575626373291, "mean": 0.4687051326036453, "dir": "snapshots/random_2d_ed_dense/0503/216/1"}, "accuracy": {"min": 0.8425445556640625, "max": 0.9130525588989258, "mean": 0.8777985572814941, "dir": "snapshots/random_2d_ed_dense/0503/216/1"}, "n_params": {"min": 558351, "max": 558351, "mean": 558351.0, "dir": "snapshots/random_2d_ed_dense/0503/216/0"}, "leaf": false, "n_nets": 2}