{"ari": {"min": 0.8267143964767456, "max": 0.8365070819854736, "mean": 0.8316107392311096, "dir": "snapshots/random_hybrid_3d/0416/39/0"}, "miou": {"min": 0.4337621331214905, "max": 0.5561171174049377, "mean": 0.4949396252632141, "dir": "snapshots/random_hybrid_3d/0416/39/0"}, "accuracy": {"min": 0.9355782866477966, "max": 0.9396225214004517, "mean": 0.9376004040241241, "dir": "snapshots/random_hybrid_3d/0416/39/0"}, "n_params": {"min": 3336097, "max": 3336440, "mean": 3336268.5, "dir": "snapshots/random_hybrid_3d/0416/39/0"}, "leaf": false, "n_nets": 2}