{"leaf": true, "dir": "snapshots/random_hybrid_3d/0416/171/0", "n_nets": 1, "name": "Hybrid3DCRF_171_0", "ari": [0.7590065598487854], "miou": [0.298299640417099], "accuracy": [0.9096490144729614], "n_params": [8922749], "n_iterations": 368}