{"leaf": true, "dir": "snapshots/random_hybrid_3d/0416/215/1", "n_nets": 1, "name": "Hybrid3DCRF_215_1", "ari": [0.8420303463935852], "miou": [0.5507721304893494], "accuracy": [0.9428802728652954], "n_params": [35726187], "n_iterations": 368}