{"leaf": true, "dir": "snapshots/random_hybrid_3d/0424/167/0", "n_nets": 1, "name": "Hybrid3DCRF_167_0", "ari": [0.8284681439399719], "miou": [0.6199297308921814], "accuracy": [0.9367436766624451], "n_params": [3350994], "n_iterations": 55200}