{"ari": {"min": 0.8368187546730042, "max": 0.8424896001815796, "mean": 0.8396541774272919, "dir": "snapshots/random_hybrid_3d/0416/205/0"}, "miou": {"min": 0.4253098964691162, "max": 0.5640878081321716, "mean": 0.4946988523006439, "dir": "snapshots/random_hybrid_3d/0416/205/0"}, "accuracy": {"min": 0.9359557628631592, "max": 0.9430696368217468, "mean": 0.939512699842453, "dir": "snapshots/random_hybrid_3d/0416/205/0"}, "n_params": {"min": 59602, "max": 59749, "mean": 59675.5, "dir": "snapshots/random_hybrid_3d/0416/205/0"}, "leaf": false, "n_nets": 2}