{"leaf": true, "dir": "snapshots/random_2d_ed/1210/8/0", "n_nets": 1, "name": "RandomUnet2D_8_0", "ari": [0.7838912010192871], "miou": [0.5500374436378479], "accuracy": [0.9126924872398376], "n_params": [8785339], "n_iterations": 16000}