{"leaf": true, "dir": "snapshots/random_hybrid_3d/0418/36/0", "n_nets": 1, "name": "Hybrid3DCRF_36_0", "ari": [0.831118106842041], "miou": [0.5419069528579712], "accuracy": [0.9379051923751831], "n_params": [58518269], "n_iterations": 31280}