{"ari": {"min": 0.8304704427719116, "max": 0.8314594030380249, "mean": 0.8309649229049683, "dir": "snapshots/random_hybrid_3d/0424/16/0"}, "miou": {"min": 0.6149076223373413, "max": 0.6262262463569641, "mean": 0.6205669343471527, "dir": "snapshots/random_hybrid_3d/0424/16/0"}, "accuracy": {"min": 0.9373050928115845, "max": 0.9381487369537354, "mean": 0.9377269148826599, "dir": "snapshots/random_hybrid_3d/0424/16/0"}, "n_params": {"min": 571580, "max": 571748, "mean": 571664.0, "dir": "snapshots/random_hybrid_3d/0424/16/0"}, "leaf": false, "n_nets": 2}