{"ari": {"min": 0.8256378769874573, "max": 0.8400645852088928, "mean": 0.832851231098175, "dir": "snapshots/random_hybrid_3d/0416/105/0"}, "miou": {"min": 0.4395487308502197, "max": 0.4986271560192108, "mean": 0.46908794343471527, "dir": "snapshots/random_hybrid_3d/0416/105/0"}, "accuracy": {"min": 0.9368055462837219, "max": 0.9407560229301453, "mean": 0.9387807846069336, "dir": "snapshots/random_hybrid_3d/0416/105/0"}, "n_params": {"min": 11621887, "max": 11624428, "mean": 11623157.5, "dir": "snapshots/random_hybrid_3d/0416/105/1"}, "leaf": false, "n_nets": 2}