{"leaf": true, "dir": "snapshots/random_hybrid_3d/0416/64/0", "n_nets": 1, "name": "Hybrid3DCRF_64_0", "ari": [0.8209023475646973], "miou": [0.3520298898220062], "accuracy": [0.9235779047012329], "n_params": [146307], "n_iterations": 368}