{"ari": {"min": 0.818440318107605, "max": 0.8284841775894165, "mean": 0.8234622478485107, "dir": "snapshots/random_hybrid_3d/0424/114/0"}, "miou": {"min": 0.5524846911430359, "max": 0.613869309425354, "mean": 0.583177000284195, "dir": "snapshots/random_hybrid_3d/0424/114/0"}, "accuracy": {"min": 0.9315500259399414, "max": 0.9365953803062439, "mean": 0.9340727031230927, "dir": "snapshots/random_hybrid_3d/0424/114/0"}, "n_params": {"min": 945150, "max": 945374, "mean": 945262.0, "dir": "snapshots/random_hybrid_3d/0424/114/1"}, "leaf": false, "n_nets": 2}