{"ari": {"min": 0.8268275856971741, "max": 0.8303254842758179, "mean": 0.828576534986496, "dir": "snapshots/random_hybrid_3d/0418/29/0"}, "miou": {"min": 0.6180881261825562, "max": 0.6250611543655396, "mean": 0.6215746402740479, "dir": "snapshots/random_hybrid_3d/0418/29/0"}, "accuracy": {"min": 0.9357780814170837, "max": 0.9378534555435181, "mean": 0.9368157684803009, "dir": "snapshots/random_hybrid_3d/0418/29/0"}, "n_params": {"min": 3566975, "max": 3566975, "mean": 3566975.0, "dir": "snapshots/random_hybrid_3d/0418/29/0"}, "leaf": false, "n_nets": 2}