{"ari": {"min": 0.8274274468421936, "max": 0.8287290930747986, "mean": 0.8280782699584961, "dir": "snapshots/random_hybrid_3d/0418/29/0"}, "miou": {"min": 0.6124994158744812, "max": 0.6223717927932739, "mean": 0.6174356043338776, "dir": "snapshots/random_hybrid_3d/0418/29/0"}, "accuracy": {"min": 0.9361466765403748, "max": 0.936369776725769, "mean": 0.9362582266330719, "dir": "snapshots/random_hybrid_3d/0418/29/0"}, "n_params": {"min": 3566975, "max": 3566975, "mean": 3566975.0, "dir": "snapshots/random_hybrid_3d/0418/29/0"}, "leaf": false, "n_nets": 2}