{"leaf": true, "dir": "snapshots/random_hybrid_3d/0416/73/0", "n_nets": 1, "name": "Hybrid3DCRF_73_1", "ari": [0.025768158957362175], "miou": [0.11647864431142807], "accuracy": [0.47801798582077026], "n_params": [29349], "n_iterations": 368}