{"leaf": true, "dir": "snapshots/random_2d_ed/1210/72/3", "n_nets": 1, "name": "RandomUnet2D_72_1", "ari": [0.7720034122467041], "miou": [0.31228309869766235], "accuracy": [0.9129846096038818], "n_params": [2208110], "n_iterations": 25000}