{"ari": {"min": 0.827606201171875, "max": 0.827606201171875, "mean": 0.827606201171875, "dir": "snapshots/random_hybrid_3d/0418/107/0"}, "miou": {"min": 0.6174308657646179, "max": 0.6174308657646179, "mean": 0.6174308657646179, "dir": "snapshots/random_hybrid_3d/0418/107/0"}, "accuracy": {"min": 0.9360266923904419, "max": 0.9360266923904419, "mean": 0.9360266923904419, "dir": "snapshots/random_hybrid_3d/0418/107/0"}, "n_params": {"min": 1920706, "max": 1920706, "mean": 1920706.0, "dir": "snapshots/random_hybrid_3d/0418/107/0"}, "leaf": false, "n_nets": 1}