{"ari": {"min": 0.06917379796504974, "max": 0.7994800209999084, "mean": 0.640768226981163, "dir": "snapshots/random_2d_ed/1216/46/2"}, "miou": {"min": 0.09725271165370941, "max": 0.5628636479377747, "mean": 0.36863437592983245, "dir": "snapshots/random_2d_ed/1216/46/2"}, "accuracy": {"min": 0.49445101618766785, "max": 0.9186381697654724, "mean": 0.8257269322872162, "dir": "snapshots/random_2d_ed/1216/46/2"}, "n_params": {"min": 4884620, "max": 4884620, "mean": 4884620.0, "dir": "snapshots/random_2d_ed/1216/46/0"}, "leaf": false, "n_nets": 5}