{"ari": {"min": 0.8376871943473816, "max": 0.8381437659263611, "mean": 0.8379154801368713, "dir": "snapshots/random_hybrid_3d/0416/287/0"}, "miou": {"min": 0.43083909153938293, "max": 0.43407177925109863, "mean": 0.4324554353952408, "dir": "snapshots/random_hybrid_3d/0416/287/1"}, "accuracy": {"min": 0.9383494257926941, "max": 0.9383824467658997, "mean": 0.9383659362792969, "dir": "snapshots/random_hybrid_3d/0416/287/0"}, "n_params": {"min": 683017, "max": 683304, "mean": 683160.5, "dir": "snapshots/random_hybrid_3d/0416/287/0"}, "leaf": false, "n_nets": 2}