{"ari": {"min": 0.560968816280365, "max": 0.6625522971153259, "mean": 0.6026602387428284, "dir": "snapshots/random_2d_ed/1216/45/1"}, "miou": {"min": 0.24996621906757355, "max": 0.3078945577144623, "mean": 0.28152768313884735, "dir": "snapshots/random_2d_ed/1216/45/2"}, "accuracy": {"min": 0.8658925294876099, "max": 0.8897292613983154, "mean": 0.8740989208221436, "dir": "snapshots/random_2d_ed/1216/45/1"}, "n_params": {"min": 10932082, "max": 10932082, "mean": 10932082.0, "dir": "snapshots/random_2d_ed/1216/45/0"}, "leaf": false, "n_nets": 5}