{"ari": {"min": 0.7598312497138977, "max": 0.8236647248268127, "mean": 0.7917479872703552, "dir": "snapshots/random_2d_ed_dense/0410/163/1"}, "miou": {"min": 0.4129883348941803, "max": 0.5404825806617737, "mean": 0.476735457777977, "dir": "snapshots/random_2d_ed_dense/0410/163/1"}, "accuracy": {"min": 0.8979364633560181, "max": 0.9354471564292908, "mean": 0.9166918098926544, "dir": "snapshots/random_2d_ed_dense/0410/163/1"}, "n_params": {"min": 5461191, "max": 5461191, "mean": 5461191.0, "dir": "snapshots/random_2d_ed_dense/0410/163/0"}, "leaf": false, "n_nets": 2}