{"leaf": true, "dir": "snapshots/random_2d_ed/1210/83/1", "n_nets": 1, "name": "RandomUnet2D_83_0", "ari": [0.7331224083900452], "miou": [0.3804170489311218], "accuracy": [0.8774701356887817], "n_params": [1211171], "n_iterations": 16000}