{"ari": {"min": 0.7976186871528625, "max": 0.8288275599479675, "mean": 0.813223123550415, "dir": "snapshots/random_hybrid_3d/0418/45/0"}, "miou": {"min": 0.5421909093856812, "max": 0.621090292930603, "mean": 0.5816406011581421, "dir": "snapshots/random_hybrid_3d/0418/45/0"}, "accuracy": {"min": 0.9215520024299622, "max": 0.9368392825126648, "mean": 0.9291956424713135, "dir": "snapshots/random_hybrid_3d/0418/45/0"}, "n_params": {"min": 24199, "max": 24346, "mean": 24272.5, "dir": "snapshots/random_hybrid_3d/0418/45/0"}, "leaf": false, "n_nets": 2}