{"ari": {"min": 0.7980146408081055, "max": 0.8314306735992432, "mean": 0.8147226572036743, "dir": "snapshots/random_hybrid_3d/0418/45/0"}, "miou": {"min": 0.5433499217033386, "max": 0.6211823225021362, "mean": 0.5822661221027374, "dir": "snapshots/random_hybrid_3d/0418/45/0"}, "accuracy": {"min": 0.9216786026954651, "max": 0.9377906918525696, "mean": 0.9297346472740173, "dir": "snapshots/random_hybrid_3d/0418/45/0"}, "n_params": {"min": 24199, "max": 24346, "mean": 24272.5, "dir": "snapshots/random_hybrid_3d/0418/45/0"}, "leaf": false, "n_nets": 2}