{"ari": {"min": -0.003130256198346615, "max": 0.845966100692749, "mean": 0.7414838698661039, "dir": "snapshots/random_hybrid_3d/0416/69/0"}, "miou": {"min": 0.06557396799325943, "max": 0.6576579213142395, "mean": 0.43611539932007487, "dir": "snapshots/random_hybrid_3d/0416/2/0"}, "accuracy": {"min": 0.4475666582584381, "max": 0.9446901679039001, "mean": 0.8915640502534015, "dir": "snapshots/random_hybrid_3d/0416/69/0"}, "n_params": {"min": 7847, "max": 58516442, "mean": 5449013.163120568, "dir": "snapshots/random_hybrid_3d/0416/36/1"}, "leaf": false, "n_nets": 141}