{"ari": {"min": 0.6629942655563354, "max": 0.8095912933349609, "mean": 0.7336836338043213, "dir": "snapshots/random_2d_ed/1216/24/1"}, "miou": {"min": 0.20742236077785492, "max": 0.4809190034866333, "mean": 0.33164959847927095, "dir": "snapshots/random_2d_ed/1216/24/1"}, "accuracy": {"min": 0.8641864657402039, "max": 0.9173975586891174, "mean": 0.8842645168304444, "dir": "snapshots/random_2d_ed/1216/24/1"}, "n_params": {"min": 2595144, "max": 2595144, "mean": 2595144.0, "dir": "snapshots/random_2d_ed/1216/24/0"}, "leaf": false, "n_nets": 5}