{"leaf": true, "dir": "snapshots/random_2d_ed/1216/36/4", "n_nets": 1, "name": "RandomUnet2D_36_4", "ari": [0.786290168762207], "miou": [0.3953705430030823], "accuracy": [0.9055449366569519], "n_params": [6426283], "n_iterations": 42720}