{"ari": {"min": 0.8271416425704956, "max": 0.8287546634674072, "mean": 0.8279481530189514, "dir": "snapshots/random_hybrid_3d/0424/210/1"}, "miou": {"min": 0.5429548025131226, "max": 0.5679076910018921, "mean": 0.5554312467575073, "dir": "snapshots/random_hybrid_3d/0424/210/0"}, "accuracy": {"min": 0.9363192319869995, "max": 0.9367362260818481, "mean": 0.9365277290344238, "dir": "snapshots/random_hybrid_3d/0424/210/1"}, "n_params": {"min": 1442015, "max": 1442015, "mean": 1442015.0, "dir": "snapshots/random_hybrid_3d/0424/210/0"}, "leaf": false, "n_nets": 2}