{"leaf": true, "dir": "snapshots/random_hybrid_3d/0418/40/0", "n_nets": 1, "name": "Hybrid3DCRF_40_0", "ari": [0.8356891870498657], "miou": [0.5322510004043579], "accuracy": [0.9399344325065613], "n_params": [349594], "n_iterations": 9200}