{"ari": {"min": 0.828684389591217, "max": 0.8288664221763611, "mean": 0.8287754058837891, "dir": "snapshots/random_hybrid_3d/0418/2/0"}, "miou": {"min": 0.6182012557983398, "max": 0.6215729117393494, "mean": 0.6198870837688446, "dir": "snapshots/random_hybrid_3d/0418/2/0"}, "accuracy": {"min": 0.936752200126648, "max": 0.9369305968284607, "mean": 0.9368413984775543, "dir": "snapshots/random_hybrid_3d/0418/2/1"}, "n_params": {"min": 29309, "max": 29456, "mean": 29382.5, "dir": "snapshots/random_hybrid_3d/0418/2/1"}, "leaf": false, "n_nets": 2}