{"ari": {"min": 0.7577081322669983, "max": 0.840735137462616, "mean": 0.7992216348648071, "dir": "snapshots/random_hybrid_3d/0416/54/1"}, "miou": {"min": 0.28063321113586426, "max": 0.5600338578224182, "mean": 0.42033353447914124, "dir": "snapshots/random_hybrid_3d/0416/54/1"}, "accuracy": {"min": 0.9077522158622742, "max": 0.9418838620185852, "mean": 0.9248180389404297, "dir": "snapshots/random_hybrid_3d/0416/54/1"}, "n_params": {"min": 1272062, "max": 1272209, "mean": 1272135.5, "dir": "snapshots/random_hybrid_3d/0416/54/1"}, "leaf": false, "n_nets": 2}