{"ari": {"min": 0.7365212440490723, "max": 0.7786216139793396, "mean": 0.7639708518981934, "dir": "snapshots/random_2d_ed/1216/35/3"}, "miou": {"min": 0.3514956831932068, "max": 0.48059573769569397, "mean": 0.4288387715816498, "dir": "snapshots/random_2d_ed/1216/35/3"}, "accuracy": {"min": 0.8769285678863525, "max": 0.9008245468139648, "mean": 0.8926253080368042, "dir": "snapshots/random_2d_ed/1216/35/3"}, "n_params": {"min": 373862, "max": 373862, "mean": 373862.0, "dir": "snapshots/random_2d_ed/1216/35/0"}, "leaf": false, "n_nets": 5}