{"leaf": true, "dir": "snapshots/random_hybrid_3d/0418/15/0", "n_nets": 1, "name": "Hybrid3DCRF_15_0", "ari": [0.8288425207138062], "miou": [0.615660548210144], "accuracy": [0.9368363618850708], "n_params": [3824539], "n_iterations": 36800}