{"ari": {"min": 0.8347895741462708, "max": 0.8406288623809814, "mean": 0.8376551032066345, "dir": "snapshots/weight_volume/1210/001/1"}, "miou": {"min": 0.5757328271865845, "max": 0.6145207285881042, "mean": 0.5912107825279236, "dir": "snapshots/weight_volume/1210/001/1"}, "accuracy": {"min": 0.9385998845100403, "max": 0.9409635066986084, "mean": 0.9393787026405335, "dir": "snapshots/weight_volume/1210/001/1"}, "n_params": {"min": 31030983, "max": 31030983, "mean": 31030983.0, "dir": "snapshots/weight_volume/1210/001/0"}, "leaf": false, "n_nets": 5}