{"ari": {"min": 0.8398845195770264, "max": 0.8418054580688477, "mean": 0.840844988822937, "dir": "snapshots/random_hybrid_3d/0416/44/0"}, "miou": {"min": 0.5140808820724487, "max": 0.5622700452804565, "mean": 0.5381754636764526, "dir": "snapshots/random_hybrid_3d/0416/44/0"}, "accuracy": {"min": 0.9423776268959045, "max": 0.9431458711624146, "mean": 0.9427617490291595, "dir": "snapshots/random_hybrid_3d/0416/44/0"}, "n_params": {"min": 41963280, "max": 41963280, "mean": 41963280.0, "dir": "snapshots/random_hybrid_3d/0416/44/0"}, "leaf": false, "n_nets": 2}