{"ari": {"min": 0.8035814762115479, "max": 0.8094378113746643, "mean": 0.8065096437931061, "dir": "snapshots/random_hybrid_3d/0416/78/0"}, "miou": {"min": 0.38235554099082947, "max": 0.42525291442871094, "mean": 0.4038042277097702, "dir": "snapshots/random_hybrid_3d/0416/78/0"}, "accuracy": {"min": 0.9284104704856873, "max": 0.9289161562919617, "mean": 0.9286633133888245, "dir": "snapshots/random_hybrid_3d/0416/78/0"}, "n_params": {"min": 95330, "max": 95330, "mean": 95330.0, "dir": "snapshots/random_hybrid_3d/0416/78/0"}, "leaf": false, "n_nets": 2}