{"leaf": true, "dir": "snapshots/random_2d_ed/1216/79/1", "n_nets": 1, "name": "RandomUnet2D_79_1", "ari": [0.6339789628982544], "miou": [0.29440322518348694], "accuracy": [0.8871063590049744], "n_params": [6818564], "n_iterations": 62656}