{"ari": {"min": 0.817594051361084, "max": 0.8299052119255066, "mean": 0.8237496316432953, "dir": "snapshots/random_hybrid_3d/0424/282/0"}, "miou": {"min": 0.5505276322364807, "max": 0.6281509399414062, "mean": 0.5893392860889435, "dir": "snapshots/random_hybrid_3d/0424/282/0"}, "accuracy": {"min": 0.9312582015991211, "max": 0.9372113347053528, "mean": 0.9342347681522369, "dir": "snapshots/random_hybrid_3d/0424/282/0"}, "n_params": {"min": 1641083, "max": 1642756, "mean": 1641919.5, "dir": "snapshots/random_hybrid_3d/0424/282/1"}, "leaf": false, "n_nets": 2}