{"ari": {"min": 0.712805449962616, "max": 0.712805449962616, "mean": 0.712805449962616, "dir": "snapshots/random_2d_ed_dense/0410/270/1"}, "miou": {"min": 0.34693458676338196, "max": 0.34693458676338196, "mean": 0.34693458676338196, "dir": "snapshots/random_2d_ed_dense/0410/270/1"}, "accuracy": {"min": 0.8694098591804504, "max": 0.8694098591804504, "mean": 0.8694098591804504, "dir": "snapshots/random_2d_ed_dense/0410/270/1"}, "n_params": {"min": 2944187, "max": 2944187, "mean": 2944187.0, "dir": "snapshots/random_2d_ed_dense/0410/270/1"}, "leaf": false, "n_nets": 1}