{"ari": {"min": 0.8271960020065308, "max": 0.8287325501441956, "mean": 0.8279642760753632, "dir": "snapshots/random_hybrid_3d/0424/23/0"}, "miou": {"min": 0.6062349081039429, "max": 0.6167216300964355, "mean": 0.6114782691001892, "dir": "snapshots/random_hybrid_3d/0424/23/0"}, "accuracy": {"min": 0.9361611604690552, "max": 0.9366840720176697, "mean": 0.9364226162433624, "dir": "snapshots/random_hybrid_3d/0424/23/0"}, "n_params": {"min": 5979673, "max": 5979673, "mean": 5979673.0, "dir": "snapshots/random_hybrid_3d/0424/23/1"}, "leaf": false, "n_nets": 2}