{"ari": {"min": 0.8282063007354736, "max": 0.8295796513557434, "mean": 0.8288929760456085, "dir": "snapshots/random_hybrid_3d/0424/23/0"}, "miou": {"min": 0.6133657097816467, "max": 0.614318311214447, "mean": 0.6138420104980469, "dir": "snapshots/random_hybrid_3d/0424/23/1"}, "accuracy": {"min": 0.9368539452552795, "max": 0.9372954368591309, "mean": 0.9370746910572052, "dir": "snapshots/random_hybrid_3d/0424/23/0"}, "n_params": {"min": 5979673, "max": 5979673, "mean": 5979673.0, "dir": "snapshots/random_hybrid_3d/0424/23/1"}, "leaf": false, "n_nets": 2}