{"leaf": true, "dir": "snapshots/random_hybrid_3d/0424/130/0", "n_nets": 1, "name": "Hybrid3DCRF_130_0", "ari": [0.8290534019470215], "miou": [0.562789797782898], "accuracy": [0.9369828104972839], "n_params": [487100], "n_iterations": 55200}