{"leaf": true, "dir": "snapshots/random_hybrid_3d/0418/3/0", "n_nets": 1, "name": "Hybrid3DCRF_3_0", "ari": [0.8277842998504639], "miou": [0.5845907926559448], "accuracy": [0.9360746145248413], "n_params": [1587585], "n_iterations": 55200}