{"leaf": true, "dir": "snapshots/random_2d_ed/1216/61/3", "n_nets": 1, "name": "RandomUnet2D_61_3", "ari": [0.7185534834861755], "miou": [0.2905382812023163], "accuracy": [0.8775829076766968], "n_params": [12713131], "n_iterations": 4450}