{"leaf": true, "dir": "snapshots/random_2d_ed/1216/61/3", "n_nets": 1, "name": "RandomUnet2D_61_3", "ari": [0.7877280116081238], "miou": [0.4291728436946869], "accuracy": [0.903853178024292], "n_params": [12713131], "n_iterations": 66750}