{"ari": {"min": 0.7944751381874084, "max": 0.818025529384613, "mean": 0.8062503337860107, "dir": "snapshots/random_hybrid_3d/0424/214/1"}, "miou": {"min": 0.382097065448761, "max": 0.5529962778091431, "mean": 0.467546671628952, "dir": "snapshots/random_hybrid_3d/0424/214/1"}, "accuracy": {"min": 0.923510730266571, "max": 0.9309085607528687, "mean": 0.9272096455097198, "dir": "snapshots/random_hybrid_3d/0424/214/1"}, "n_params": {"min": 249131, "max": 249131, "mean": 249131.0, "dir": "snapshots/random_hybrid_3d/0424/214/0"}, "leaf": false, "n_nets": 2}