{"ari": {"min": 0.7269245386123657, "max": 0.7612917423248291, "mean": 0.7441081404685974, "dir": "snapshots/random_hybrid_3d/0416/286/0"}, "miou": {"min": 0.2672775983810425, "max": 0.28596171736717224, "mean": 0.27661965787410736, "dir": "snapshots/random_hybrid_3d/0416/286/0"}, "accuracy": {"min": 0.9003165364265442, "max": 0.9109890460968018, "mean": 0.905652791261673, "dir": "snapshots/random_hybrid_3d/0416/286/0"}, "n_params": {"min": 1411406, "max": 1412862, "mean": 1412134.0, "dir": "snapshots/random_hybrid_3d/0416/286/0"}, "leaf": false, "n_nets": 2}