{"leaf": true, "dir": "snapshots/random_2d_ed/1210/80/0", "n_nets": 1, "name": "RandomUnet2D_80_3", "ari": [0.8237701058387756], "miou": [0.5682832598686218], "accuracy": [0.9315937757492065], "n_params": [9291678], "n_iterations": 25000}