{"ari": {"min": 0.8283876776695251, "max": 0.8300784826278687, "mean": 0.8292330801486969, "dir": "snapshots/random_hybrid_3d/0424/65/0"}, "miou": {"min": 0.545193076133728, "max": 0.6197090148925781, "mean": 0.5824510455131531, "dir": "snapshots/random_hybrid_3d/0424/65/0"}, "accuracy": {"min": 0.9364407658576965, "max": 0.9373106360435486, "mean": 0.9368757009506226, "dir": "snapshots/random_hybrid_3d/0424/65/0"}, "n_params": {"min": 449933, "max": 449933, "mean": 449933.0, "dir": "snapshots/random_hybrid_3d/0424/65/1"}, "leaf": false, "n_nets": 2}