{"ari": {"min": 0.6990088224411011, "max": 0.8282412886619568, "mean": 0.7636250555515289, "dir": "snapshots/random_2d_ed_dense/0410/54/0"}, "miou": {"min": 0.2634437680244446, "max": 0.5647489428520203, "mean": 0.4140963554382324, "dir": "snapshots/random_2d_ed_dense/0410/54/0"}, "accuracy": {"min": 0.8890406489372253, "max": 0.9359033107757568, "mean": 0.9124719798564911, "dir": "snapshots/random_2d_ed_dense/0410/54/0"}, "n_params": {"min": 4935668, "max": 4935668, "mean": 4935668.0, "dir": "snapshots/random_2d_ed_dense/0410/54/1"}, "leaf": false, "n_nets": 2}