{"ari": {"min": 0.767796516418457, "max": 0.8300216794013977, "mean": 0.7989090979099274, "dir": "snapshots/random_hybrid_3d/0416/131/0"}, "miou": {"min": 0.3024411201477051, "max": 0.4365191161632538, "mean": 0.36948011815547943, "dir": "snapshots/random_hybrid_3d/0416/131/0"}, "accuracy": {"min": 0.9106389880180359, "max": 0.9365324378013611, "mean": 0.9235857129096985, "dir": "snapshots/random_hybrid_3d/0416/131/0"}, "n_params": {"min": 5266260, "max": 5266407, "mean": 5266333.5, "dir": "snapshots/random_hybrid_3d/0416/131/0"}, "leaf": false, "n_nets": 2}