{"leaf": true, "dir": "snapshots/random_hybrid_3d/0418/1/1", "n_nets": 1, "name": "Hybrid3DCRF_1_0", "ari": [0.8307744264602661], "miou": [0.6136918663978577], "accuracy": [0.9378930330276489], "n_params": [5961831], "n_iterations": 42320}