{"ari": {"min": -6.765410968397707e-18, "max": 0.8349440693855286, "mean": 0.4174720346927643, "dir": "snapshots/random_hybrid_3d/0416/233/1"}, "miou": {"min": 0.06590643525123596, "max": 0.43374982476234436, "mean": 0.24982813000679016, "dir": "snapshots/random_hybrid_3d/0416/233/1"}, "accuracy": {"min": 0.46134504675865173, "max": 0.9354594349861145, "mean": 0.6984022408723831, "dir": "snapshots/random_hybrid_3d/0416/233/1"}, "n_params": {"min": 1697018, "max": 1697711, "mean": 1697364.5, "dir": "snapshots/random_hybrid_3d/0416/233/0"}, "leaf": false, "n_nets": 2}