{"leaf": true, "dir": "snapshots/random_hybrid_3d/0416/39/1", "n_nets": 1, "name": "Hybrid3DCRF_39_0", "ari": [0.8267143964767456], "miou": [0.4337621331214905], "accuracy": [0.9355782866477966], "n_params": [3336097], "n_iterations": 368}