{"leaf": true, "dir": "snapshots/random_2d_ed/1216/56/2", "n_nets": 1, "name": "RandomUnet2D_56_2", "ari": [0.7344608902931213], "miou": [0.391279399394989], "accuracy": [0.8769276142120361], "n_params": [1127592], "n_iterations": 42720}