{"leaf": true, "dir": "snapshots/random_2d_ed/1216/56/2", "n_nets": 1, "name": "RandomUnet2D_56_2", "ari": [0.7346362471580505], "miou": [0.3941041827201843], "accuracy": [0.8776854276657104], "n_params": [1127592], "n_iterations": 25632}