{"ari": {"min": 0.8303447961807251, "max": 0.8304656744003296, "mean": 0.8304052352905273, "dir": "snapshots/random_hybrid_3d/0424/123/1"}, "miou": {"min": 0.5916866660118103, "max": 0.6256716847419739, "mean": 0.6086791753768921, "dir": "snapshots/random_hybrid_3d/0424/123/1"}, "accuracy": {"min": 0.9373787641525269, "max": 0.9374560117721558, "mean": 0.9374173879623413, "dir": "snapshots/random_hybrid_3d/0424/123/0"}, "n_params": {"min": 3674206, "max": 3675088, "mean": 3674647.0, "dir": "snapshots/random_hybrid_3d/0424/123/0"}, "leaf": false, "n_nets": 2}