{"ari": {"min": 0.8282151222229004, "max": 0.8285714983940125, "mean": 0.8283933103084564, "dir": "snapshots/random_hybrid_3d/0424/123/0"}, "miou": {"min": 0.6176633834838867, "max": 0.6237141489982605, "mean": 0.6206887662410736, "dir": "snapshots/random_hybrid_3d/0424/123/0"}, "accuracy": {"min": 0.9364302158355713, "max": 0.9367565512657166, "mean": 0.9365933835506439, "dir": "snapshots/random_hybrid_3d/0424/123/1"}, "n_params": {"min": 3674206, "max": 3675088, "mean": 3674647.0, "dir": "snapshots/random_hybrid_3d/0424/123/0"}, "leaf": false, "n_nets": 2}