{"ari": {"min": 0.796054482460022, "max": 0.8294768333435059, "mean": 0.8127656579017639, "dir": "snapshots/random_hybrid_3d/0424/125/0"}, "miou": {"min": 0.4177035987377167, "max": 0.548361599445343, "mean": 0.48303259909152985, "dir": "snapshots/random_hybrid_3d/0424/125/0"}, "accuracy": {"min": 0.9242761731147766, "max": 0.9375245571136475, "mean": 0.930900365114212, "dir": "snapshots/random_hybrid_3d/0424/125/0"}, "n_params": {"min": 716007, "max": 716007, "mean": 716007.0, "dir": "snapshots/random_hybrid_3d/0424/125/0"}, "leaf": false, "n_nets": 2}