{"ari": {"min": 0.8047248721122742, "max": 0.830256462097168, "mean": 0.8174906671047211, "dir": "snapshots/random_hybrid_3d/0424/125/0"}, "miou": {"min": 0.4719221591949463, "max": 0.5476188659667969, "mean": 0.5097705125808716, "dir": "snapshots/random_hybrid_3d/0424/125/0"}, "accuracy": {"min": 0.9270212054252625, "max": 0.9375877380371094, "mean": 0.9323044717311859, "dir": "snapshots/random_hybrid_3d/0424/125/0"}, "n_params": {"min": 716007, "max": 716007, "mean": 716007.0, "dir": "snapshots/random_hybrid_3d/0424/125/0"}, "leaf": false, "n_nets": 2}