{"ari": {"min": 0.8284239172935486, "max": 0.8290392756462097, "mean": 0.8287315964698792, "dir": "snapshots/random_hybrid_3d/0424/150/0"}, "miou": {"min": 0.6186730265617371, "max": 0.6215861439704895, "mean": 0.6201295852661133, "dir": "snapshots/random_hybrid_3d/0424/150/1"}, "accuracy": {"min": 0.9364439845085144, "max": 0.9366579651832581, "mean": 0.9365509748458862, "dir": "snapshots/random_hybrid_3d/0424/150/1"}, "n_params": {"min": 2919916, "max": 2921848, "mean": 2920882.0, "dir": "snapshots/random_hybrid_3d/0424/150/1"}, "leaf": false, "n_nets": 2}