{"ari": {"min": 0.8182016015052795, "max": 0.8287674784660339, "mean": 0.8234845399856567, "dir": "snapshots/random_hybrid_3d/0424/6/1"}, "miou": {"min": 0.47092339396476746, "max": 0.6187359690666199, "mean": 0.5448296815156937, "dir": "snapshots/random_hybrid_3d/0424/6/1"}, "accuracy": {"min": 0.9312016367912292, "max": 0.9369992017745972, "mean": 0.9341004192829132, "dir": "snapshots/random_hybrid_3d/0424/6/1"}, "n_params": {"min": 7860929, "max": 7860929, "mean": 7860929.0, "dir": "snapshots/random_hybrid_3d/0424/6/0"}, "leaf": false, "n_nets": 2}