{"ari": {"min": 0.8175888061523438, "max": 0.8294165134429932, "mean": 0.8235026597976685, "dir": "snapshots/random_hybrid_3d/0424/6/1"}, "miou": {"min": 0.4702938497066498, "max": 0.6174406409263611, "mean": 0.5438672453165054, "dir": "snapshots/random_hybrid_3d/0424/6/1"}, "accuracy": {"min": 0.9310725331306458, "max": 0.9367796778678894, "mean": 0.9339261054992676, "dir": "snapshots/random_hybrid_3d/0424/6/1"}, "n_params": {"min": 7860929, "max": 7860929, "mean": 7860929.0, "dir": "snapshots/random_hybrid_3d/0424/6/0"}, "leaf": false, "n_nets": 2}