{"ari": {"min": 0.8161904215812683, "max": 0.8294165134429932, "mean": 0.8228034675121307, "dir": "snapshots/random_hybrid_3d/0424/6/1"}, "miou": {"min": 0.4701358675956726, "max": 0.6174406409263611, "mean": 0.5437882542610168, "dir": "snapshots/random_hybrid_3d/0424/6/1"}, "accuracy": {"min": 0.930304765701294, "max": 0.9367796778678894, "mean": 0.9335422217845917, "dir": "snapshots/random_hybrid_3d/0424/6/1"}, "n_params": {"min": 7860929, "max": 7860929, "mean": 7860929.0, "dir": "snapshots/random_hybrid_3d/0424/6/0"}, "leaf": false, "n_nets": 2}