{"ari": {"min": 0.8282396197319031, "max": 0.8314749002456665, "mean": 0.8298572599887848, "dir": "snapshots/random_hybrid_3d/0418/27/1"}, "miou": {"min": 0.5715609192848206, "max": 0.6164681315422058, "mean": 0.5940145254135132, "dir": "snapshots/random_hybrid_3d/0418/27/0"}, "accuracy": {"min": 0.9367082715034485, "max": 0.9379539489746094, "mean": 0.9373311102390289, "dir": "snapshots/random_hybrid_3d/0418/27/1"}, "n_params": {"min": 330907, "max": 331201, "mean": 331054.0, "dir": "snapshots/random_hybrid_3d/0418/27/0"}, "leaf": false, "n_nets": 2}