{"ari": {"min": 0.8295131325721741, "max": 0.8300341963768005, "mean": 0.8297736644744873, "dir": "snapshots/random_hybrid_3d/0418/27/0"}, "miou": {"min": 0.6172233819961548, "max": 0.6347564458847046, "mean": 0.6259899139404297, "dir": "snapshots/random_hybrid_3d/0418/27/1"}, "accuracy": {"min": 0.9368419051170349, "max": 0.9373440146446228, "mean": 0.9370929598808289, "dir": "snapshots/random_hybrid_3d/0418/27/0"}, "n_params": {"min": 330907, "max": 331201, "mean": 331054.0, "dir": "snapshots/random_hybrid_3d/0418/27/0"}, "leaf": false, "n_nets": 2}