{"leaf": true, "dir": "snapshots/random_hybrid_3d/0424/240/0", "n_nets": 1, "name": "Hybrid3DCRF_240_1", "ari": [0.8282320499420166], "miou": [0.6090870499610901], "accuracy": [0.9365960359573364], "n_params": [919730], "n_iterations": 55200}