{"ari": {"min": -6.765410968397707e-18, "max": 0.8016472458839417, "mean": 0.4008236229419708, "dir": "snapshots/random_hybrid_3d/0416/18/0"}, "miou": {"min": 0.06590643525123596, "max": 0.41126301884651184, "mean": 0.2385847270488739, "dir": "snapshots/random_hybrid_3d/0416/18/0"}, "accuracy": {"min": 0.46134504675865173, "max": 0.9244221448898315, "mean": 0.6928835958242416, "dir": "snapshots/random_hybrid_3d/0416/18/0"}, "n_params": {"min": 190466, "max": 191481, "mean": 190973.5, "dir": "snapshots/random_hybrid_3d/0416/18/1"}, "leaf": false, "n_nets": 2}