{"ari": {"min": 0.6200551986694336, "max": 0.7585362195968628, "mean": 0.699238916238149, "dir": "snapshots/random_2d_ed/1216/13/2"}, "miou": {"min": 0.21641892194747925, "max": 0.350637286901474, "mean": 0.28614021341005963, "dir": "snapshots/random_2d_ed/1216/13/2"}, "accuracy": {"min": 0.8555902242660522, "max": 0.8967371582984924, "mean": 0.8805045485496521, "dir": "snapshots/random_2d_ed/1216/13/2"}, "n_params": {"min": 39472433, "max": 39472433, "mean": 39472433.0, "dir": "snapshots/random_2d_ed/1216/13/1"}, "leaf": false, "n_nets": 3}