{"ari": {"min": 0.6188991069793701, "max": 0.7593711614608765, "mean": 0.6953768332799276, "dir": "snapshots/random_2d_ed/1216/13/2"}, "miou": {"min": 0.21570251882076263, "max": 0.34856632351875305, "mean": 0.2875375797351201, "dir": "snapshots/random_2d_ed/1216/13/2"}, "accuracy": {"min": 0.8552982807159424, "max": 0.8978012204170227, "mean": 0.8797673583030701, "dir": "snapshots/random_2d_ed/1216/13/2"}, "n_params": {"min": 39472433, "max": 39472433, "mean": 39472433.0, "dir": "snapshots/random_2d_ed/1216/13/1"}, "leaf": false, "n_nets": 3}