{"ari": {"min": 0.8295202255249023, "max": 0.8295202255249023, "mean": 0.8295202255249023, "dir": "snapshots/random_hybrid_3d/0418/49/0"}, "miou": {"min": 0.6213805079460144, "max": 0.6213805079460144, "mean": 0.6213805079460144, "dir": "snapshots/random_hybrid_3d/0418/49/0"}, "accuracy": {"min": 0.9367486238479614, "max": 0.9367486238479614, "mean": 0.9367486238479614, "dir": "snapshots/random_hybrid_3d/0418/49/0"}, "n_params": {"min": 712749, "max": 712749, "mean": 712749.0, "dir": "snapshots/random_hybrid_3d/0418/49/0"}, "leaf": false, "n_nets": 1}