{"ari": {"min": 0.8292035460472107, "max": 0.8292035460472107, "mean": 0.8292035460472107, "dir": "snapshots/random_hybrid_3d/0418/49/0"}, "miou": {"min": 0.6366586685180664, "max": 0.6366586685180664, "mean": 0.6366586685180664, "dir": "snapshots/random_hybrid_3d/0418/49/0"}, "accuracy": {"min": 0.9371940493583679, "max": 0.9371940493583679, "mean": 0.9371940493583679, "dir": "snapshots/random_hybrid_3d/0418/49/0"}, "n_params": {"min": 712749, "max": 712749, "mean": 712749.0, "dir": "snapshots/random_hybrid_3d/0418/49/0"}, "leaf": false, "n_nets": 1}