{"ari": {"min": 0.780222475528717, "max": 0.8403686285018921, "mean": 0.8102955520153046, "dir": "snapshots/random_hybrid_3d/0416/296/1"}, "miou": {"min": 0.34514182806015015, "max": 0.49138686060905457, "mean": 0.41826434433460236, "dir": "snapshots/random_hybrid_3d/0416/296/1"}, "accuracy": {"min": 0.9178169369697571, "max": 0.9402963519096375, "mean": 0.9290566444396973, "dir": "snapshots/random_hybrid_3d/0416/296/1"}, "n_params": {"min": 317598, "max": 318333, "mean": 317965.5, "dir": "snapshots/random_hybrid_3d/0416/296/0"}, "leaf": false, "n_nets": 2}