{"ari": {"min": 0.7611697912216187, "max": 0.8410882949829102, "mean": 0.8011290431022644, "dir": "snapshots/random_hybrid_3d/0416/135/1"}, "miou": {"min": 0.32036295533180237, "max": 0.6202969551086426, "mean": 0.4703299552202225, "dir": "snapshots/random_hybrid_3d/0416/135/1"}, "accuracy": {"min": 0.9121272563934326, "max": 0.9426078200340271, "mean": 0.9273675382137299, "dir": "snapshots/random_hybrid_3d/0416/135/1"}, "n_params": {"min": 27149464, "max": 27149464, "mean": 27149464.0, "dir": "snapshots/random_hybrid_3d/0416/135/1"}, "leaf": false, "n_nets": 2}