{"ari": {"min": 0.8398168087005615, "max": 0.8409895300865173, "mean": 0.8404031693935394, "dir": "snapshots/random_hybrid_3d/0416/12/1"}, "miou": {"min": 0.42606019973754883, "max": 0.5121058225631714, "mean": 0.4690830111503601, "dir": "snapshots/random_hybrid_3d/0416/12/0"}, "accuracy": {"min": 0.9372603297233582, "max": 0.9419043660163879, "mean": 0.939582347869873, "dir": "snapshots/random_hybrid_3d/0416/12/0"}, "n_params": {"min": 2550402, "max": 2550402, "mean": 2550402.0, "dir": "snapshots/random_hybrid_3d/0416/12/0"}, "leaf": false, "n_nets": 2}