{"ari": {"min": -0.010840112343430519, "max": 4.8309611884178594e-05, "mean": -0.00539590136577317, "dir": "snapshots/random_hybrid_3d/0416/241/0"}, "miou": {"min": 0.06612607091665268, "max": 0.07293126732110977, "mean": 0.06952866911888123, "dir": "snapshots/random_hybrid_3d/0416/241/1"}, "accuracy": {"min": 0.46287527680397034, "max": 0.4812774956226349, "mean": 0.4720763862133026, "dir": "snapshots/random_hybrid_3d/0416/241/1"}, "n_params": {"min": 756293, "max": 756440, "mean": 756366.5, "dir": "snapshots/random_hybrid_3d/0416/241/1"}, "leaf": false, "n_nets": 2}