{"ari": {"min": 0.8302415609359741, "max": 0.8304507732391357, "mean": 0.8303461670875549, "dir": "snapshots/random_hybrid_3d/0424/232/0"}, "miou": {"min": 0.5462873578071594, "max": 0.6219984889030457, "mean": 0.5841429233551025, "dir": "snapshots/random_hybrid_3d/0424/232/1"}, "accuracy": {"min": 0.9372186660766602, "max": 0.9376178979873657, "mean": 0.9374182820320129, "dir": "snapshots/random_hybrid_3d/0424/232/0"}, "n_params": {"min": 8791440, "max": 8793106, "mean": 8792273.0, "dir": "snapshots/random_hybrid_3d/0424/232/1"}, "leaf": false, "n_nets": 2}