{"ari": {"min": 0.7840713262557983, "max": 0.8100685477256775, "mean": 0.7970699369907379, "dir": "snapshots/random_2d_ed_dense/0503/252/1"}, "miou": {"min": 0.4560750722885132, "max": 0.5357951521873474, "mean": 0.4959351122379303, "dir": "snapshots/random_2d_ed_dense/0503/252/1"}, "accuracy": {"min": 0.9162483811378479, "max": 0.9266839027404785, "mean": 0.9214661419391632, "dir": "snapshots/random_2d_ed_dense/0503/252/1"}, "n_params": {"min": 4005241, "max": 4005241, "mean": 4005241.0, "dir": "snapshots/random_2d_ed_dense/0503/252/1"}, "leaf": false, "n_nets": 2}