{"leaf": true, "dir": "snapshots/random_hybrid_3d/0416/61/0", "n_nets": 1, "name": "Hybrid3DCRF_61_1", "ari": [0.8369847536087036], "miou": [0.5139959454536438], "accuracy": [0.9417019486427307], "n_params": [486220], "n_iterations": 368}