{"ari": {"min": 0.5711827278137207, "max": 0.5711827278137207, "mean": 0.5711827278137207, "dir": "snapshots/random_2d_ed_dense/0410/118/0"}, "miou": {"min": 0.26020389795303345, "max": 0.26020389795303345, "mean": 0.26020389795303345, "dir": "snapshots/random_2d_ed_dense/0410/118/0"}, "accuracy": {"min": 0.793269693851471, "max": 0.793269693851471, "mean": 0.793269693851471, "dir": "snapshots/random_2d_ed_dense/0410/118/0"}, "n_params": {"min": 307923, "max": 307923, "mean": 307923.0, "dir": "snapshots/random_2d_ed_dense/0410/118/0"}, "leaf": false, "n_nets": 1}