{"leaf": true, "dir": "snapshots/random_hybrid_3d/0424/123/0", "n_nets": 1, "name": "Hybrid3DCRF_123_0", "ari": [0.8303447961807251], "miou": [0.5916866660118103], "accuracy": [0.9374560117721558], "n_params": [3675088], "n_iterations": 9200}