{"leaf": true, "dir": "snapshots/random_hybrid_3d/0418/212/1", "n_nets": 1, "name": "Hybrid3DCRF_212_1", "ari": [0.8313208818435669], "miou": [0.6294456124305725], "accuracy": [0.93775475025177], "n_params": [988169], "n_iterations": 44160}