{"ari": {"min": 0.8005437254905701, "max": 0.8005437254905701, "mean": 0.8005437254905701, "dir": "snapshots/random_2d_ed_dense/0503/217/0"}, "miou": {"min": 0.5181543231010437, "max": 0.5181543231010437, "mean": 0.5181543231010437, "dir": "snapshots/random_2d_ed_dense/0503/217/0"}, "accuracy": {"min": 0.9227830171585083, "max": 0.9227830171585083, "mean": 0.9227830171585083, "dir": "snapshots/random_2d_ed_dense/0503/217/0"}, "n_params": {"min": 4254005, "max": 4254005, "mean": 4254005.0, "dir": "snapshots/random_2d_ed_dense/0503/217/0"}, "leaf": false, "n_nets": 1}