{"leaf": true, "dir": "snapshots/random_2d_ed_dense/0410/56/0", "n_nets": 1, "name": "RandomUnet2D_56_0", "ari": [0.7912094593048096], "miou": [0.5162609219551086], "accuracy": [0.9126028418540955], "n_params": [1232550], "n_iterations": 80000}