{"leaf": true, "dir": "snapshots/random_hybrid_3d/0418/24/1", "n_nets": 1, "name": "Hybrid3DCRF_24_1", "ari": [0.830963134765625], "miou": [0.6362683176994324], "accuracy": [0.9376270771026611], "n_params": [1136771], "n_iterations": 29440}