{"ari": {"min": 0.7109174132347107, "max": 0.8162124156951904, "mean": 0.7411057233810425, "dir": "snapshots/random_2d_ed/1216/27/0"}, "miou": {"min": 0.22182413935661316, "max": 0.5194820165634155, "mean": 0.3466498196125031, "dir": "snapshots/random_2d_ed/1216/27/4"}, "accuracy": {"min": 0.8755020499229431, "max": 0.9208461046218872, "mean": 0.8913981914520264, "dir": "snapshots/random_2d_ed/1216/27/0"}, "n_params": {"min": 2348709, "max": 2348709, "mean": 2348709.0, "dir": "snapshots/random_2d_ed/1216/27/0"}, "leaf": false, "n_nets": 5}