{"ari": {"min": 0.7836293578147888, "max": 0.8218533992767334, "mean": 0.8072865605354309, "dir": "snapshots/random_2d_ed/1210/39/2"}, "miou": {"min": 0.43428921699523926, "max": 0.5822710394859314, "mean": 0.5070505499839782, "dir": "snapshots/random_2d_ed/1210/39/2"}, "accuracy": {"min": 0.9169463515281677, "max": 0.9327378869056702, "mean": 0.9252149939537049, "dir": "snapshots/random_2d_ed/1210/39/2"}, "n_params": {"min": 18660626, "max": 18660626, "mean": 18660626.0, "dir": "snapshots/random_2d_ed/1210/39/1"}, "leaf": false, "n_nets": 5}