{"ari": {"min": 0.8069041967391968, "max": 0.8372890949249268, "mean": 0.8227031469345093, "dir": "snapshots/weight_volume/1210/005/3"}, "miou": {"min": 0.4351218044757843, "max": 0.5955709218978882, "mean": 0.5297541320323944, "dir": "snapshots/weight_volume/1210/005/2"}, "accuracy": {"min": 0.925951361656189, "max": 0.9391252398490906, "mean": 0.9332186102867126, "dir": "snapshots/weight_volume/1210/005/3"}, "n_params": {"min": 31030983, "max": 31030983, "mean": 31030983.0, "dir": "snapshots/weight_volume/1210/005/0"}, "leaf": false, "n_nets": 5}