{"leaf": true, "dir": "snapshots/random_hybrid_3d/0424/169/1", "n_nets": 1, "name": "Hybrid3DCRF_169_1", "ari": [0.8286056518554688], "miou": [0.6295303702354431], "accuracy": [0.936491847038269], "n_params": [4723643], "n_iterations": 55200}