{"ari": {"min": 0.4139000475406647, "max": 0.5522873401641846, "mean": 0.4830936938524246, "dir": "snapshots/random_2d_ed_dense/0503/280/0"}, "miou": {"min": 0.13825146853923798, "max": 0.26524046063423157, "mean": 0.20174596458673477, "dir": "snapshots/random_2d_ed_dense/0503/280/0"}, "accuracy": {"min": 0.38246583938598633, "max": 0.7789706587791443, "mean": 0.5807182490825653, "dir": "snapshots/random_2d_ed_dense/0503/280/0"}, "n_params": {"min": 4463506, "max": 4463506, "mean": 4463506.0, "dir": "snapshots/random_2d_ed_dense/0503/280/1"}, "leaf": false, "n_nets": 2}