{"ari": {"min": 0.44899657368659973, "max": 0.44899657368659973, "mean": 0.44899657368659973, "dir": "snapshots/random_2d_ed/1216/62/0"}, "miou": {"min": 0.17962796986103058, "max": 0.17962796986103058, "mean": 0.17962796986103058, "dir": "snapshots/random_2d_ed/1216/62/0"}, "accuracy": {"min": 0.7682616710662842, "max": 0.7682616710662842, "mean": 0.7682616710662842, "dir": "snapshots/random_2d_ed/1216/62/0"}, "n_params": {"min": 2830694, "max": 2830694, "mean": 2830694.0, "dir": "snapshots/random_2d_ed/1216/62/0"}, "leaf": false, "n_nets": 1}