{"ari": {"min": 0.3625587522983551, "max": 0.8207901120185852, "mean": 0.6586848676204682, "dir": "snapshots/random_2d_ed/1216/62/4"}, "miou": {"min": 0.15347540378570557, "max": 0.5438790321350098, "mean": 0.34865136444568634, "dir": "snapshots/random_2d_ed/1216/62/2"}, "accuracy": {"min": 0.6756331324577332, "max": 0.9223371744155884, "mean": 0.8400310516357422, "dir": "snapshots/random_2d_ed/1216/62/4"}, "n_params": {"min": 2830694, "max": 2830694, "mean": 2830694.0, "dir": "snapshots/random_2d_ed/1216/62/0"}, "leaf": false, "n_nets": 5}