{"leaf": true, "dir": "snapshots/random_hybrid_3d/0424/50/0", "n_nets": 1, "name": "Hybrid3DCRF_50_0", "ari": [0.8300020098686218], "miou": [0.545251727104187], "accuracy": [0.9372398257255554], "n_params": [376543], "n_iterations": 55200}