{"leaf": true, "dir": "snapshots/random_hybrid_3d/0424/294/1", "n_nets": 1, "name": "Hybrid3DCRF_294_1", "ari": [0.8279356956481934], "miou": [0.6194387078285217], "accuracy": [0.9366241693496704], "n_params": [2790378], "n_iterations": 55200}