{"ari": {"min": 0.7841402888298035, "max": 0.8187515139579773, "mean": 0.8014459013938904, "dir": "snapshots/random_hybrid_3d/0424/127/1"}, "miou": {"min": 0.40909630060195923, "max": 0.4764482378959656, "mean": 0.4427722692489624, "dir": "snapshots/random_hybrid_3d/0424/127/1"}, "accuracy": {"min": 0.9174574017524719, "max": 0.9316690564155579, "mean": 0.9245632290840149, "dir": "snapshots/random_hybrid_3d/0424/127/1"}, "n_params": {"min": 29581, "max": 29581, "mean": 29581.0, "dir": "snapshots/random_hybrid_3d/0424/127/0"}, "leaf": false, "n_nets": 2}