{"ari": {"min": 0.780806839466095, "max": 0.8166488409042358, "mean": 0.7987278401851654, "dir": "snapshots/random_hybrid_3d/0424/127/1"}, "miou": {"min": 0.41114798188209534, "max": 0.4749424159526825, "mean": 0.4430451989173889, "dir": "snapshots/random_hybrid_3d/0424/127/1"}, "accuracy": {"min": 0.9164605140686035, "max": 0.9305062890052795, "mean": 0.9234834015369415, "dir": "snapshots/random_hybrid_3d/0424/127/1"}, "n_params": {"min": 29581, "max": 29581, "mean": 29581.0, "dir": "snapshots/random_hybrid_3d/0424/127/0"}, "leaf": false, "n_nets": 2}