{"ari": {"min": 0.5062975883483887, "max": 0.5241428017616272, "mean": 0.5152201950550079, "dir": "snapshots/random_2d_ed_dense/0410/189/0"}, "miou": {"min": 0.14882560074329376, "max": 0.2172866314649582, "mean": 0.18305611610412598, "dir": "snapshots/random_2d_ed_dense/0410/189/1"}, "accuracy": {"min": 0.492953360080719, "max": 0.8284388184547424, "mean": 0.6606960892677307, "dir": "snapshots/random_2d_ed_dense/0410/189/1"}, "n_params": {"min": 1024013, "max": 1024013, "mean": 1024013.0, "dir": "snapshots/random_2d_ed_dense/0410/189/1"}, "leaf": false, "n_nets": 2}