{"leaf": true, "dir": "snapshots/random_hybrid_3d/0424/18/1", "n_nets": 1, "name": "Hybrid3DCRF_18_1", "ari": [0.8295791745185852], "miou": [0.6213467717170715], "accuracy": [0.9377829432487488], "n_params": [12403882], "n_iterations": 53360}