{"leaf": true, "dir": "snapshots/random_hybrid_3d/0424/18/1", "n_nets": 1, "name": "Hybrid3DCRF_18_1", "ari": [0.8304132223129272], "miou": [0.6183141469955444], "accuracy": [0.9377302527427673], "n_params": [12403882], "n_iterations": 55200}