{"ari": {"min": 0.7547137141227722, "max": 0.7547137141227722, "mean": 0.7547137141227722, "dir": "snapshots/random_hybrid_3d/0418/196/1"}, "miou": {"min": 0.4791420102119446, "max": 0.4791420102119446, "mean": 0.4791420102119446, "dir": "snapshots/random_hybrid_3d/0418/196/1"}, "accuracy": {"min": 0.9110427498817444, "max": 0.9110427498817444, "mean": 0.9110427498817444, "dir": "snapshots/random_hybrid_3d/0418/196/1"}, "n_params": {"min": 2289414, "max": 2289414, "mean": 2289414.0, "dir": "snapshots/random_hybrid_3d/0418/196/1"}, "leaf": false, "n_nets": 1}