{"ari": {"min": 0.6538390517234802, "max": 0.8147343397140503, "mean": 0.7528645277023316, "dir": "snapshots/random_2d_ed/1210/49/2"}, "miou": {"min": 0.28122881054878235, "max": 0.49165627360343933, "mean": 0.37613500356674195, "dir": "snapshots/random_2d_ed/1210/49/0"}, "accuracy": {"min": 0.845197319984436, "max": 0.9254892468452454, "mean": 0.8978366017341614, "dir": "snapshots/random_2d_ed/1210/49/2"}, "n_params": {"min": 8899337, "max": 8899337, "mean": 8899337.0, "dir": "snapshots/random_2d_ed/1210/49/0"}, "leaf": false, "n_nets": 5}