{"ari": {"min": 0.8167054653167725, "max": 0.8303311467170715, "mean": 0.823518306016922, "dir": "snapshots/random_hybrid_3d/0424/147/0"}, "miou": {"min": 0.42109206318855286, "max": 0.6126054525375366, "mean": 0.5168487578630447, "dir": "snapshots/random_hybrid_3d/0424/147/0"}, "accuracy": {"min": 0.9304019808769226, "max": 0.9375966191291809, "mean": 0.9339993000030518, "dir": "snapshots/random_hybrid_3d/0424/147/0"}, "n_params": {"min": 166192, "max": 166192, "mean": 166192.0, "dir": "snapshots/random_hybrid_3d/0424/147/0"}, "leaf": false, "n_nets": 2}