{"leaf": true, "dir": "snapshots/random_2d_ed/1210/14/1", "n_nets": 1, "name": "RandomUnet2D_14_0", "ari": [0.7752141952514648], "miou": [0.3956095278263092], "accuracy": [0.9082136154174805], "n_params": [10409771], "n_iterations": 36000}