{"ari": {"min": 0.7257668375968933, "max": 0.7564322352409363, "mean": 0.7410995364189148, "dir": "snapshots/random_2d_ed_dense/0503/56/1"}, "miou": {"min": 0.28766247630119324, "max": 0.5084105730056763, "mean": 0.39803652465343475, "dir": "snapshots/random_2d_ed_dense/0503/56/1"}, "accuracy": {"min": 0.8902512192726135, "max": 0.9022522568702698, "mean": 0.8962517380714417, "dir": "snapshots/random_2d_ed_dense/0503/56/1"}, "n_params": {"min": 1232478, "max": 1232478, "mean": 1232478.0, "dir": "snapshots/random_2d_ed_dense/0503/56/0"}, "leaf": false, "n_nets": 2}