{"ari": {"min": 0.7620273232460022, "max": 0.7998173236846924, "mean": 0.7788133144378662, "dir": "snapshots/random_2d_ed/1210/29/2"}, "miou": {"min": 0.3948970437049866, "max": 0.5209054350852966, "mean": 0.4602212131023407, "dir": "snapshots/random_2d_ed/1210/29/0"}, "accuracy": {"min": 0.9008494019508362, "max": 0.9189195036888123, "mean": 0.9078777313232422, "dir": "snapshots/random_2d_ed/1210/29/2"}, "n_params": {"min": 1002928, "max": 1002928, "mean": 1002928.0, "dir": "snapshots/random_2d_ed/1210/29/0"}, "leaf": false, "n_nets": 5}