{"ari": {"min": 0.6915057301521301, "max": 0.7862409949302673, "mean": 0.7565770983695984, "dir": "snapshots/random_2d_ed/1210/29/1"}, "miou": {"min": 0.3221108615398407, "max": 0.5209054350852966, "mean": 0.43690056204795835, "dir": "snapshots/random_2d_ed/1210/29/0"}, "accuracy": {"min": 0.8748669028282166, "max": 0.9116052985191345, "mean": 0.8971383810043335, "dir": "snapshots/random_2d_ed/1210/29/1"}, "n_params": {"min": 1002928, "max": 1002928, "mean": 1002928.0, "dir": "snapshots/random_2d_ed/1210/29/0"}, "leaf": false, "n_nets": 5}