{"ari": {"min": 0.8038719892501831, "max": 0.8236954212188721, "mean": 0.8130656599998474, "dir": "snapshots/weight_volume/1210/5/3"}, "miou": {"min": 0.455628901720047, "max": 0.5709294676780701, "mean": 0.5142311155796051, "dir": "snapshots/weight_volume/1210/5/1"}, "accuracy": {"min": 0.9216394424438477, "max": 0.9335877895355225, "mean": 0.9282605290412903, "dir": "snapshots/weight_volume/1210/5/3"}, "n_params": {"min": 31030983, "max": 31030983, "mean": 31030983.0, "dir": "snapshots/weight_volume/1210/5/0"}, "leaf": false, "n_nets": 5}