{"ari": {"min": 0.8282219767570496, "max": 0.8295149207115173, "mean": 0.8288684487342834, "dir": "snapshots/random_hybrid_3d/0424/85/1"}, "miou": {"min": 0.616977870464325, "max": 0.625954806804657, "mean": 0.621466338634491, "dir": "snapshots/random_hybrid_3d/0424/85/1"}, "accuracy": {"min": 0.936801552772522, "max": 0.9370758533477783, "mean": 0.9369387030601501, "dir": "snapshots/random_hybrid_3d/0424/85/1"}, "n_params": {"min": 3129036, "max": 3130828, "mean": 3129932.0, "dir": "snapshots/random_hybrid_3d/0424/85/1"}, "leaf": false, "n_nets": 2}