{"ari": {"min": 0.7789031267166138, "max": 0.8308057188987732, "mean": 0.8048544228076935, "dir": "snapshots/random_hybrid_3d/0424/277/0"}, "miou": {"min": 0.341582715511322, "max": 0.6201963424682617, "mean": 0.48088952898979187, "dir": "snapshots/random_hybrid_3d/0424/277/0"}, "accuracy": {"min": 0.9132774472236633, "max": 0.937481164932251, "mean": 0.9253793060779572, "dir": "snapshots/random_hybrid_3d/0424/277/0"}, "n_params": {"min": 165107, "max": 165107, "mean": 165107.0, "dir": "snapshots/random_hybrid_3d/0424/277/0"}, "leaf": false, "n_nets": 2}