{"ari": {"min": 0.8285225629806519, "max": 0.8303007483482361, "mean": 0.829411655664444, "dir": "snapshots/random_hybrid_3d/0424/189/1"}, "miou": {"min": 0.619605541229248, "max": 0.6232527494430542, "mean": 0.6214291453361511, "dir": "snapshots/random_hybrid_3d/0424/189/1"}, "accuracy": {"min": 0.9364635348320007, "max": 0.9373908638954163, "mean": 0.9369271993637085, "dir": "snapshots/random_hybrid_3d/0424/189/1"}, "n_params": {"min": 3707570, "max": 3707570, "mean": 3707570.0, "dir": "snapshots/random_hybrid_3d/0424/189/0"}, "leaf": false, "n_nets": 2}