{"ari": {"min": 0.6165552735328674, "max": 0.8142300248146057, "mean": 0.7191593408584595, "dir": "snapshots/random_2d_ed/1216/10/1"}, "miou": {"min": 0.20197460055351257, "max": 0.5345813035964966, "mean": 0.3443310081958771, "dir": "snapshots/random_2d_ed/1216/10/1"}, "accuracy": {"min": 0.8525378704071045, "max": 0.9185667037963867, "mean": 0.8853496789932251, "dir": "snapshots/random_2d_ed/1216/10/1"}, "n_params": {"min": 3350997, "max": 3350997, "mean": 3350997.0, "dir": "snapshots/random_2d_ed/1216/10/0"}, "leaf": false, "n_nets": 5}