{"ari": {"min": 0.8296124935150146, "max": 0.8296482563018799, "mean": 0.8296303749084473, "dir": "snapshots/random_hybrid_3d/0424/243/0"}, "miou": {"min": 0.6229944229125977, "max": 0.625544548034668, "mean": 0.6242694854736328, "dir": "snapshots/random_hybrid_3d/0424/243/1"}, "accuracy": {"min": 0.9374589920043945, "max": 0.9376499652862549, "mean": 0.9375544786453247, "dir": "snapshots/random_hybrid_3d/0424/243/1"}, "n_params": {"min": 1809073, "max": 1809591, "mean": 1809332.0, "dir": "snapshots/random_hybrid_3d/0424/243/0"}, "leaf": false, "n_nets": 2}