{"ari": {"min": 0.8300554752349854, "max": 0.830169677734375, "mean": 0.8301125764846802, "dir": "snapshots/random_hybrid_3d/0424/26/0"}, "miou": {"min": 0.6156685948371887, "max": 0.6201027631759644, "mean": 0.6178856790065765, "dir": "snapshots/random_hybrid_3d/0424/26/1"}, "accuracy": {"min": 0.9369299411773682, "max": 0.9377488493919373, "mean": 0.9373393952846527, "dir": "snapshots/random_hybrid_3d/0424/26/0"}, "n_params": {"min": 14134796, "max": 14137169, "mean": 14135982.5, "dir": "snapshots/random_hybrid_3d/0424/26/1"}, "leaf": false, "n_nets": 2}