{"ari": {"min": 0.8285213112831116, "max": 0.8285229206085205, "mean": 0.828522115945816, "dir": "snapshots/random_hybrid_3d/0424/26/0"}, "miou": {"min": 0.6174553632736206, "max": 0.6229774355888367, "mean": 0.6202163994312286, "dir": "snapshots/random_hybrid_3d/0424/26/1"}, "accuracy": {"min": 0.9364833235740662, "max": 0.9370298385620117, "mean": 0.9367565810680389, "dir": "snapshots/random_hybrid_3d/0424/26/0"}, "n_params": {"min": 14134796, "max": 14137169, "mean": 14135982.5, "dir": "snapshots/random_hybrid_3d/0424/26/1"}, "leaf": false, "n_nets": 2}