{"ari": {"min": -5.211646072716369e-18, "max": -5.211646072716369e-18, "mean": -5.211646072716369e-18, "dir": "snapshots/random_2d_ed_dense/0410/225/1"}, "miou": {"min": 0.06559797376394272, "max": 0.06559797376394272, "mean": 0.06559797376394272, "dir": "snapshots/random_2d_ed_dense/0410/225/1"}, "accuracy": {"min": 0.4591858386993408, "max": 0.4591858386993408, "mean": 0.4591858386993408, "dir": "snapshots/random_2d_ed_dense/0410/225/1"}, "n_params": {"min": 7759005, "max": 7759005, "mean": 7759005.0, "dir": "snapshots/random_2d_ed_dense/0410/225/1"}, "leaf": false, "n_nets": 1}