{"leaf": true, "dir": "snapshots/random_2d_ed/1216/58/4", "n_nets": 1, "name": "RandomUnet2D_58_4", "ari": [0.7618730068206787], "miou": [0.39516061544418335], "accuracy": [0.8978912234306335], "n_params": [4069783], "n_iterations": 66750}