{"ari": {"min": 0.7011941075325012, "max": 0.8138070702552795, "mean": 0.7575005888938904, "dir": "snapshots/random_2d_ed_dense/0410/126/1"}, "miou": {"min": 0.2793383300304413, "max": 0.5060415267944336, "mean": 0.39268992841243744, "dir": "snapshots/random_2d_ed_dense/0410/126/1"}, "accuracy": {"min": 0.8804081082344055, "max": 0.928851306438446, "mean": 0.9046297073364258, "dir": "snapshots/random_2d_ed_dense/0410/126/1"}, "n_params": {"min": 1834367, "max": 1834367, "mean": 1834367.0, "dir": "snapshots/random_2d_ed_dense/0410/126/0"}, "leaf": false, "n_nets": 2}