{"ari": {"min": 0.8075109720230103, "max": 0.8397448062896729, "mean": 0.8236278891563416, "dir": "snapshots/random_hybrid_3d/0416/84/0"}, "miou": {"min": 0.45433464646339417, "max": 0.5980873107910156, "mean": 0.5262109786272049, "dir": "snapshots/random_hybrid_3d/0416/84/0"}, "accuracy": {"min": 0.9285438060760498, "max": 0.9426207542419434, "mean": 0.9355822801589966, "dir": "snapshots/random_hybrid_3d/0416/84/0"}, "n_params": {"min": 15239, "max": 15386, "mean": 15312.5, "dir": "snapshots/random_hybrid_3d/0416/84/1"}, "leaf": false, "n_nets": 2}