{"leaf": true, "dir": "snapshots/random_2d_ed_dense/0410/9/0", "n_nets": 1, "name": "RandomUnet2D_9_0", "ari": [-4.4212336547388986e-07], "miou": [0.06066212058067322], "accuracy": [0.42463117837905884], "n_params": [1882004], "n_iterations": 8800}