{"ari": {"min": 0.8276969790458679, "max": 0.8294520974159241, "mean": 0.828574538230896, "dir": "snapshots/random_hybrid_3d/0424/51/1"}, "miou": {"min": 0.6159142255783081, "max": 0.6241465210914612, "mean": 0.6200303733348846, "dir": "snapshots/random_hybrid_3d/0424/51/1"}, "accuracy": {"min": 0.9367434978485107, "max": 0.9372519254684448, "mean": 0.9369977116584778, "dir": "snapshots/random_hybrid_3d/0424/51/1"}, "n_params": {"min": 7669488, "max": 7669488, "mean": 7669488.0, "dir": "snapshots/random_hybrid_3d/0424/51/0"}, "leaf": false, "n_nets": 2}