{"ari": {"min": 0.8281143307685852, "max": 0.8293874263763428, "mean": 0.828750878572464, "dir": "snapshots/random_hybrid_3d/0424/168/1"}, "miou": {"min": 0.621601939201355, "max": 0.621942937374115, "mean": 0.621772438287735, "dir": "snapshots/random_hybrid_3d/0424/168/0"}, "accuracy": {"min": 0.9366704225540161, "max": 0.9371284246444702, "mean": 0.9368994235992432, "dir": "snapshots/random_hybrid_3d/0424/168/1"}, "n_params": {"min": 6162004, "max": 6162886, "mean": 6162445.0, "dir": "snapshots/random_hybrid_3d/0424/168/0"}, "leaf": false, "n_nets": 2}