{"ari": {"min": 0.8196339011192322, "max": 0.8276194334030151, "mean": 0.8236266672611237, "dir": "snapshots/random_2d_ed_dense/0503/1/1"}, "miou": {"min": 0.6216966509819031, "max": 0.6336390376091003, "mean": 0.6276678442955017, "dir": "snapshots/random_2d_ed_dense/0503/1/1"}, "accuracy": {"min": 0.9312482476234436, "max": 0.9352206587791443, "mean": 0.933234453201294, "dir": "snapshots/random_2d_ed_dense/0503/1/1"}, "n_params": {"min": 10562527, "max": 10562527, "mean": 10562527.0, "dir": "snapshots/random_2d_ed_dense/0503/1/0"}, "leaf": false, "n_nets": 2}