{"ari": {"min": 0.6472042202949524, "max": 0.8110060691833496, "mean": 0.7451899170875549, "dir": "snapshots/random_2d_ed/1210/37/0"}, "miou": {"min": 0.23678992688655853, "max": 0.45237335562705994, "mean": 0.3564388662576675, "dir": "snapshots/random_2d_ed/1210/37/0"}, "accuracy": {"min": 0.878577470779419, "max": 0.9294044375419617, "mean": 0.9047021985054016, "dir": "snapshots/random_2d_ed/1210/37/0"}, "n_params": {"min": 16892864, "max": 16892864, "mean": 16892864.0, "dir": "snapshots/random_2d_ed/1210/37/0"}, "leaf": false, "n_nets": 5}