{"ari": {"min": 0.8286584615707397, "max": 0.828735888004303, "mean": 0.8286971747875214, "dir": "snapshots/random_hybrid_3d/0424/82/0"}, "miou": {"min": 0.6216737031936646, "max": 0.6256919503211975, "mean": 0.623682826757431, "dir": "snapshots/random_hybrid_3d/0424/82/1"}, "accuracy": {"min": 0.9367761015892029, "max": 0.9371351003646851, "mean": 0.936955600976944, "dir": "snapshots/random_hybrid_3d/0424/82/1"}, "n_params": {"min": 21287, "max": 21287, "mean": 21287.0, "dir": "snapshots/random_hybrid_3d/0424/82/0"}, "leaf": false, "n_nets": 2}