{"ari": {"min": 0.7268518805503845, "max": 0.7268518805503845, "mean": 0.7268518805503845, "dir": "snapshots/multi_binary/1220/4/0"}, "miou": {"min": 0.49930906295776367, "max": 0.49930906295776367, "mean": 0.49930906295776367, "dir": "snapshots/multi_binary/1220/4/0"}, "accuracy": {"min": 0.9986183643341064, "max": 0.9986183643341064, "mean": 0.9986183643341064, "dir": "snapshots/multi_binary/1220/4/0"}, "n_params": {"min": 31030658, "max": 31030658, "mean": 31030658.0, "dir": "snapshots/multi_binary/1220/4/0"}, "leaf": false, "n_nets": 3}