{"leaf": true, "dir": "snapshots/random_hybrid_3d/0416/284/1", "n_nets": 1, "name": "Hybrid3DCRF_284_1", "ari": [0.8110553026199341], "miou": [0.3196994662284851], "accuracy": [0.9170739650726318], "n_params": [762806], "n_iterations": 368}