{"ari": {"min": 0.6121607422828674, "max": 0.8092992901802063, "mean": 0.7107300162315369, "dir": "snapshots/random_hybrid_3d/0416/9/1"}, "miou": {"min": 0.3084869682788849, "max": 0.46747350692749023, "mean": 0.38798023760318756, "dir": "snapshots/random_hybrid_3d/0416/9/1"}, "accuracy": {"min": 0.8047046661376953, "max": 0.9286113381385803, "mean": 0.8666580021381378, "dir": "snapshots/random_hybrid_3d/0416/9/1"}, "n_params": {"min": 9191, "max": 9338, "mean": 9264.5, "dir": "snapshots/random_hybrid_3d/0416/9/1"}, "leaf": false, "n_nets": 2}