{"leaf": true, "dir": "snapshots/random_hybrid_3d/0424/39/1", "n_nets": 1, "name": "Hybrid3DCRF_39_1", "ari": [0.8293284177780151], "miou": [0.6227579712867737], "accuracy": [0.9370235800743103], "n_params": [1455588], "n_iterations": 55200}