{"ari": {"min": 0.81230628490448, "max": 0.838340699672699, "mean": 0.8253234922885895, "dir": "snapshots/random_hybrid_3d/0416/143/1"}, "miou": {"min": 0.4315902292728424, "max": 0.5335950255393982, "mean": 0.4825926274061203, "dir": "snapshots/random_hybrid_3d/0416/143/1"}, "accuracy": {"min": 0.9319506287574768, "max": 0.9405008554458618, "mean": 0.9362257421016693, "dir": "snapshots/random_hybrid_3d/0416/143/1"}, "n_params": {"min": 7299810, "max": 7299957, "mean": 7299883.5, "dir": "snapshots/random_hybrid_3d/0416/143/0"}, "leaf": false, "n_nets": 2}