{"leaf": true, "dir": "snapshots/random_2d_ed/1210/68/1", "n_nets": 1, "name": "RandomUnet2D_68_3", "ari": [0.6461255550384521], "miou": [0.35635051131248474], "accuracy": [0.9047406315803528], "n_params": [110541902], "n_iterations": 64000}