{"leaf": true, "dir": "snapshots/random_hybrid_3d/0416/116/1", "n_nets": 1, "name": "Hybrid3DCRF_116_0", "ari": [0.838320255279541], "miou": [0.5016140341758728], "accuracy": [0.9411015510559082], "n_params": [6242286], "n_iterations": 368}