{"ari": {"min": 0.8205184936523438, "max": 0.8397698998451233, "mean": 0.8301441967487335, "dir": "snapshots/random_hybrid_3d/0416/254/0"}, "miou": {"min": 0.38456615805625916, "max": 0.5081840753555298, "mean": 0.44637511670589447, "dir": "snapshots/random_hybrid_3d/0416/254/0"}, "accuracy": {"min": 0.9232630133628845, "max": 0.9402846693992615, "mean": 0.931773841381073, "dir": "snapshots/random_hybrid_3d/0416/254/0"}, "n_params": {"min": 4227538, "max": 4228938, "mean": 4228238.0, "dir": "snapshots/random_hybrid_3d/0416/254/0"}, "leaf": false, "n_nets": 2}