{"ari": {"min": 0.6502571702003479, "max": 0.7430897355079651, "mean": 0.6966734528541565, "dir": "snapshots/random_2d_ed_dense/0410/235/0"}, "miou": {"min": 0.28771764039993286, "max": 0.4428037106990814, "mean": 0.36526067554950714, "dir": "snapshots/random_2d_ed_dense/0410/235/0"}, "accuracy": {"min": 0.8508619070053101, "max": 0.8875871300697327, "mean": 0.8692245185375214, "dir": "snapshots/random_2d_ed_dense/0410/235/0"}, "n_params": {"min": 895974, "max": 895974, "mean": 895974.0, "dir": "snapshots/random_2d_ed_dense/0410/235/0"}, "leaf": false, "n_nets": 2}