{"ari": {"min": 0.6323360800743103, "max": 0.8149278163909912, "mean": 0.7574620366096496, "dir": "snapshots/random_2d_ed/1216/0/0"}, "miou": {"min": 0.22851216793060303, "max": 0.5557116270065308, "mean": 0.44043641686439516, "dir": "snapshots/random_2d_ed/1216/0/4"}, "accuracy": {"min": 0.8523818850517273, "max": 0.9206423759460449, "mean": 0.896565854549408, "dir": "snapshots/random_2d_ed/1216/0/4"}, "n_params": {"min": 12260483, "max": 12260483, "mean": 12260483.0, "dir": "snapshots/random_2d_ed/1216/0/0"}, "leaf": false, "n_nets": 5}