{"ari": {"min": 0.8279358744621277, "max": 0.8292573690414429, "mean": 0.8285966217517853, "dir": "snapshots/random_hybrid_3d/0424/117/0"}, "miou": {"min": 0.6177366971969604, "max": 0.6184386014938354, "mean": 0.618087649345398, "dir": "snapshots/random_hybrid_3d/0424/117/1"}, "accuracy": {"min": 0.9366399049758911, "max": 0.9366626143455505, "mean": 0.9366512596607208, "dir": "snapshots/random_hybrid_3d/0424/117/0"}, "n_params": {"min": 33908725, "max": 33908725, "mean": 33908725.0, "dir": "snapshots/random_hybrid_3d/0424/117/0"}, "leaf": false, "n_nets": 2}