{"ari": {"min": 0.8280758261680603, "max": 0.8292005658149719, "mean": 0.8286381959915161, "dir": "snapshots/random_hybrid_3d/0424/117/0"}, "miou": {"min": 0.61467444896698, "max": 0.6170687079429626, "mean": 0.6158715784549713, "dir": "snapshots/random_hybrid_3d/0424/117/0"}, "accuracy": {"min": 0.9366210103034973, "max": 0.9366334676742554, "mean": 0.9366272389888763, "dir": "snapshots/random_hybrid_3d/0424/117/1"}, "n_params": {"min": 33908725, "max": 33908725, "mean": 33908725.0, "dir": "snapshots/random_hybrid_3d/0424/117/0"}, "leaf": false, "n_nets": 2}