{"ari": {"min": 0.6081290245056152, "max": 0.6946476101875305, "mean": 0.6552488565444946, "dir": "snapshots/random_2d_ed/1216/51/3"}, "miou": {"min": 0.20289817452430725, "max": 0.29465579986572266, "mean": 0.24863412976264954, "dir": "snapshots/random_2d_ed/1216/51/3"}, "accuracy": {"min": 0.8391497135162354, "max": 0.8650043606758118, "mean": 0.8514203071594239, "dir": "snapshots/random_2d_ed/1216/51/1"}, "n_params": {"min": 334112, "max": 334112, "mean": 334112.0, "dir": "snapshots/random_2d_ed/1216/51/0"}, "leaf": false, "n_nets": 5}