{"leaf": true, "dir": "snapshots/random_2d_ed/1216/62/4", "n_nets": 1, "name": "RandomUnet2D_62_4", "ari": [0.8207901120185852], "miou": [0.49480780959129333], "accuracy": [0.9223371744155884], "n_params": [2830694], "n_iterations": 66750}