{"leaf": true, "dir": "snapshots/random_2d_ed_dense/0503/154/1", "n_nets": 1, "name": "RandomUnet2D_154_0", "ari": [0.4260942041873932], "miou": [0.22257786989212036], "accuracy": [0.5394150614738464], "n_params": [3037001], "n_iterations": 8800}