{"ari": {"min": 2.7676551329398966e-18, "max": 0.015061742626130581, "mean": 0.007530871313065292, "dir": "snapshots/random_2d_ed_dense/0503/261/1"}, "miou": {"min": 0.07962044328451157, "max": 0.08574459701776505, "mean": 0.0826825201511383, "dir": "snapshots/random_2d_ed_dense/0503/261/1"}, "accuracy": {"min": 0.4777226746082306, "max": 0.4831937253475189, "mean": 0.48045819997787476, "dir": "snapshots/random_2d_ed_dense/0503/261/1"}, "n_params": {"min": 4994120, "max": 4994120, "mean": 4994120.0, "dir": "snapshots/random_2d_ed_dense/0503/261/0"}, "leaf": false, "n_nets": 2}