{"ari": {"min": 0.8291460871696472, "max": 0.8308047652244568, "mean": 0.829975426197052, "dir": "snapshots/random_hybrid_3d/0424/69/1"}, "miou": {"min": 0.6143368482589722, "max": 0.6219183206558228, "mean": 0.6181275844573975, "dir": "snapshots/random_hybrid_3d/0424/69/1"}, "accuracy": {"min": 0.9373117089271545, "max": 0.938059389591217, "mean": 0.9376855492591858, "dir": "snapshots/random_hybrid_3d/0424/69/1"}, "n_params": {"min": 19241131, "max": 19241131, "mean": 19241131.0, "dir": "snapshots/random_hybrid_3d/0424/69/0"}, "leaf": false, "n_nets": 2}