{"ari": {"min": 0.13016852736473083, "max": 0.8282061815261841, "mean": 0.47918735444545746, "dir": "snapshots/random_hybrid_3d/0416/152/0"}, "miou": {"min": 0.2435637265443802, "max": 0.4829001724720001, "mean": 0.36323194950819016, "dir": "snapshots/random_hybrid_3d/0416/152/0"}, "accuracy": {"min": 0.4910867512226105, "max": 0.9364020824432373, "mean": 0.7137444168329239, "dir": "snapshots/random_hybrid_3d/0416/152/0"}, "n_params": {"min": 1049543, "max": 1049543, "mean": 1049543.0, "dir": "snapshots/random_hybrid_3d/0416/152/0"}, "leaf": false, "n_nets": 2}