{"leaf": true, "dir": "snapshots/random_2d_ed/1210/19/3", "n_nets": 1, "name": "RandomUnet2D_19_3", "ari": [0.7454030513763428], "miou": [0.3525272011756897], "accuracy": [0.9117683172225952], "n_params": [9006913], "n_iterations": 36000}