{"leaf": true, "dir": "snapshots/random_2d_ed/1216/84/0", "n_nets": 1, "name": "RandomUnet2D_84_1", "ari": [0.617337167263031], "miou": [0.25644561648368835], "accuracy": [0.8131905198097229], "n_params": [207581], "n_iterations": 15664}