{"leaf": true, "dir": "snapshots/random_hybrid_3d/0424/120/0", "n_nets": 1, "name": "Hybrid3DCRF_120_1", "ari": [0.8291766047477722], "miou": [0.5651496052742004], "accuracy": [0.9365541934967041], "n_params": [647110], "n_iterations": 27600}