{"leaf": true, "dir": "snapshots/random_2d_ed/1210/96/4", "n_nets": 1, "name": "RandomUnet2D_96_4", "ari": [0.805415153503418], "miou": [0.5548503994941711], "accuracy": [0.9208861589431763], "n_params": [1459642], "n_iterations": 16000}