{"ari": {"min": 0.8286966681480408, "max": 0.8301325440406799, "mean": 0.8294146060943604, "dir": "snapshots/random_hybrid_3d/0424/148/0"}, "miou": {"min": 0.6207499504089355, "max": 0.6219713091850281, "mean": 0.6213606297969818, "dir": "snapshots/random_hybrid_3d/0424/148/0"}, "accuracy": {"min": 0.9368983507156372, "max": 0.9378432631492615, "mean": 0.9373708069324493, "dir": "snapshots/random_hybrid_3d/0424/148/0"}, "n_params": {"min": 5905441, "max": 5905441, "mean": 5905441.0, "dir": "snapshots/random_hybrid_3d/0424/148/0"}, "leaf": false, "n_nets": 2}