{"ari": {"min": 0.8403109312057495, "max": 0.8416815996170044, "mean": 0.840996265411377, "dir": "snapshots/random_hybrid_3d/0416/130/1"}, "miou": {"min": 0.5120741128921509, "max": 0.572611391544342, "mean": 0.5423427522182465, "dir": "snapshots/random_hybrid_3d/0416/130/1"}, "accuracy": {"min": 0.9422388672828674, "max": 0.9425342679023743, "mean": 0.9423865675926208, "dir": "snapshots/random_hybrid_3d/0416/130/1"}, "n_params": {"min": 2490352, "max": 2490352, "mean": 2490352.0, "dir": "snapshots/random_hybrid_3d/0416/130/0"}, "leaf": false, "n_nets": 2}