{"ari": {"min": 0.19066160917282104, "max": 0.7410754561424255, "mean": 0.6078706860542298, "dir": "snapshots/random_2d_ed/1216/48/3"}, "miou": {"min": 0.11755649745464325, "max": 0.35490715503692627, "mean": 0.28267596662044525, "dir": "snapshots/random_2d_ed/1216/48/3"}, "accuracy": {"min": 0.4626639485359192, "max": 0.8847348690032959, "mean": 0.7885696172714234, "dir": "snapshots/random_2d_ed/1216/48/3"}, "n_params": {"min": 801037, "max": 801037, "mean": 801037.0, "dir": "snapshots/random_2d_ed/1216/48/0"}, "leaf": false, "n_nets": 5}