{"ari": {"min": -0.00221592141315341, "max": 0.11461047828197479, "mean": 0.05619727843441069, "dir": "snapshots/random_2d_ed_dense/0503/226/0"}, "miou": {"min": 0.0661393478512764, "max": 0.07629561424255371, "mean": 0.07121748104691505, "dir": "snapshots/random_2d_ed_dense/0503/226/1"}, "accuracy": {"min": 0.3001451790332794, "max": 0.4548722207546234, "mean": 0.3775086998939514, "dir": "snapshots/random_2d_ed_dense/0503/226/1"}, "n_params": {"min": 6227432, "max": 6227432, "mean": 6227432.0, "dir": "snapshots/random_2d_ed_dense/0503/226/0"}, "leaf": false, "n_nets": 2}