{"leaf": true, "dir": "snapshots/random_2d_ed/1216/1/3", "n_nets": 1, "name": "RandomUnet2D_1_4", "ari": [0.5443375706672668], "miou": [0.24076254665851593], "accuracy": [0.8550253510475159], "n_params": [38733217], "n_iterations": 51264}