{"leaf": true, "dir": "snapshots/random_2d_ed/1216/1/3", "n_nets": 1, "name": "RandomUnet2D_1_4", "ari": [0.5444386005401611], "miou": [0.24080953001976013], "accuracy": [0.8550963997840881], "n_params": [38733217], "n_iterations": 62656}