{"ari": {"min": 0.8276327252388, "max": 0.8288927674293518, "mean": 0.8282627463340759, "dir": "snapshots/random_hybrid_3d/0418/13/1"}, "miou": {"min": 0.5994762182235718, "max": 0.6181406378746033, "mean": 0.6088084280490875, "dir": "snapshots/random_hybrid_3d/0418/13/1"}, "accuracy": {"min": 0.9360491633415222, "max": 0.9366095662117004, "mean": 0.9363293647766113, "dir": "snapshots/random_hybrid_3d/0418/13/1"}, "n_params": {"min": 456787, "max": 456969, "mean": 456878.0, "dir": "snapshots/random_hybrid_3d/0418/13/0"}, "leaf": false, "n_nets": 2}