{"leaf": true, "dir": "snapshots/random_hybrid_3d/0424/288/0", "n_nets": 1, "name": "Hybrid3DCRF_288_0", "ari": [0.826589822769165], "miou": [0.489852637052536], "accuracy": [0.9355441927909851], "n_params": [253333], "n_iterations": 55200}