{"leaf": true, "dir": "snapshots/random_hybrid_3d/0416/176/1", "n_nets": 1, "name": "Hybrid3DCRF_176_1", "ari": [0.8161567449569702], "miou": [0.417054146528244], "accuracy": [0.9301740527153015], "n_params": [2474490], "n_iterations": 368}