{"leaf": true, "dir": "snapshots/random_2d_ed/1210/13/4", "n_nets": 1, "name": "RandomUnet2D_13_4", "ari": [0.5558303594589233], "miou": [0.33465737104415894], "accuracy": [0.8754923939704895], "n_params": [46196228], "n_iterations": 64000}