{"ari": {"min": 0.028492620214819908, "max": 0.8416428565979004, "mean": 0.43506773840636015, "dir": "snapshots/random_hybrid_3d/0416/97/0"}, "miou": {"min": 0.11333128064870834, "max": 0.5149005651473999, "mean": 0.3141159228980541, "dir": "snapshots/random_hybrid_3d/0416/97/0"}, "accuracy": {"min": 0.4690173864364624, "max": 0.9422251582145691, "mean": 0.7056212723255157, "dir": "snapshots/random_hybrid_3d/0416/97/0"}, "n_params": {"min": 152733, "max": 153055, "mean": 152894.0, "dir": "snapshots/random_hybrid_3d/0416/97/0"}, "leaf": false, "n_nets": 2}