{"ari": {"min": 0.8169659376144409, "max": 0.8427793979644775, "mean": 0.8298726677894592, "dir": "snapshots/random_hybrid_3d/0416/19/1"}, "miou": {"min": 0.4127213656902313, "max": 0.5093623995780945, "mean": 0.4610418826341629, "dir": "snapshots/random_hybrid_3d/0416/19/1"}, "accuracy": {"min": 0.9338619112968445, "max": 0.9429457783699036, "mean": 0.938403844833374, "dir": "snapshots/random_hybrid_3d/0416/19/1"}, "n_params": {"min": 805192, "max": 806578, "mean": 805885.0, "dir": "snapshots/random_hybrid_3d/0416/19/1"}, "leaf": false, "n_nets": 2}