{"leaf": true, "dir": "snapshots/hybrid_3d_crf/0316/0/19", "n_nets": 1, "name": "Hybrid3DCRF_0_17", "ari": [0.8356558680534363], "miou": [0.650607168674469], "accuracy": [0.9394270181655884], "n_params": [691951], "n_iterations": 32400}