{"leaf": true, "dir": "snapshots/random_hybrid_3d/0416/16/0", "n_nets": 1, "name": "Hybrid3DCRF_16_1", "ari": [0.8343108892440796], "miou": [0.4865798354148865], "accuracy": [0.9380239248275757], "n_params": [643950], "n_iterations": 368}