{"ari": {"min": 0.8295202255249023, "max": 0.8311160802841187, "mean": 0.8303181529045105, "dir": "snapshots/random_hybrid_3d/0424/234/1"}, "miou": {"min": 0.5411458015441895, "max": 0.6232214570045471, "mean": 0.5821836292743683, "dir": "snapshots/random_hybrid_3d/0424/234/1"}, "accuracy": {"min": 0.9368788003921509, "max": 0.9375863671302795, "mean": 0.9372325837612152, "dir": "snapshots/random_hybrid_3d/0424/234/1"}, "n_params": {"min": 779005, "max": 779005, "mean": 779005.0, "dir": "snapshots/random_hybrid_3d/0424/234/0"}, "leaf": false, "n_nets": 2}