{"ari": {"min": 0.8354273438453674, "max": 0.8378203511238098, "mean": 0.8366238474845886, "dir": "snapshots/random_hybrid_3d/0416/172/1"}, "miou": {"min": 0.4244905412197113, "max": 0.5158251523971558, "mean": 0.47015784680843353, "dir": "snapshots/random_hybrid_3d/0416/172/1"}, "accuracy": {"min": 0.9353689551353455, "max": 0.941749632358551, "mean": 0.9385592937469482, "dir": "snapshots/random_hybrid_3d/0416/172/1"}, "n_params": {"min": 9487806, "max": 9490053, "mean": 9488929.5, "dir": "snapshots/random_hybrid_3d/0416/172/1"}, "leaf": false, "n_nets": 2}