{"ari": {"min": -6.765410968397707e-18, "max": 0.7410953044891357, "mean": 0.37054765224456787, "dir": "snapshots/random_hybrid_3d/0416/146/0"}, "miou": {"min": 0.06590643525123596, "max": 0.2507683038711548, "mean": 0.15833736956119537, "dir": "snapshots/random_hybrid_3d/0416/146/0"}, "accuracy": {"min": 0.46134504675865173, "max": 0.9031176567077637, "mean": 0.6822313517332077, "dir": "snapshots/random_hybrid_3d/0416/146/0"}, "n_params": {"min": 256131, "max": 256131, "mean": 256131.0, "dir": "snapshots/random_hybrid_3d/0416/146/1"}, "leaf": false, "n_nets": 2}