{"leaf": true, "dir": "snapshots/random_2d_ed/1216/1/4", "n_nets": 1, "name": "RandomUnet2D_1_0", "ari": [0.6964715123176575], "miou": [0.34570586681365967], "accuracy": [0.9018509387969971], "n_params": [38733217], "n_iterations": 170880}