{"ari": {"min": 0.8175323605537415, "max": 0.8185184001922607, "mean": 0.8180253803730011, "dir": "snapshots/random_hybrid_3d/0424/166/1"}, "miou": {"min": 0.47510528564453125, "max": 0.5553675889968872, "mean": 0.5152364373207092, "dir": "snapshots/random_hybrid_3d/0424/166/0"}, "accuracy": {"min": 0.9310858249664307, "max": 0.9311116933822632, "mean": 0.9310987591743469, "dir": "snapshots/random_hybrid_3d/0424/166/1"}, "n_params": {"min": 14343, "max": 14343, "mean": 14343.0, "dir": "snapshots/random_hybrid_3d/0424/166/0"}, "leaf": false, "n_nets": 2}