{"ari": {"min": 0.08600272983312607, "max": 0.8401917219161987, "mean": 0.4630972258746624, "dir": "snapshots/random_hybrid_3d/0416/121/1"}, "miou": {"min": 0.1329129934310913, "max": 0.5166646838188171, "mean": 0.3247888386249542, "dir": "snapshots/random_hybrid_3d/0416/121/1"}, "accuracy": {"min": 0.6374046206474304, "max": 0.9429122805595398, "mean": 0.7901584506034851, "dir": "snapshots/random_hybrid_3d/0416/121/1"}, "n_params": {"min": 2287071, "max": 2287218, "mean": 2287144.5, "dir": "snapshots/random_hybrid_3d/0416/121/1"}, "leaf": false, "n_nets": 2}