{"leaf": true, "dir": "snapshots/random_hybrid_3d/0424/273/0", "n_nets": 1, "name": "Hybrid3DCRF_273_0", "ari": [0.831179141998291], "miou": [0.6209012269973755], "accuracy": [0.9374327063560486], "n_params": [2011942], "n_iterations": 55200}