{"ari": {"min": 0.7959845662117004, "max": 0.7959845662117004, "mean": 0.7959845662117004, "dir": "snapshots/random_2d_ed_dense/0503/290/1"}, "miou": {"min": 0.5259203910827637, "max": 0.5259203910827637, "mean": 0.5259203910827637, "dir": "snapshots/random_2d_ed_dense/0503/290/1"}, "accuracy": {"min": 0.9181975722312927, "max": 0.9181975722312927, "mean": 0.9181975722312927, "dir": "snapshots/random_2d_ed_dense/0503/290/1"}, "n_params": {"min": 4432791, "max": 4432791, "mean": 4432791.0, "dir": "snapshots/random_2d_ed_dense/0503/290/1"}, "leaf": false, "n_nets": 1}