{"ari": {"min": 0.828054666519165, "max": 0.828250527381897, "mean": 0.828152596950531, "dir": "snapshots/random_hybrid_3d/0424/58/0"}, "miou": {"min": 0.5365262627601624, "max": 0.6152929067611694, "mean": 0.5759095847606659, "dir": "snapshots/random_hybrid_3d/0424/58/1"}, "accuracy": {"min": 0.936403751373291, "max": 0.9365346431732178, "mean": 0.9364691972732544, "dir": "snapshots/random_hybrid_3d/0424/58/1"}, "n_params": {"min": 1481795, "max": 1482131, "mean": 1481963.0, "dir": "snapshots/random_hybrid_3d/0424/58/0"}, "leaf": false, "n_nets": 2}