{"ari": {"min": 0.7898433208465576, "max": 0.793241560459137, "mean": 0.7915424406528473, "dir": "snapshots/random_hybrid_3d/0416/3/1"}, "miou": {"min": 0.31905439496040344, "max": 0.38121286034584045, "mean": 0.35013362765312195, "dir": "snapshots/random_hybrid_3d/0416/3/1"}, "accuracy": {"min": 0.9152393341064453, "max": 0.9241630434989929, "mean": 0.9197011888027191, "dir": "snapshots/random_hybrid_3d/0416/3/1"}, "n_params": {"min": 1587585, "max": 1588110, "mean": 1587847.5, "dir": "snapshots/random_hybrid_3d/0416/3/1"}, "leaf": false, "n_nets": 2}