{"ari": {"min": 0.5587517023086548, "max": 0.7027903199195862, "mean": 0.6328348278999328, "dir": "snapshots/random_2d_ed/1210/68/2"}, "miou": {"min": 0.32106536626815796, "max": 0.39797016978263855, "mean": 0.3586637556552887, "dir": "snapshots/random_2d_ed/1210/68/2"}, "accuracy": {"min": 0.8605329990386963, "max": 0.9202475547790527, "mean": 0.8961994290351868, "dir": "snapshots/random_2d_ed/1210/68/3"}, "n_params": {"min": 110541902, "max": 110541902, "mean": 110541902.0, "dir": "snapshots/random_2d_ed/1210/68/1"}, "leaf": false, "n_nets": 5}