{"ari": {"min": 0.5074913501739502, "max": 0.6679180860519409, "mean": 0.5990863919258118, "dir": "snapshots/random_2d_ed/1210/68/3"}, "miou": {"min": 0.3015177249908447, "max": 0.3613629937171936, "mean": 0.3292297422885895, "dir": "snapshots/random_2d_ed/1210/68/2"}, "accuracy": {"min": 0.8447944521903992, "max": 0.9131136536598206, "mean": 0.8815015196800232, "dir": "snapshots/random_2d_ed/1210/68/3"}, "n_params": {"min": 110541902, "max": 110541902, "mean": 110541902.0, "dir": "snapshots/random_2d_ed/1210/68/1"}, "leaf": false, "n_nets": 5}