{"leaf": true, "dir": "snapshots/random_hybrid_3d/0424/196/0", "n_nets": 1, "name": "Hybrid3DCRF_196_0", "ari": [0.7681112289428711], "miou": [0.33952590823173523], "accuracy": [0.9100584983825684], "n_params": [240791], "n_iterations": 3680}