{"leaf": true, "dir": "snapshots/random_2d_ed/1210/1/3", "n_nets": 1, "name": "RandomUnet2D_1_3", "ari": [0.8043432831764221], "miou": [0.48989376425743103], "accuracy": [0.9205499291419983], "n_params": [6273536], "n_iterations": 16000}