{"leaf": true, "dir": "snapshots/random_hybrid_3d/0424/51/0", "n_nets": 1, "name": "Hybrid3DCRF_51_1", "ari": [0.8276969790458679], "miou": [0.6159142255783081], "accuracy": [0.9367434978485107], "n_params": [7669488], "n_iterations": 55200}