{"ari": {"min": 0.8240464329719543, "max": 0.8384616374969482, "mean": 0.8312540352344513, "dir": "snapshots/random_hybrid_3d/0416/227/1"}, "miou": {"min": 0.4160056710243225, "max": 0.43072453141212463, "mean": 0.42336510121822357, "dir": "snapshots/random_hybrid_3d/0416/227/0"}, "accuracy": {"min": 0.9343056678771973, "max": 0.934857964515686, "mean": 0.9345818161964417, "dir": "snapshots/random_hybrid_3d/0416/227/1"}, "n_params": {"min": 847567, "max": 847714, "mean": 847640.5, "dir": "snapshots/random_hybrid_3d/0416/227/0"}, "leaf": false, "n_nets": 2}