{"leaf": true, "dir": "snapshots/random_hybrid_3d/0424/127/0", "n_nets": 1, "name": "Hybrid3DCRF_127_0", "ari": [0.780806839466095], "miou": [0.41114798188209534], "accuracy": [0.9164605140686035], "n_params": [29581], "n_iterations": 7360}