{"leaf": true, "dir": "snapshots/random_hybrid_3d/0424/127/0", "n_nets": 1, "name": "Hybrid3DCRF_127_0", "ari": [0.7841402888298035], "miou": [0.40909630060195923], "accuracy": [0.9174574017524719], "n_params": [29581], "n_iterations": 55200}