{"leaf": true, "dir": "snapshots/random_hybrid_3d/0416/40/1", "n_nets": 1, "name": "Hybrid3DCRF_40_1", "ari": [0.843377411365509], "miou": [0.5709004402160645], "accuracy": [0.9434245824813843], "n_params": [348173], "n_iterations": 368}