{"ari": {"min": 0.8305050134658813, "max": 0.8316650986671448, "mean": 0.8310850560665131, "dir": "snapshots/random_hybrid_3d/0424/110/1"}, "miou": {"min": 0.6096638441085815, "max": 0.6273689270019531, "mean": 0.6185163855552673, "dir": "snapshots/random_hybrid_3d/0424/110/1"}, "accuracy": {"min": 0.937652587890625, "max": 0.9384433031082153, "mean": 0.9380479454994202, "dir": "snapshots/random_hybrid_3d/0424/110/1"}, "n_params": {"min": 49096817, "max": 49096817, "mean": 49096817.0, "dir": "snapshots/random_hybrid_3d/0424/110/0"}, "leaf": false, "n_nets": 2}