{"ari": {"min": 0.8292132616043091, "max": 0.830815315246582, "mean": 0.8300142884254456, "dir": "snapshots/random_hybrid_3d/0424/110/1"}, "miou": {"min": 0.605186939239502, "max": 0.6246122717857361, "mean": 0.614899605512619, "dir": "snapshots/random_hybrid_3d/0424/110/1"}, "accuracy": {"min": 0.9369442462921143, "max": 0.9377418756484985, "mean": 0.9373430609703064, "dir": "snapshots/random_hybrid_3d/0424/110/1"}, "n_params": {"min": 49096817, "max": 49096817, "mean": 49096817.0, "dir": "snapshots/random_hybrid_3d/0424/110/0"}, "leaf": false, "n_nets": 2}