{"ari": {"min": 0.8161213994026184, "max": 0.8290860652923584, "mean": 0.8226037323474884, "dir": "snapshots/random_hybrid_3d/0424/276/0"}, "miou": {"min": 0.47159820795059204, "max": 0.6132437586784363, "mean": 0.5424209833145142, "dir": "snapshots/random_hybrid_3d/0424/276/0"}, "accuracy": {"min": 0.9302793145179749, "max": 0.9367022514343262, "mean": 0.9334907829761505, "dir": "snapshots/random_hybrid_3d/0424/276/0"}, "n_params": {"min": 402505, "max": 402505, "mean": 402505.0, "dir": "snapshots/random_hybrid_3d/0424/276/0"}, "leaf": false, "n_nets": 2}