{"leaf": true, "dir": "snapshots/random_hybrid_3d/0424/146/0", "n_nets": 1, "name": "Hybrid3DCRF_146_0", "ari": [0.829124391078949], "miou": [0.6185378432273865], "accuracy": [0.9366224408149719], "n_params": [278003], "n_iterations": 55200}