{"leaf": true, "dir": "snapshots/random_hybrid_3d/0418/14/1", "n_nets": 1, "name": "Hybrid3DCRF_14_1", "ari": [0.8277419805526733], "miou": [0.6210118532180786], "accuracy": [0.9360851645469666], "n_params": [366889], "n_iterations": 55200}