{"ari": {"min": 0.828213095664978, "max": 0.8285164833068848, "mean": 0.8283647894859314, "dir": "snapshots/random_hybrid_3d/0418/44/1"}, "miou": {"min": 0.49468183517456055, "max": 0.6222639083862305, "mean": 0.5584728717803955, "dir": "snapshots/random_hybrid_3d/0418/44/0"}, "accuracy": {"min": 0.9361373782157898, "max": 0.9369800686836243, "mean": 0.936558723449707, "dir": "snapshots/random_hybrid_3d/0418/44/1"}, "n_params": {"min": 41963133, "max": 41963280, "mean": 41963206.5, "dir": "snapshots/random_hybrid_3d/0418/44/1"}, "leaf": false, "n_nets": 2}