{"ari": {"min": 0.8282715678215027, "max": 0.8296715021133423, "mean": 0.8289715349674225, "dir": "snapshots/random_hybrid_3d/0418/44/0"}, "miou": {"min": 0.5814977288246155, "max": 0.6219634413719177, "mean": 0.6017305850982666, "dir": "snapshots/random_hybrid_3d/0418/44/0"}, "accuracy": {"min": 0.936464786529541, "max": 0.9374734163284302, "mean": 0.9369691014289856, "dir": "snapshots/random_hybrid_3d/0418/44/0"}, "n_params": {"min": 41963133, "max": 41963280, "mean": 41963206.5, "dir": "snapshots/random_hybrid_3d/0418/44/1"}, "leaf": false, "n_nets": 2}