{"ari": {"min": 0.8277937173843384, "max": 0.8305085897445679, "mean": 0.8291511535644531, "dir": "snapshots/random_hybrid_3d/0424/216/1"}, "miou": {"min": 0.5460315942764282, "max": 0.614079475402832, "mean": 0.5800555348396301, "dir": "snapshots/random_hybrid_3d/0424/216/0"}, "accuracy": {"min": 0.9365398287773132, "max": 0.9373282194137573, "mean": 0.9369340240955353, "dir": "snapshots/random_hybrid_3d/0424/216/1"}, "n_params": {"min": 2930333, "max": 2930333, "mean": 2930333.0, "dir": "snapshots/random_hybrid_3d/0424/216/0"}, "leaf": false, "n_nets": 2}