{"leaf": true, "dir": "snapshots/random_2d_ed/1210/20/3", "n_nets": 1, "name": "RandomUnet2D_20_3", "ari": [0.7675226330757141], "miou": [0.41587236523628235], "accuracy": [0.9158189296722412], "n_params": [154377280], "n_iterations": 49000}