{"leaf": true, "dir": "snapshots/random_2d_ed/1216/89/3", "n_nets": 1, "name": "RandomUnet2D_89_3", "ari": [0.6848227977752686], "miou": [0.29028788208961487], "accuracy": [0.8565130233764648], "n_params": [2514958], "n_iterations": 15664}