{"leaf": true, "dir": "snapshots/random_hybrid_3d/0416/139/0", "n_nets": 1, "name": "Hybrid3DCRF_139_0", "ari": [0.8411903977394104], "miou": [0.4972996115684509], "accuracy": [0.9418807625770569], "n_params": [605217], "n_iterations": 368}