{"leaf": true, "dir": "snapshots/random_2d_ed/1216/85/3", "n_nets": 1, "name": "RandomUnet2D_85_4", "ari": [0.6961802840232849], "miou": [0.26452600955963135], "accuracy": [0.8726786375045776], "n_params": [8768049], "n_iterations": 35244}