{"ari": {"min": 0.833714485168457, "max": 0.8380821347236633, "mean": 0.8358983099460602, "dir": "snapshots/random_hybrid_3d/0416/180/0"}, "miou": {"min": 0.4268125593662262, "max": 0.51141357421875, "mean": 0.4691130667924881, "dir": "snapshots/random_hybrid_3d/0416/180/0"}, "accuracy": {"min": 0.9352849125862122, "max": 0.9420151114463806, "mean": 0.9386500120162964, "dir": "snapshots/random_hybrid_3d/0416/180/0"}, "n_params": {"min": 144822, "max": 144969, "mean": 144895.5, "dir": "snapshots/random_hybrid_3d/0416/180/0"}, "leaf": false, "n_nets": 2}