{"ari": {"min": 0.8172847032546997, "max": 0.8278921246528625, "mean": 0.8225884139537811, "dir": "snapshots/random_hybrid_3d/0424/159/0"}, "miou": {"min": 0.5402606725692749, "max": 0.6209832429885864, "mean": 0.5806219577789307, "dir": "snapshots/random_hybrid_3d/0424/159/0"}, "accuracy": {"min": 0.9306694269180298, "max": 0.9362360239028931, "mean": 0.9334527254104614, "dir": "snapshots/random_hybrid_3d/0424/159/0"}, "n_params": {"min": 203276, "max": 203276, "mean": 203276.0, "dir": "snapshots/random_hybrid_3d/0424/159/0"}, "leaf": false, "n_nets": 2}