{"leaf": true, "dir": "snapshots/random_hybrid_3d/0424/93/0", "n_nets": 1, "name": "Hybrid3DCRF_93_0", "ari": [0.8289716839790344], "miou": [0.6230674982070923], "accuracy": [0.9368981719017029], "n_params": [156748], "n_iterations": 55200}