{"leaf": true, "dir": "snapshots/random_2d_ed/1216/24/4", "n_nets": 1, "name": "RandomUnet2D_24_4", "ari": [0.7420693635940552], "miou": [0.3066532611846924], "accuracy": [0.8791232705116272], "n_params": [2595144], "n_iterations": 66750}