{"leaf": true, "dir": "snapshots/multi_binary/1221/1/3", "n_nets": 1, "name": "BinaryUnet2D_1_1", "ari": [0.3656423091888428], "miou": [0.6009495258331299], "accuracy": [0.9612535238265991], "n_params": [31030658], "n_iterations": 96120}