{"leaf": true, "dir": "snapshots/hybrid_3d_crf/0404/4/3", "n_nets": 1, "name": "Hybrid3DCRF_4_2", "ari": [0.8269632458686829], "miou": [0.6394853591918945], "accuracy": [0.936212956905365], "n_params": [1743930], "n_iterations": 44160}