{"ari": {"min": 0.8292912840843201, "max": 0.8297656774520874, "mean": 0.8295284807682037, "dir": "snapshots/random_hybrid_3d/0424/78/0"}, "miou": {"min": 0.6086872816085815, "max": 0.6176922917366028, "mean": 0.6131897866725922, "dir": "snapshots/random_hybrid_3d/0424/78/1"}, "accuracy": {"min": 0.9368537664413452, "max": 0.9374340772628784, "mean": 0.9371439218521118, "dir": "snapshots/random_hybrid_3d/0424/78/0"}, "n_params": {"min": 5404323, "max": 5405499, "mean": 5404911.0, "dir": "snapshots/random_hybrid_3d/0424/78/0"}, "leaf": false, "n_nets": 2}