{"ari": {"min": 0.7802186012268066, "max": 0.8277642726898193, "mean": 0.803991436958313, "dir": "snapshots/random_hybrid_3d/0424/291/0"}, "miou": {"min": 0.3271126449108124, "max": 0.6209025382995605, "mean": 0.47400759160518646, "dir": "snapshots/random_hybrid_3d/0424/291/0"}, "accuracy": {"min": 0.9139466881752014, "max": 0.9362908601760864, "mean": 0.9251187741756439, "dir": "snapshots/random_hybrid_3d/0424/291/0"}, "n_params": {"min": 1630482, "max": 1630482, "mean": 1630482.0, "dir": "snapshots/random_hybrid_3d/0424/291/0"}, "leaf": false, "n_nets": 2}