{"leaf": true, "dir": "snapshots/random_hybrid_3d/0424/188/0", "n_nets": 1, "name": "Hybrid3DCRF_188_0", "ari": [0.8292869329452515], "miou": [0.6217244267463684], "accuracy": [0.9367791414260864], "n_params": [226309], "n_iterations": 55200}