{"ari": {"min": 0.5900176167488098, "max": 0.6100632548332214, "mean": 0.6000404357910156, "dir": "snapshots/random_2d_ed_dense/0503/9/0"}, "miou": {"min": 0.27049770951271057, "max": 0.29940009117126465, "mean": 0.2849489003419876, "dir": "snapshots/random_2d_ed_dense/0503/9/1"}, "accuracy": {"min": 0.8290311694145203, "max": 0.8579909801483154, "mean": 0.8435110747814178, "dir": "snapshots/random_2d_ed_dense/0503/9/0"}, "n_params": {"min": 1881922, "max": 1881922, "mean": 1881922.0, "dir": "snapshots/random_2d_ed_dense/0503/9/0"}, "leaf": false, "n_nets": 2}