{"ari": {"min": 0.18912889063358307, "max": 0.3999852240085602, "mean": 0.2945570573210716, "dir": "snapshots/random_2d_ed_dense/0503/117/0"}, "miou": {"min": 0.13454140722751617, "max": 0.1920134425163269, "mean": 0.16327742487192154, "dir": "snapshots/random_2d_ed_dense/0503/117/0"}, "accuracy": {"min": 0.478456050157547, "max": 0.500343382358551, "mean": 0.489399716258049, "dir": "snapshots/random_2d_ed_dense/0503/117/0"}, "n_params": {"min": 56293, "max": 56293, "mean": 56293.0, "dir": "snapshots/random_2d_ed_dense/0503/117/1"}, "leaf": false, "n_nets": 2}