{"ari": {"min": 0.815460205078125, "max": 0.8311620354652405, "mean": 0.8233111202716827, "dir": "snapshots/random_hybrid_3d/0424/45/0"}, "miou": {"min": 0.46034756302833557, "max": 0.6206995844841003, "mean": 0.540523573756218, "dir": "snapshots/random_hybrid_3d/0424/45/0"}, "accuracy": {"min": 0.9297971725463867, "max": 0.9380287528038025, "mean": 0.9339129626750946, "dir": "snapshots/random_hybrid_3d/0424/45/0"}, "n_params": {"min": 20261775, "max": 20264211, "mean": 20262993.0, "dir": "snapshots/random_hybrid_3d/0424/45/1"}, "leaf": false, "n_nets": 2}