{"ari": {"min": 0.6573638916015625, "max": 0.8149299621582031, "mean": 0.7494719505310059, "dir": "snapshots/random_2d_ed/1216/34/0"}, "miou": {"min": 0.2130204737186432, "max": 0.5417649149894714, "mean": 0.37432280778884885, "dir": "snapshots/random_2d_ed/1216/34/0"}, "accuracy": {"min": 0.8590335249900818, "max": 0.9188179969787598, "mean": 0.8945520758628845, "dir": "snapshots/random_2d_ed/1216/34/3"}, "n_params": {"min": 3622216, "max": 3622216, "mean": 3622216.0, "dir": "snapshots/random_2d_ed/1216/34/0"}, "leaf": false, "n_nets": 5}