{"ari": {"min": 0.6365596652030945, "max": 0.7577447295188904, "mean": 0.6915464878082276, "dir": "snapshots/random_2d_ed/1210/11/0"}, "miou": {"min": 0.23530736565589905, "max": 0.45450207591056824, "mean": 0.3432842671871185, "dir": "snapshots/random_2d_ed/1210/11/0"}, "accuracy": {"min": 0.859308123588562, "max": 0.8955044746398926, "mean": 0.8727351188659668, "dir": "snapshots/random_2d_ed/1210/11/0"}, "n_params": {"min": 271445, "max": 271445, "mean": 271445.0, "dir": "snapshots/random_2d_ed/1210/11/0"}, "leaf": false, "n_nets": 5}