{"ari": {"min": 0.8294280767440796, "max": 0.8294280767440796, "mean": 0.8294280767440796, "dir": "snapshots/random_hybrid_3d/0418/298/1"}, "miou": {"min": 0.6193751096725464, "max": 0.6193751096725464, "mean": 0.6193751096725464, "dir": "snapshots/random_hybrid_3d/0418/298/1"}, "accuracy": {"min": 0.9371652603149414, "max": 0.9371652603149414, "mean": 0.9371652603149414, "dir": "snapshots/random_hybrid_3d/0418/298/1"}, "n_params": {"min": 1061464, "max": 1061464, "mean": 1061464.0, "dir": "snapshots/random_hybrid_3d/0418/298/1"}, "leaf": false, "n_nets": 1}