{"ari": {"min": 0.814419150352478, "max": 0.8282410502433777, "mean": 0.8213301002979279, "dir": "snapshots/random_hybrid_3d/0424/15/1"}, "miou": {"min": 0.5672590732574463, "max": 0.5771011710166931, "mean": 0.5721801221370697, "dir": "snapshots/random_hybrid_3d/0424/15/0"}, "accuracy": {"min": 0.9302706718444824, "max": 0.9361729025840759, "mean": 0.9332217872142792, "dir": "snapshots/random_hybrid_3d/0424/15/1"}, "n_params": {"min": 7511612, "max": 7512578, "mean": 7512095.0, "dir": "snapshots/random_hybrid_3d/0424/15/1"}, "leaf": false, "n_nets": 2}