{"leaf": true, "dir": "snapshots/random_hybrid_3d/0424/189/0", "n_nets": 1, "name": "Hybrid3DCRF_189_0", "ari": [0.8285225629806519], "miou": [0.619605541229248], "accuracy": [0.9364635348320007], "n_params": [3707570], "n_iterations": 55200}