{"ari": {"min": 0.5764288306236267, "max": 0.7746458053588867, "mean": 0.6755373179912567, "dir": "snapshots/random_2d_ed_dense/0410/109/0"}, "miou": {"min": 0.27653005719184875, "max": 0.41498252749443054, "mean": 0.34575629234313965, "dir": "snapshots/random_2d_ed_dense/0410/109/0"}, "accuracy": {"min": 0.8211591839790344, "max": 0.9013669490814209, "mean": 0.8612630665302277, "dir": "snapshots/random_2d_ed_dense/0410/109/0"}, "n_params": {"min": 2733253, "max": 2733253, "mean": 2733253.0, "dir": "snapshots/random_2d_ed_dense/0410/109/1"}, "leaf": false, "n_nets": 2}