{"leaf": true, "dir": "snapshots/random_2d_ed/1216/58/0", "n_nets": 1, "name": "RandomUnet2D_58_0", "ari": [0.8217759728431702], "miou": [0.5644931197166443], "accuracy": [0.923959493637085], "n_params": [4069783], "n_iterations": 66750}