{"ari": {"min": -3.83714817297783e-18, "max": 0.7861206531524658, "mean": 0.6098427772521973, "dir": "snapshots/random_2d_ed/1210/66/4"}, "miou": {"min": 0.0693802461028099, "max": 0.4259675145149231, "mean": 0.2855958864092827, "dir": "snapshots/random_2d_ed/1210/66/4"}, "accuracy": {"min": 0.48566174507141113, "max": 0.9211606383323669, "mean": 0.8256481647491455, "dir": "snapshots/random_2d_ed/1210/66/3"}, "n_params": {"min": 69375063, "max": 69375063, "mean": 69375063.0, "dir": "snapshots/random_2d_ed/1210/66/1"}, "leaf": false, "n_nets": 5}