{"ari": {"min": -3.83714817297783e-18, "max": 0.7973706126213074, "mean": 0.6142632603645325, "dir": "snapshots/random_2d_ed/1210/66/4"}, "miou": {"min": 0.0693802461028099, "max": 0.44247135519981384, "mean": 0.28986949771642684, "dir": "snapshots/random_2d_ed/1210/66/4"}, "accuracy": {"min": 0.48566174507141113, "max": 0.9231590032577515, "mean": 0.8277337312698364, "dir": "snapshots/random_2d_ed/1210/66/4"}, "n_params": {"min": 69375063, "max": 69375063, "mean": 69375063.0, "dir": "snapshots/random_2d_ed/1210/66/0"}, "leaf": false, "n_nets": 5}