{"ari": {"min": 0.5932660698890686, "max": 0.669586181640625, "mean": 0.6436027407646179, "dir": "snapshots/random_2d_ed/1216/5/1"}, "miou": {"min": 0.2060651034116745, "max": 0.29615217447280884, "mean": 0.25940041840076444, "dir": "snapshots/random_2d_ed/1216/5/3"}, "accuracy": {"min": 0.8319922089576721, "max": 0.8480525612831116, "mean": 0.8427433013916016, "dir": "snapshots/random_2d_ed/1216/5/1"}, "n_params": {"min": 557141, "max": 557141, "mean": 557141.0, "dir": "snapshots/random_2d_ed/1216/5/0"}, "leaf": false, "n_nets": 5}