{"ari": {"min": 0.838736891746521, "max": 0.8400397300720215, "mean": 0.8393883109092712, "dir": "snapshots/random_hybrid_3d/0416/33/1"}, "miou": {"min": 0.5666012167930603, "max": 0.5667173266410828, "mean": 0.5666592717170715, "dir": "snapshots/random_hybrid_3d/0416/33/1"}, "accuracy": {"min": 0.94195556640625, "max": 0.9420744776725769, "mean": 0.9420150220394135, "dir": "snapshots/random_hybrid_3d/0416/33/1"}, "n_params": {"min": 11360003, "max": 11361319, "mean": 11360661.0, "dir": "snapshots/random_hybrid_3d/0416/33/0"}, "leaf": false, "n_nets": 2}