{"ari": {"min": 0.8290338516235352, "max": 0.8298628926277161, "mean": 0.8294483721256256, "dir": "snapshots/random_hybrid_3d/0424/256/1"}, "miou": {"min": 0.6179160475730896, "max": 0.6214461922645569, "mean": 0.6196811199188232, "dir": "snapshots/random_hybrid_3d/0424/256/0"}, "accuracy": {"min": 0.9371370673179626, "max": 0.9371601939201355, "mean": 0.9371486306190491, "dir": "snapshots/random_hybrid_3d/0424/256/0"}, "n_params": {"min": 156597, "max": 156597, "mean": 156597.0, "dir": "snapshots/random_hybrid_3d/0424/256/0"}, "leaf": false, "n_nets": 2}