{"leaf": true, "dir": "snapshots/random_2d_ed_dense/0503/226/1", "n_nets": 1, "name": "RandomUnet2D_226_1", "ari": [-0.00221592141315341], "miou": [0.07629561424255371], "accuracy": [0.4548722207546234], "n_params": [6227432], "n_iterations": 13750}