{"ari": {"min": 0.8055555820465088, "max": 0.8055555820465088, "mean": 0.8055555820465088, "dir": "snapshots/multi_binary/1220/5/0"}, "miou": {"min": 0.4998261332511902, "max": 0.4998261332511902, "mean": 0.4998261332511902, "dir": "snapshots/multi_binary/1220/5/0"}, "accuracy": {"min": 0.9996520280838013, "max": 0.9996520280838013, "mean": 0.9996520280838013, "dir": "snapshots/multi_binary/1220/5/0"}, "n_params": {"min": 31030658, "max": 31030658, "mean": 31030658.0, "dir": "snapshots/multi_binary/1220/5/0"}, "leaf": false, "n_nets": 4}