{"leaf": true, "dir": "snapshots/random_2d_ed_dense/0410/19/0", "n_nets": 1, "name": "RandomUnet2D_19_0", "ari": [0.8186455368995667], "miou": [0.5768303871154785], "accuracy": [0.9314563870429993], "n_params": [9027386], "n_iterations": 125000}