{"leaf": true, "dir": "snapshots/random_hybrid_3d/0416/73/1", "n_nets": 1, "name": "Hybrid3DCRF_73_0", "ari": [0.8416827917098999], "miou": [0.4637118875980377], "accuracy": [0.9371982216835022], "n_params": [29349], "n_iterations": 368}