{"ari": {"min": 0.7820336818695068, "max": 0.7906467318534851, "mean": 0.786340206861496, "dir": "snapshots/random_2d_ed_dense/0503/109/0"}, "miou": {"min": 0.5852760672569275, "max": 0.5888641476631165, "mean": 0.587070107460022, "dir": "snapshots/random_2d_ed_dense/0503/109/0"}, "accuracy": {"min": 0.9114885330200195, "max": 0.9157953262329102, "mean": 0.9136419296264648, "dir": "snapshots/random_2d_ed_dense/0503/109/0"}, "n_params": {"min": 2733124, "max": 2733124, "mean": 2733124.0, "dir": "snapshots/random_2d_ed_dense/0503/109/0"}, "leaf": false, "n_nets": 2}