{"ari": {"min": -0.010743873193860054, "max": 0.006197584792971611, "mean": -0.0022731442004442215, "dir": "snapshots/random_hybrid_3d/0416/290/0"}, "miou": {"min": 0.07285656780004501, "max": 0.09575889259576797, "mean": 0.0843077301979065, "dir": "snapshots/random_hybrid_3d/0416/290/0"}, "accuracy": {"min": 0.4786655306816101, "max": 0.5054839849472046, "mean": 0.49207475781440735, "dir": "snapshots/random_hybrid_3d/0416/290/0"}, "n_params": {"min": 599183, "max": 599561, "mean": 599372.0, "dir": "snapshots/random_hybrid_3d/0416/290/1"}, "leaf": false, "n_nets": 2}