{"ari": {"min": 0.01240607351064682, "max": 0.26516488194465637, "mean": 0.1387854777276516, "dir": "snapshots/random_2d_ed_dense/0503/82/0"}, "miou": {"min": 0.08897683769464493, "max": 0.11337652802467346, "mean": 0.1011766828596592, "dir": "snapshots/random_2d_ed_dense/0503/82/0"}, "accuracy": {"min": 0.4201403856277466, "max": 0.44822442531585693, "mean": 0.43418240547180176, "dir": "snapshots/random_2d_ed_dense/0503/82/1"}, "n_params": {"min": 1272870, "max": 1272870, "mean": 1272870.0, "dir": "snapshots/random_2d_ed_dense/0503/82/1"}, "leaf": false, "n_nets": 2}