{"leaf": true, "dir": "snapshots/random_2d_ed/1210/71/0", "n_nets": 1, "name": "RandomUnet2D_71_4", "ari": [0.8135502934455872], "miou": [0.45898911356925964], "accuracy": [0.9272385239601135], "n_params": [3721395], "n_iterations": 25000}