{"ari": {"min": 0.6280727982521057, "max": 0.7864692211151123, "mean": 0.7324450492858887, "dir": "snapshots/random_2d_ed/1210/52/2"}, "miou": {"min": 0.2838188707828522, "max": 0.5228949785232544, "mean": 0.4151699602603912, "dir": "snapshots/random_2d_ed/1210/52/2"}, "accuracy": {"min": 0.8384752869606018, "max": 0.9106822609901428, "mean": 0.8894218683242798, "dir": "snapshots/random_2d_ed/1210/52/2"}, "n_params": {"min": 1145374, "max": 1145374, "mean": 1145374.0, "dir": "snapshots/random_2d_ed/1210/52/1"}, "leaf": false, "n_nets": 5}