{"leaf": true, "dir": "snapshots/random_2d_ed/1216/75/3", "n_nets": 1, "name": "RandomUnet2D_75_3", "ari": [0.5894638895988464], "miou": [0.2700783908367157], "accuracy": [0.8698611855506897], "n_params": [15629314], "n_iterations": 62656}