{"ari": {"min": 0.8281778693199158, "max": 0.8292347192764282, "mean": 0.828706294298172, "dir": "snapshots/random_hybrid_3d/0424/200/1"}, "miou": {"min": 0.5394796133041382, "max": 0.6200537085533142, "mean": 0.5797666609287262, "dir": "snapshots/random_hybrid_3d/0424/200/1"}, "accuracy": {"min": 0.9363685846328735, "max": 0.9373592734336853, "mean": 0.9368639290332794, "dir": "snapshots/random_hybrid_3d/0424/200/1"}, "n_params": {"min": 5434144, "max": 5435005, "mean": 5434574.5, "dir": "snapshots/random_hybrid_3d/0424/200/0"}, "leaf": false, "n_nets": 2}