{"ari": {"min": 0.8281330466270447, "max": 0.8281583786010742, "mean": 0.8281457126140594, "dir": "snapshots/random_hybrid_3d/0424/29/1"}, "miou": {"min": 0.6144804954528809, "max": 0.6181565523147583, "mean": 0.6163185238838196, "dir": "snapshots/random_hybrid_3d/0424/29/1"}, "accuracy": {"min": 0.9362360239028931, "max": 0.9369313716888428, "mean": 0.9365836977958679, "dir": "snapshots/random_hybrid_3d/0424/29/1"}, "n_params": {"min": 2636722, "max": 2637058, "mean": 2636890.0, "dir": "snapshots/random_hybrid_3d/0424/29/1"}, "leaf": false, "n_nets": 2}