{"ari": {"min": 0.8289155960083008, "max": 0.8296781778335571, "mean": 0.829296886920929, "dir": "snapshots/random_hybrid_3d/0424/152/1"}, "miou": {"min": 0.6160487532615662, "max": 0.6292814612388611, "mean": 0.6226651072502136, "dir": "snapshots/random_hybrid_3d/0424/152/1"}, "accuracy": {"min": 0.9366204738616943, "max": 0.9372159838676453, "mean": 0.9369182288646698, "dir": "snapshots/random_hybrid_3d/0424/152/1"}, "n_params": {"min": 74036, "max": 74309, "mean": 74172.5, "dir": "snapshots/random_hybrid_3d/0424/152/1"}, "leaf": false, "n_nets": 2}