{"ari": {"min": 0.8257231116294861, "max": 0.826647937297821, "mean": 0.826252281665802, "dir": "snapshots/hybrid_3d_crf/0404/8/2"}, "miou": {"min": 0.6330580711364746, "max": 0.640385627746582, "mean": 0.6360714882612228, "dir": "snapshots/hybrid_3d_crf/0404/8/1"}, "accuracy": {"min": 0.9354411363601685, "max": 0.9359651207923889, "mean": 0.9357205480337143, "dir": "snapshots/hybrid_3d_crf/0404/8/0"}, "n_params": {"min": 1743930, "max": 1743930, "mean": 1743930.0, "dir": "snapshots/hybrid_3d_crf/0404/8/3"}, "leaf": false, "n_nets": 4}