{"ari": {"min": 2.8912789298471717e-18, "max": 2.8912789298471717e-18, "mean": 2.8912789298471717e-18, "dir": "snapshots/random_2d_ed_dense/0410/182/1"}, "miou": {"min": 0.05922568961977959, "max": 0.05922568961977959, "mean": 0.05922568961977959, "dir": "snapshots/random_2d_ed_dense/0410/182/1"}, "accuracy": {"min": 0.414579838514328, "max": 0.414579838514328, "mean": 0.414579838514328, "dir": "snapshots/random_2d_ed_dense/0410/182/1"}, "n_params": {"min": 445115, "max": 445115, "mean": 445115.0, "dir": "snapshots/random_2d_ed_dense/0410/182/1"}, "leaf": false, "n_nets": 1}