{"leaf": true, "dir": "snapshots/random_hybrid_3d/0424/270/0", "n_nets": 1, "name": "Hybrid3DCRF_270_1", "ari": [0.778148889541626], "miou": [0.3436592221260071], "accuracy": [0.9080151319503784], "n_params": [423852], "n_iterations": 3680}