{"ari": {"min": 0.827582061290741, "max": 0.8300780653953552, "mean": 0.8288300633430481, "dir": "snapshots/random_hybrid_3d/0424/80/0"}, "miou": {"min": 0.6176777482032776, "max": 0.6191407442092896, "mean": 0.6184092462062836, "dir": "snapshots/random_hybrid_3d/0424/80/1"}, "accuracy": {"min": 0.9358326196670532, "max": 0.9373247027397156, "mean": 0.9365786612033844, "dir": "snapshots/random_hybrid_3d/0424/80/0"}, "n_params": {"min": 6696165, "max": 6697908, "mean": 6697036.5, "dir": "snapshots/random_hybrid_3d/0424/80/1"}, "leaf": false, "n_nets": 2}