{"ari": {"min": 0.7001331448554993, "max": 0.7972628474235535, "mean": 0.7442888736724853, "dir": "snapshots/random_2d_ed/1210/20/0"}, "miou": {"min": 0.3055436909198761, "max": 0.4745049476623535, "mean": 0.36754886507987977, "dir": "snapshots/random_2d_ed/1210/20/0"}, "accuracy": {"min": 0.8746030926704407, "max": 0.9294931292533875, "mean": 0.9018734812736511, "dir": "snapshots/random_2d_ed/1210/20/0"}, "n_params": {"min": 154377280, "max": 154377280, "mean": 154377280.0, "dir": "snapshots/random_2d_ed/1210/20/0"}, "leaf": false, "n_nets": 5}