{"ari": {"min": 0.7084530591964722, "max": 0.8026674389839172, "mean": 0.7568752288818359, "dir": "snapshots/random_2d_ed/1210/20/0"}, "miou": {"min": 0.31833115220069885, "max": 0.4874626696109772, "mean": 0.38107802867889407, "dir": "snapshots/random_2d_ed/1210/20/0"}, "accuracy": {"min": 0.8841830492019653, "max": 0.932918906211853, "mean": 0.9105564832687378, "dir": "snapshots/random_2d_ed/1210/20/0"}, "n_params": {"min": 154377280, "max": 154377280, "mean": 154377280.0, "dir": "snapshots/random_2d_ed/1210/20/0"}, "leaf": false, "n_nets": 5}