{"leaf": true, "dir": "snapshots/random_hybrid_3d/0418/40/1", "n_nets": 1, "name": "Hybrid3DCRF_40_1", "ari": [0.8308775424957275], "miou": [0.6297858357429504], "accuracy": [0.9377529621124268], "n_params": [348173], "n_iterations": 55200}