{"ari": {"min": 0.8280667066574097, "max": 0.828960657119751, "mean": 0.8285136818885803, "dir": "snapshots/random_hybrid_3d/0424/271/1"}, "miou": {"min": 0.6166094541549683, "max": 0.6189550161361694, "mean": 0.6177822351455688, "dir": "snapshots/random_hybrid_3d/0424/271/1"}, "accuracy": {"min": 0.9361344575881958, "max": 0.9367390275001526, "mean": 0.9364367425441742, "dir": "snapshots/random_hybrid_3d/0424/271/1"}, "n_params": {"min": 3736285, "max": 3737076, "mean": 3736680.5, "dir": "snapshots/random_hybrid_3d/0424/271/0"}, "leaf": false, "n_nets": 2}