{"ari": {"min": 0.6875349879264832, "max": 0.6875349879264832, "mean": 0.6875349879264832, "dir": "snapshots/random_2d_ed/0306/10"}, "miou": {"min": 0.2435414046049118, "max": 0.2435414046049118, "mean": 0.2435414046049118, "dir": "snapshots/random_2d_ed/0306/10"}, "accuracy": {"min": 0.8776976466178894, "max": 0.8776976466178894, "mean": 0.8776976466178894, "dir": "snapshots/random_2d_ed/0306/10"}, "n_params": {"min": 275757, "max": 275757, "mean": 275757.0, "dir": "snapshots/random_2d_ed/0306/10"}, "leaf": false, "n_nets": 1}