{"ari": {"min": 0.8293333053588867, "max": 0.8304193019866943, "mean": 0.8298763036727905, "dir": "snapshots/random_hybrid_3d/0424/71/1"}, "miou": {"min": 0.6164101958274841, "max": 0.6265502572059631, "mean": 0.6214802265167236, "dir": "snapshots/random_hybrid_3d/0424/71/0"}, "accuracy": {"min": 0.9369184374809265, "max": 0.9375292658805847, "mean": 0.9372238516807556, "dir": "snapshots/random_hybrid_3d/0424/71/1"}, "n_params": {"min": 219049, "max": 219049, "mean": 219049.0, "dir": "snapshots/random_hybrid_3d/0424/71/0"}, "leaf": false, "n_nets": 2}