{"leaf": true, "dir": "snapshots/random_hybrid_3d/0418/12/0", "n_nets": 1, "name": "Hybrid3DCRF_12_1", "ari": [0.8279139995574951], "miou": [0.626946747303009], "accuracy": [0.9360952377319336], "n_params": [2549821], "n_iterations": 55200}