{"ari": {"min": 0.7425920963287354, "max": 0.8161364197731018, "mean": 0.7793642580509186, "dir": "snapshots/random_2d_ed_dense/0503/270/1"}, "miou": {"min": 0.4027789831161499, "max": 0.5415245890617371, "mean": 0.4721517860889435, "dir": "snapshots/random_2d_ed_dense/0503/270/1"}, "accuracy": {"min": 0.8912261128425598, "max": 0.9290843605995178, "mean": 0.9101552367210388, "dir": "snapshots/random_2d_ed_dense/0503/270/1"}, "n_params": {"min": 2944085, "max": 2944085, "mean": 2944085.0, "dir": "snapshots/random_2d_ed_dense/0503/270/0"}, "leaf": false, "n_nets": 2}