{"leaf": true, "dir": "snapshots/random_2d_ed/1216/41/0", "n_nets": 1, "name": "RandomUnet2D_41_0", "ari": [0.5327834486961365], "miou": [0.24223262071609497], "accuracy": [0.8232563734054565], "n_params": [79030], "n_iterations": 15664}