{"ari": {"min": 0.6791644096374512, "max": 0.8214229345321655, "mean": 0.7881927013397216, "dir": "snapshots/random_2d_ed/1210/65/3"}, "miou": {"min": 0.26344752311706543, "max": 0.5803400278091431, "mean": 0.46609463095664977, "dir": "snapshots/random_2d_ed/1210/65/4"}, "accuracy": {"min": 0.872373640537262, "max": 0.929141640663147, "mean": 0.9170978546142579, "dir": "snapshots/random_2d_ed/1210/65/3"}, "n_params": {"min": 13644535, "max": 13644535, "mean": 13644535.0, "dir": "snapshots/random_2d_ed/1210/65/0"}, "leaf": false, "n_nets": 5}