{"ari": {"min": 0.8265115022659302, "max": 0.8275839686393738, "mean": 0.8269724994897842, "dir": "snapshots/hybrid_3d_crf/0404/10/1"}, "miou": {"min": 0.6321683526039124, "max": 0.6392167210578918, "mean": 0.6368217319250107, "dir": "snapshots/hybrid_3d_crf/0404/10/0"}, "accuracy": {"min": 0.9357695579528809, "max": 0.9363428950309753, "mean": 0.9360570907592773, "dir": "snapshots/hybrid_3d_crf/0404/10/0"}, "n_params": {"min": 1743930, "max": 1743930, "mean": 1743930.0, "dir": "snapshots/hybrid_3d_crf/0404/10/2"}, "leaf": false, "n_nets": 4}