{"ari": {"min": 0.482952356338501, "max": 0.7215285301208496, "mean": 0.6531625986099243, "dir": "snapshots/random_2d_ed/1216/86/4"}, "miou": {"min": 0.22417965531349182, "max": 0.3782585859298706, "mean": 0.3262863874435425, "dir": "snapshots/random_2d_ed/1216/86/0"}, "accuracy": {"min": 0.7919634580612183, "max": 0.8691626191139221, "mean": 0.8413639187812805, "dir": "snapshots/random_2d_ed/1216/86/4"}, "n_params": {"min": 752535, "max": 752535, "mean": 752535.0, "dir": "snapshots/random_2d_ed/1216/86/0"}, "leaf": false, "n_nets": 5}