{"leaf": true, "dir": "snapshots/random_hybrid_3d/0418/15/1", "n_nets": 1, "name": "Hybrid3DCRF_15_1", "ari": [0.8282127976417542], "miou": [0.5442090630531311], "accuracy": [0.9365062713623047], "n_params": [3824392], "n_iterations": 55200}