{"ari": {"min": 0.6189714074134827, "max": 0.8372093439102173, "mean": 0.72809037566185, "dir": "snapshots/random_hybrid_3d/0416/256/0"}, "miou": {"min": 0.2393089383840561, "max": 0.4816390573978424, "mean": 0.36047399789094925, "dir": "snapshots/random_hybrid_3d/0416/256/0"}, "accuracy": {"min": 0.8631238341331482, "max": 0.9399348497390747, "mean": 0.9015293419361115, "dir": "snapshots/random_hybrid_3d/0416/256/0"}, "n_params": {"min": 4942095, "max": 4942683, "mean": 4942389.0, "dir": "snapshots/random_hybrid_3d/0416/256/0"}, "leaf": false, "n_nets": 2}