{"leaf": true, "dir": "snapshots/random_hybrid_3d/0416/64/1", "n_nets": 1, "name": "Hybrid3DCRF_64_1", "ari": [0.8420746922492981], "miou": [0.5728365778923035], "accuracy": [0.9425926208496094], "n_params": [146454], "n_iterations": 368}