{"ari": {"min": 0.8247435092926025, "max": 0.830091118812561, "mean": 0.8274173140525818, "dir": "snapshots/random_hybrid_3d/0424/130/1"}, "miou": {"min": 0.4453865587711334, "max": 0.5438877940177917, "mean": 0.4946371763944626, "dir": "snapshots/random_hybrid_3d/0424/130/1"}, "accuracy": {"min": 0.9331011176109314, "max": 0.9371765851974487, "mean": 0.9351388514041901, "dir": "snapshots/random_hybrid_3d/0424/130/1"}, "n_params": {"min": 487100, "max": 487478, "mean": 487289.0, "dir": "snapshots/random_hybrid_3d/0424/130/1"}, "leaf": false, "n_nets": 2}