{"ari": {"min": 0.8285958766937256, "max": 0.8290534019470215, "mean": 0.8288246393203735, "dir": "snapshots/random_hybrid_3d/0424/130/0"}, "miou": {"min": 0.562789797782898, "max": 0.6160475611686707, "mean": 0.5894186794757843, "dir": "snapshots/random_hybrid_3d/0424/130/1"}, "accuracy": {"min": 0.9361861944198608, "max": 0.9369828104972839, "mean": 0.9365845024585724, "dir": "snapshots/random_hybrid_3d/0424/130/0"}, "n_params": {"min": 487100, "max": 487478, "mean": 487289.0, "dir": "snapshots/random_hybrid_3d/0424/130/1"}, "leaf": false, "n_nets": 2}