{"ari": {"min": 0.009259259328246117, "max": 0.009259259328246117, "mean": 0.009259259328246117, "dir": "snapshots/multi_binary/1220/6/0"}, "miou": {"min": 0.4863017201423645, "max": 0.4863017201423645, "mean": 0.4863017201423645, "dir": "snapshots/multi_binary/1220/6/0"}, "accuracy": {"min": 0.9726033210754395, "max": 0.9726033210754395, "mean": 0.9726033210754395, "dir": "snapshots/multi_binary/1220/6/0"}, "n_params": {"min": 31030658, "max": 31030658, "mean": 31030658.0, "dir": "snapshots/multi_binary/1220/6/0"}, "leaf": false, "n_nets": 2}