{"ari": {"min": 0.8171244859695435, "max": 0.8174871802330017, "mean": 0.8173058331012726, "dir": "snapshots/random_hybrid_3d/0424/233/0"}, "miou": {"min": 0.42176517844200134, "max": 0.47393280267715454, "mean": 0.44784899055957794, "dir": "snapshots/random_hybrid_3d/0424/233/1"}, "accuracy": {"min": 0.9303528070449829, "max": 0.9304324984550476, "mean": 0.9303926527500153, "dir": "snapshots/random_hybrid_3d/0424/233/0"}, "n_params": {"min": 60665, "max": 60665, "mean": 60665.0, "dir": "snapshots/random_hybrid_3d/0424/233/1"}, "leaf": false, "n_nets": 2}