{"leaf": true, "dir": "snapshots/random_2d_ed_dense/0410/9/1", "n_nets": 1, "name": "RandomUnet2D_9_1", "ari": [0.5470606684684753], "miou": [0.22098617255687714], "accuracy": [0.7490202784538269], "n_params": [1882004], "n_iterations": 8800}