{"ari": {"min": 0.706017255783081, "max": 0.7747745513916016, "mean": 0.7368054509162902, "dir": "snapshots/random_2d_ed/1216/72/1"}, "miou": {"min": 0.2871037423610687, "max": 0.45860472321510315, "mean": 0.3709350049495697, "dir": "snapshots/random_2d_ed/1216/72/1"}, "accuracy": {"min": 0.8704239130020142, "max": 0.8962794542312622, "mean": 0.8805356621742249, "dir": "snapshots/random_2d_ed/1216/72/1"}, "n_params": {"min": 1081852, "max": 1081852, "mean": 1081852.0, "dir": "snapshots/random_2d_ed/1216/72/0"}, "leaf": false, "n_nets": 5}