{"ari": {"min": 0.8055610060691833, "max": 0.8184381127357483, "mean": 0.8119995594024658, "dir": "snapshots/random_2d_ed_dense/0410/72/1"}, "miou": {"min": 0.45565932989120483, "max": 0.4827752411365509, "mean": 0.46921728551387787, "dir": "snapshots/random_2d_ed_dense/0410/72/1"}, "accuracy": {"min": 0.9258600473403931, "max": 0.9320328831672668, "mean": 0.92894646525383, "dir": "snapshots/random_2d_ed_dense/0410/72/1"}, "n_params": {"min": 11713083, "max": 11713083, "mean": 11713083.0, "dir": "snapshots/random_2d_ed_dense/0410/72/0"}, "leaf": false, "n_nets": 2}