{"leaf": true, "dir": "snapshots/random_hybrid_3d/0416/205/0", "n_nets": 1, "name": "Hybrid3DCRF_205_0", "ari": [0.8424896001815796], "miou": [0.5640878081321716], "accuracy": [0.9430696368217468], "n_params": [59749], "n_iterations": 368}