{"leaf": true, "dir": "snapshots/random_2d_ed/1210/50/0", "n_nets": 1, "name": "RandomUnet2D_50_0", "ari": [0.6943356990814209], "miou": [0.3127584755420685], "accuracy": [0.9019833207130432], "n_params": [32516923], "n_iterations": 49000}