{"leaf": true, "dir": "snapshots/random_hybrid_3d/0416/159/0", "n_nets": 1, "name": "Hybrid3DCRF_159_1", "ari": [0.8405002951622009], "miou": [0.46331754326820374], "accuracy": [0.9393604397773743], "n_params": [29446131], "n_iterations": 368}