{"ari": {"min": 0.7362089157104492, "max": 0.809126615524292, "mean": 0.7745261669158936, "dir": "snapshots/random_2d_ed/1210/14/2"}, "miou": {"min": 0.35322731733322144, "max": 0.4627104699611664, "mean": 0.3937118470668793, "dir": "snapshots/random_2d_ed/1210/14/2"}, "accuracy": {"min": 0.8889355659484863, "max": 0.9260463118553162, "mean": 0.9081797957420349, "dir": "snapshots/random_2d_ed/1210/14/2"}, "n_params": {"min": 10409771, "max": 10409771, "mean": 10409771.0, "dir": "snapshots/random_2d_ed/1210/14/0"}, "leaf": false, "n_nets": 5}