{"ari": {"min": 0.8286420106887817, "max": 0.8412148356437683, "mean": 0.834928423166275, "dir": "snapshots/random_hybrid_3d/0416/197/0"}, "miou": {"min": 0.5124089121818542, "max": 0.5304946303367615, "mean": 0.5214517712593079, "dir": "snapshots/random_hybrid_3d/0416/197/0"}, "accuracy": {"min": 0.9372671842575073, "max": 0.9423444867134094, "mean": 0.9398058354854584, "dir": "snapshots/random_hybrid_3d/0416/197/0"}, "n_params": {"min": 7956259, "max": 7956259, "mean": 7956259.0, "dir": "snapshots/random_hybrid_3d/0416/197/0"}, "leaf": false, "n_nets": 2}