{"ari": {"min": 0.8270312547683716, "max": 0.8274121284484863, "mean": 0.8272752910852432, "dir": "snapshots/hybrid_3d_crf/0404/9/3"}, "miou": {"min": 0.6279482245445251, "max": 0.6435466408729553, "mean": 0.6346222907304764, "dir": "snapshots/hybrid_3d_crf/0404/9/3"}, "accuracy": {"min": 0.9361417889595032, "max": 0.9363937973976135, "mean": 0.936247780919075, "dir": "snapshots/hybrid_3d_crf/0404/9/3"}, "n_params": {"min": 1743930, "max": 1743930, "mean": 1743930.0, "dir": "snapshots/hybrid_3d_crf/0404/9/2"}, "leaf": false, "n_nets": 4}