{"ari": {"min": 0.7820620536804199, "max": 0.7820620536804199, "mean": 0.7820620536804199, "dir": "snapshots/random_2d_ed_dense/0503/74/0"}, "miou": {"min": 0.5599058270454407, "max": 0.5599058270454407, "mean": 0.5599058270454407, "dir": "snapshots/random_2d_ed_dense/0503/74/0"}, "accuracy": {"min": 0.9111103415489197, "max": 0.9111103415489197, "mean": 0.9111103415489197, "dir": "snapshots/random_2d_ed_dense/0503/74/0"}, "n_params": {"min": 500763, "max": 500763, "mean": 500763.0, "dir": "snapshots/random_2d_ed_dense/0503/74/0"}, "leaf": false, "n_nets": 1}