{"leaf": true, "dir": "snapshots/random_hybrid_3d/0416/138/1", "n_nets": 1, "name": "Hybrid3DCRF_138_0", "ari": [0.8263059258460999], "miou": [0.42989879846572876], "accuracy": [0.9340994358062744], "n_params": [925408], "n_iterations": 368}