{"ari": {"min": 0.012051510624587536, "max": 0.8417134881019592, "mean": 0.4268824993632734, "dir": "snapshots/random_hybrid_3d/0416/212/1"}, "miou": {"min": 0.08882416039705276, "max": 0.5488065481185913, "mean": 0.31881535425782204, "dir": "snapshots/random_hybrid_3d/0416/212/1"}, "accuracy": {"min": 0.4655020236968994, "max": 0.9420244693756104, "mean": 0.7037632465362549, "dir": "snapshots/random_hybrid_3d/0416/212/1"}, "n_params": {"min": 988022, "max": 988589, "mean": 988305.5, "dir": "snapshots/random_hybrid_3d/0416/212/0"}, "leaf": false, "n_nets": 2}