{"leaf": true, "dir": "snapshots/random_hybrid_3d/0416/146/1", "n_nets": 1, "name": "Hybrid3DCRF_146_0", "ari": [-6.765410968397707e-18], "miou": [0.06590643525123596], "accuracy": [0.46134504675865173], "n_params": [256131], "n_iterations": 368}