{"leaf": true, "dir": "snapshots/random_hybrid_3d/0424/138/1", "n_nets": 1, "name": "Hybrid3DCRF_138_1", "ari": [0.827343225479126], "miou": [0.48882538080215454], "accuracy": [0.935834527015686], "n_params": [2118093], "n_iterations": 55200}