{"ari": {"min": 0.09874212741851807, "max": 0.8378469944000244, "mean": 0.46829456090927124, "dir": "snapshots/random_hybrid_3d/0416/158/1"}, "miou": {"min": 0.0802745670080185, "max": 0.4329212009906769, "mean": 0.2565978839993477, "dir": "snapshots/random_hybrid_3d/0416/158/1"}, "accuracy": {"min": 0.2775401473045349, "max": 0.9356812834739685, "mean": 0.6066107153892517, "dir": "snapshots/random_hybrid_3d/0416/158/1"}, "n_params": {"min": 26808, "max": 26955, "mean": 26881.5, "dir": "snapshots/random_hybrid_3d/0416/158/0"}, "leaf": false, "n_nets": 2}