{"ari": {"min": 0.8040059208869934, "max": 0.8441184759140015, "mean": 0.8240621984004974, "dir": "snapshots/random_hybrid_3d/0416/237/1"}, "miou": {"min": 0.4761212170124054, "max": 0.6556594967842102, "mean": 0.5658903568983078, "dir": "snapshots/random_hybrid_3d/0416/237/1"}, "accuracy": {"min": 0.925297200679779, "max": 0.9442295432090759, "mean": 0.9347633719444275, "dir": "snapshots/random_hybrid_3d/0416/237/1"}, "n_params": {"min": 609800, "max": 611375, "mean": 610587.5, "dir": "snapshots/random_hybrid_3d/0416/237/0"}, "leaf": false, "n_nets": 2}