{"ari": {"min": 0.829897403717041, "max": 0.8304347395896912, "mean": 0.8301660716533661, "dir": "snapshots/random_hybrid_3d/0424/154/1"}, "miou": {"min": 0.620902955532074, "max": 0.621785044670105, "mean": 0.6213440001010895, "dir": "snapshots/random_hybrid_3d/0424/154/0"}, "accuracy": {"min": 0.9373538494110107, "max": 0.9375158548355103, "mean": 0.9374348521232605, "dir": "snapshots/random_hybrid_3d/0424/154/1"}, "n_params": {"min": 1903529, "max": 1903529, "mean": 1903529.0, "dir": "snapshots/random_hybrid_3d/0424/154/0"}, "leaf": false, "n_nets": 2}