{"ari": {"min": 0.824370801448822, "max": 0.8288463354110718, "mean": 0.8266085684299469, "dir": "snapshots/random_hybrid_3d/0416/56/0"}, "miou": {"min": 0.4163590967655182, "max": 0.4493439793586731, "mean": 0.43285153806209564, "dir": "snapshots/random_hybrid_3d/0416/56/1"}, "accuracy": {"min": 0.9332683682441711, "max": 0.9356333613395691, "mean": 0.9344508647918701, "dir": "snapshots/random_hybrid_3d/0416/56/1"}, "n_params": {"min": 136667, "max": 136814, "mean": 136740.5, "dir": "snapshots/random_hybrid_3d/0416/56/1"}, "leaf": false, "n_nets": 2}