{"leaf": true, "dir": "snapshots/random_hybrid_3d/0416/278/0", "n_nets": 1, "name": "Hybrid3DCRF_278_0", "ari": [0.827617883682251], "miou": [0.43938732147216797], "accuracy": [0.9363077282905579], "n_params": [2824773], "n_iterations": 368}