{"leaf": true, "dir": "snapshots/random_hybrid_3d/0424/238/0", "n_nets": 1, "name": "Hybrid3DCRF_238_0", "ari": [0.8285434246063232], "miou": [0.6231288313865662], "accuracy": [0.9366958737373352], "n_params": [3370182], "n_iterations": 55200}