{"ari": {"min": 0.8183462619781494, "max": 0.8412449955940247, "mean": 0.829795628786087, "dir": "snapshots/random_hybrid_3d/0416/23/1"}, "miou": {"min": 0.4176025986671448, "max": 0.5863056778907776, "mean": 0.5019541382789612, "dir": "snapshots/random_hybrid_3d/0416/23/1"}, "accuracy": {"min": 0.9308000802993774, "max": 0.9428437352180481, "mean": 0.9368219077587128, "dir": "snapshots/random_hybrid_3d/0416/23/1"}, "n_params": {"min": 300684, "max": 301272, "mean": 300978.0, "dir": "snapshots/random_hybrid_3d/0416/23/0"}, "leaf": false, "n_nets": 2}