{"ari": {"min": 0.8288227319717407, "max": 0.830963134765625, "mean": 0.8298929333686829, "dir": "snapshots/random_hybrid_3d/0418/24/1"}, "miou": {"min": 0.6203738451004028, "max": 0.6362683176994324, "mean": 0.6283210813999176, "dir": "snapshots/random_hybrid_3d/0418/24/1"}, "accuracy": {"min": 0.9371278285980225, "max": 0.9376270771026611, "mean": 0.9373774528503418, "dir": "snapshots/random_hybrid_3d/0418/24/1"}, "n_params": {"min": 1136771, "max": 1137205, "mean": 1136988.0, "dir": "snapshots/random_hybrid_3d/0418/24/0"}, "leaf": false, "n_nets": 2}