{"ari": {"min": 0.8288227319717407, "max": 0.8310962319374084, "mean": 0.8299594819545746, "dir": "snapshots/random_hybrid_3d/0418/24/1"}, "miou": {"min": 0.6203738451004028, "max": 0.6311870217323303, "mean": 0.6257804334163666, "dir": "snapshots/random_hybrid_3d/0418/24/1"}, "accuracy": {"min": 0.9371278285980225, "max": 0.9377011060714722, "mean": 0.9374144673347473, "dir": "snapshots/random_hybrid_3d/0418/24/1"}, "n_params": {"min": 1136771, "max": 1137205, "mean": 1136988.0, "dir": "snapshots/random_hybrid_3d/0418/24/0"}, "leaf": false, "n_nets": 2}