{"leaf": true, "dir": "snapshots/random_hybrid_3d/0424/221/1", "n_nets": 1, "name": "Hybrid3DCRF_221_1", "ari": [0.8292737603187561], "miou": [0.5969633460044861], "accuracy": [0.9369157552719116], "n_params": [4558856], "n_iterations": 55200}