{"ari": {"min": 0.8377181887626648, "max": 0.8411210775375366, "mean": 0.8394196331501007, "dir": "snapshots/random_hybrid_3d/0416/291/0"}, "miou": {"min": 0.47450730204582214, "max": 0.5330561399459839, "mean": 0.503781720995903, "dir": "snapshots/random_hybrid_3d/0416/291/0"}, "accuracy": {"min": 0.9401463866233826, "max": 0.9425473809242249, "mean": 0.9413468837738037, "dir": "snapshots/random_hybrid_3d/0416/291/0"}, "n_params": {"min": 8374485, "max": 8376102, "mean": 8375293.5, "dir": "snapshots/random_hybrid_3d/0416/291/0"}, "leaf": false, "n_nets": 2}