{"leaf": true, "dir": "snapshots/random_2d_ed/1210/96/1", "n_nets": 1, "name": "RandomUnet2D_96_3", "ari": [0.7129649519920349], "miou": [0.3548460304737091], "accuracy": [0.8913321495056152], "n_params": [1459642], "n_iterations": 16000}