{"ari": {"min": 0.8137664794921875, "max": 0.8291477560997009, "mean": 0.8214571177959442, "dir": "snapshots/random_hybrid_3d/0424/222/1"}, "miou": {"min": 0.6179695129394531, "max": 0.6199420094490051, "mean": 0.6189557611942291, "dir": "snapshots/random_hybrid_3d/0424/222/1"}, "accuracy": {"min": 0.9327104091644287, "max": 0.9369981288909912, "mean": 0.93485426902771, "dir": "snapshots/random_hybrid_3d/0424/222/1"}, "n_params": {"min": 85438, "max": 85438, "mean": 85438.0, "dir": "snapshots/random_hybrid_3d/0424/222/0"}, "leaf": false, "n_nets": 2}