{"ari": {"min": 0.8281095623970032, "max": 0.8304359316825867, "mean": 0.8292727470397949, "dir": "snapshots/random_hybrid_3d/0424/113/0"}, "miou": {"min": 0.5393236875534058, "max": 0.6216973066329956, "mean": 0.5805104970932007, "dir": "snapshots/random_hybrid_3d/0424/113/0"}, "accuracy": {"min": 0.9364363551139832, "max": 0.9378809332847595, "mean": 0.9371586441993713, "dir": "snapshots/random_hybrid_3d/0424/113/0"}, "n_params": {"min": 42543684, "max": 42543684, "mean": 42543684.0, "dir": "snapshots/random_hybrid_3d/0424/113/1"}, "leaf": false, "n_nets": 2}