{"ari": {"min": 0.8289319276809692, "max": 0.8295375108718872, "mean": 0.8292347192764282, "dir": "snapshots/random_hybrid_3d/0424/113/1"}, "miou": {"min": 0.5422080159187317, "max": 0.6194573044776917, "mean": 0.5808326601982117, "dir": "snapshots/random_hybrid_3d/0424/113/0"}, "accuracy": {"min": 0.9370088577270508, "max": 0.9371611475944519, "mean": 0.9370850026607513, "dir": "snapshots/random_hybrid_3d/0424/113/1"}, "n_params": {"min": 42543684, "max": 42543684, "mean": 42543684.0, "dir": "snapshots/random_hybrid_3d/0424/113/1"}, "leaf": false, "n_nets": 2}