{"ari": {"min": 0.8244314193725586, "max": 0.8385241031646729, "mean": 0.8314777612686157, "dir": "snapshots/random_hybrid_3d/0416/30/0"}, "miou": {"min": 0.423160582780838, "max": 0.5757995247840881, "mean": 0.4994800537824631, "dir": "snapshots/random_hybrid_3d/0416/30/0"}, "accuracy": {"min": 0.9349108338356018, "max": 0.9420592784881592, "mean": 0.9384850561618805, "dir": "snapshots/random_hybrid_3d/0416/30/0"}, "n_params": {"min": 1836733, "max": 1836733, "mean": 1836733.0, "dir": "snapshots/random_hybrid_3d/0416/30/1"}, "leaf": false, "n_nets": 2}