{"ari": {"min": 0.7167288064956665, "max": 0.8419888019561768, "mean": 0.7793588042259216, "dir": "snapshots/random_hybrid_3d/0416/295/1"}, "miou": {"min": 0.2576614320278168, "max": 0.6549498438835144, "mean": 0.4563056379556656, "dir": "snapshots/random_hybrid_3d/0416/295/1"}, "accuracy": {"min": 0.8754496574401855, "max": 0.9433011412620544, "mean": 0.90937539935112, "dir": "snapshots/random_hybrid_3d/0416/295/1"}, "n_params": {"min": 4263, "max": 4410, "mean": 4336.5, "dir": "snapshots/random_hybrid_3d/0416/295/0"}, "leaf": false, "n_nets": 2}