{"ari": {"min": 0.8368504643440247, "max": 0.8432219624519348, "mean": 0.8400362133979797, "dir": "snapshots/random_hybrid_3d/0416/49/0"}, "miou": {"min": 0.43293580412864685, "max": 0.5721337199211121, "mean": 0.5025347620248795, "dir": "snapshots/random_hybrid_3d/0416/49/0"}, "accuracy": {"min": 0.9381382465362549, "max": 0.9434303045272827, "mean": 0.9407842755317688, "dir": "snapshots/random_hybrid_3d/0416/49/0"}, "n_params": {"min": 712896, "max": 713365, "mean": 713130.5, "dir": "snapshots/random_hybrid_3d/0416/49/1"}, "leaf": false, "n_nets": 2}