{"leaf": true, "dir": "snapshots/random_hybrid_3d/0424/233/1", "n_nets": 1, "name": "Hybrid3DCRF_233_0", "ari": [0.8171244859695435], "miou": [0.47393280267715454], "accuracy": [0.9303528070449829], "n_params": [60665], "n_iterations": 55200}