{"ari": {"min": 0.716596245765686, "max": 0.8135502934455872, "mean": 0.7759318232536316, "dir": "snapshots/random_2d_ed/1210/71/0"}, "miou": {"min": 0.32523494958877563, "max": 0.5386945605278015, "mean": 0.4170239746570587, "dir": "snapshots/random_2d_ed/1210/71/3"}, "accuracy": {"min": 0.8741363883018494, "max": 0.9272385239601135, "mean": 0.9071179747581481, "dir": "snapshots/random_2d_ed/1210/71/0"}, "n_params": {"min": 3721395, "max": 3721395, "mean": 3721395.0, "dir": "snapshots/random_2d_ed/1210/71/0"}, "leaf": false, "n_nets": 5}