{"ari": {"min": 0.8313931226730347, "max": 0.8360624313354492, "mean": 0.8337277770042419, "dir": "snapshots/random_hybrid_3d/0416/145/1"}, "miou": {"min": 0.47248968482017517, "max": 0.5063457489013672, "mean": 0.4894177168607712, "dir": "snapshots/random_hybrid_3d/0416/145/1"}, "accuracy": {"min": 0.935414731502533, "max": 0.9402216076850891, "mean": 0.937818169593811, "dir": "snapshots/random_hybrid_3d/0416/145/1"}, "n_params": {"min": 339939, "max": 340086, "mean": 340012.5, "dir": "snapshots/random_hybrid_3d/0416/145/1"}, "leaf": false, "n_nets": 2}