{"ari": {"min": 0.8298444747924805, "max": 0.8309440016746521, "mean": 0.8303942382335663, "dir": "snapshots/random_hybrid_3d/0424/116/0"}, "miou": {"min": 0.5432760119438171, "max": 0.6175554990768433, "mean": 0.5804157555103302, "dir": "snapshots/random_hybrid_3d/0424/116/0"}, "accuracy": {"min": 0.9371336102485657, "max": 0.9374555945396423, "mean": 0.937294602394104, "dir": "snapshots/random_hybrid_3d/0424/116/0"}, "n_params": {"min": 435500, "max": 435500, "mean": 435500.0, "dir": "snapshots/random_hybrid_3d/0424/116/0"}, "leaf": false, "n_nets": 2}