{"leaf": true, "dir": "snapshots/random_hybrid_3d/0424/61/0", "n_nets": 1, "name": "Hybrid3DCRF_61_1", "ari": [0.8272180557250977], "miou": [0.53608238697052], "accuracy": [0.9364576935768127], "n_params": [138131], "n_iterations": 55200}