{"ari": {"min": 0.8293601274490356, "max": 0.8424869179725647, "mean": 0.8359235227108002, "dir": "snapshots/random_hybrid_3d/0416/203/1"}, "miou": {"min": 0.4346359074115753, "max": 0.5724504590034485, "mean": 0.5035431832075119, "dir": "snapshots/random_hybrid_3d/0416/203/1"}, "accuracy": {"min": 0.9364888668060303, "max": 0.943317711353302, "mean": 0.9399032890796661, "dir": "snapshots/random_hybrid_3d/0416/203/1"}, "n_params": {"min": 613548, "max": 613548, "mean": 613548.0, "dir": "snapshots/random_hybrid_3d/0416/203/0"}, "leaf": false, "n_nets": 2}