{"ari": {"min": 0.8284311890602112, "max": 0.8415189981460571, "mean": 0.8349750936031342, "dir": "snapshots/random_hybrid_3d/0416/141/1"}, "miou": {"min": 0.436255544424057, "max": 0.5683552026748657, "mean": 0.5023053735494614, "dir": "snapshots/random_hybrid_3d/0416/141/1"}, "accuracy": {"min": 0.9364142417907715, "max": 0.9431145787239075, "mean": 0.9397644102573395, "dir": "snapshots/random_hybrid_3d/0416/141/1"}, "n_params": {"min": 6691487, "max": 6691634, "mean": 6691560.5, "dir": "snapshots/random_hybrid_3d/0416/141/0"}, "leaf": false, "n_nets": 2}