{"ari": {"min": -0.0008902184781618416, "max": 0.3635207712650299, "mean": 0.18131527639343403, "dir": "snapshots/random_2d_ed_dense/0503/137/0"}, "miou": {"min": 0.07259375602006912, "max": 0.07565656304359436, "mean": 0.07412515953183174, "dir": "snapshots/random_2d_ed_dense/0503/137/0"}, "accuracy": {"min": 0.21811191737651825, "max": 0.43384331464767456, "mean": 0.3259776160120964, "dir": "snapshots/random_2d_ed_dense/0503/137/1"}, "n_params": {"min": 954803, "max": 954803, "mean": 954803.0, "dir": "snapshots/random_2d_ed_dense/0503/137/0"}, "leaf": false, "n_nets": 2}