{"leaf": true, "dir": "snapshots/random_hybrid_3d/0424/112/1", "n_nets": 1, "name": "Hybrid3DCRF_112_1", "ari": [0.8294709920883179], "miou": [0.6167712807655334], "accuracy": [0.9376543164253235], "n_params": [4898197], "n_iterations": 55200}