{"leaf": true, "dir": "snapshots/random_hybrid_3d/0424/112/1", "n_nets": 1, "name": "Hybrid3DCRF_112_1", "ari": [0.8319389224052429], "miou": [0.6205929517745972], "accuracy": [0.9385805726051331], "n_params": [4898197], "n_iterations": 29440}