{"leaf": true, "dir": "snapshots/random_hybrid_3d/0416/219/0", "n_nets": 1, "name": "Hybrid3DCRF_219_0", "ari": [0.8381778001785278], "miou": [0.427192747592926], "accuracy": [0.9375091195106506], "n_params": [26284117], "n_iterations": 368}