{"ari": {"min": 0.7559667229652405, "max": 0.8333635926246643, "mean": 0.7946651577949524, "dir": "snapshots/random_hybrid_3d/0416/186/1"}, "miou": {"min": 0.2582297921180725, "max": 0.5259100198745728, "mean": 0.39206990599632263, "dir": "snapshots/random_hybrid_3d/0416/186/1"}, "accuracy": {"min": 0.8995192050933838, "max": 0.9384744763374329, "mean": 0.9189968407154083, "dir": "snapshots/random_hybrid_3d/0416/186/1"}, "n_params": {"min": 13101860, "max": 13101860, "mean": 13101860.0, "dir": "snapshots/random_hybrid_3d/0416/186/1"}, "leaf": false, "n_nets": 2}