{"ari": {"min": 0.5870180130004883, "max": 0.7261123657226562, "mean": 0.653810441493988, "dir": "snapshots/random_2d_ed/1216/83/3"}, "miou": {"min": 0.20046541094779968, "max": 0.39499080181121826, "mean": 0.2756038665771484, "dir": "snapshots/random_2d_ed/1216/83/3"}, "accuracy": {"min": 0.8325887322425842, "max": 0.87288898229599, "mean": 0.8505030274391174, "dir": "snapshots/random_2d_ed/1216/83/3"}, "n_params": {"min": 139843, "max": 139843, "mean": 139843.0, "dir": "snapshots/random_2d_ed/1216/83/0"}, "leaf": false, "n_nets": 5}