{"ari": {"min": 0.827617883682251, "max": 0.8365820050239563, "mean": 0.8320999443531036, "dir": "snapshots/random_hybrid_3d/0416/278/1"}, "miou": {"min": 0.43938732147216797, "max": 0.5068721771240234, "mean": 0.4731297492980957, "dir": "snapshots/random_hybrid_3d/0416/278/1"}, "accuracy": {"min": 0.9363077282905579, "max": 0.9404270648956299, "mean": 0.9383673965930939, "dir": "snapshots/random_hybrid_3d/0416/278/1"}, "n_params": {"min": 2824773, "max": 2824773, "mean": 2824773.0, "dir": "snapshots/random_hybrid_3d/0416/278/1"}, "leaf": false, "n_nets": 2}