{"ari": {"min": 0.8388335108757019, "max": 0.8425428867340088, "mean": 0.8406881988048553, "dir": "snapshots/random_hybrid_3d/0416/0/1"}, "miou": {"min": 0.4266257882118225, "max": 0.5675674676895142, "mean": 0.49709662795066833, "dir": "snapshots/random_hybrid_3d/0416/0/1"}, "accuracy": {"min": 0.936747670173645, "max": 0.9429453015327454, "mean": 0.9398464858531952, "dir": "snapshots/random_hybrid_3d/0416/0/1"}, "n_params": {"min": 1042724, "max": 1042724, "mean": 1042724.0, "dir": "snapshots/random_hybrid_3d/0416/0/0"}, "leaf": false, "n_nets": 2}