{"leaf": true, "dir": "snapshots/random_2d_ed_dense/0503/200/0", "n_nets": 1, "name": "RandomUnet2D_200_0", "ari": [0.8033551573753357], "miou": [0.6020900011062622], "accuracy": [0.9260250329971313], "n_params": [22664678], "n_iterations": 180000}