{"ari": {"min": 0.8169445395469666, "max": 0.8317813277244568, "mean": 0.8243629336357117, "dir": "snapshots/random_hybrid_3d/0424/38/1"}, "miou": {"min": 0.4210723042488098, "max": 0.6227749586105347, "mean": 0.5219236314296722, "dir": "snapshots/random_hybrid_3d/0424/38/1"}, "accuracy": {"min": 0.9302683472633362, "max": 0.9380910396575928, "mean": 0.9341796934604645, "dir": "snapshots/random_hybrid_3d/0424/38/1"}, "n_params": {"min": 3644374, "max": 3645011, "mean": 3644692.5, "dir": "snapshots/random_hybrid_3d/0424/38/0"}, "leaf": false, "n_nets": 2}