{"leaf": true, "dir": "snapshots/random_hybrid_3d/0416/129/1", "n_nets": 1, "name": "Hybrid3DCRF_129_0", "ari": [0.8419179320335388], "miou": [0.653105616569519], "accuracy": [0.9433303475379944], "n_params": [454534], "n_iterations": 368}