{"ari": {"min": 0.8290693759918213, "max": 0.8295392394065857, "mean": 0.8293043076992035, "dir": "snapshots/random_hybrid_3d/0424/298/1"}, "miou": {"min": 0.6201873421669006, "max": 0.6213207244873047, "mean": 0.6207540333271027, "dir": "snapshots/random_hybrid_3d/0424/298/0"}, "accuracy": {"min": 0.9371334314346313, "max": 0.9372565746307373, "mean": 0.9371950030326843, "dir": "snapshots/random_hybrid_3d/0424/298/1"}, "n_params": {"min": 105743, "max": 105743, "mean": 105743.0, "dir": "snapshots/random_hybrid_3d/0424/298/0"}, "leaf": false, "n_nets": 2}