{"ari": {"min": 0.8253172039985657, "max": 0.8292344808578491, "mean": 0.8272758424282074, "dir": "snapshots/random_hybrid_3d/0424/64/0"}, "miou": {"min": 0.605084240436554, "max": 0.6133705377578735, "mean": 0.6092273890972137, "dir": "snapshots/random_hybrid_3d/0424/64/0"}, "accuracy": {"min": 0.9352656602859497, "max": 0.9374992847442627, "mean": 0.9363824725151062, "dir": "snapshots/random_hybrid_3d/0424/64/0"}, "n_params": {"min": 1794478, "max": 1794478, "mean": 1794478.0, "dir": "snapshots/random_hybrid_3d/0424/64/1"}, "leaf": false, "n_nets": 2}