{"leaf": true, "dir": "snapshots/random_2d_ed/1210/50/1", "n_nets": 1, "name": "RandomUnet2D_50_1", "ari": [0.7309082746505737], "miou": [0.4006330370903015], "accuracy": [0.9073364734649658], "n_params": [32516923], "n_iterations": 49000}