{"ari": {"min": 0.828734278678894, "max": 0.8292786478996277, "mean": 0.8290064632892609, "dir": "snapshots/random_hybrid_3d/0424/67/0"}, "miou": {"min": 0.6221011281013489, "max": 0.6230202913284302, "mean": 0.6225607097148895, "dir": "snapshots/random_hybrid_3d/0424/67/0"}, "accuracy": {"min": 0.9367570281028748, "max": 0.9368260502815247, "mean": 0.9367915391921997, "dir": "snapshots/random_hybrid_3d/0424/67/0"}, "n_params": {"min": 59655, "max": 59823, "mean": 59739.0, "dir": "snapshots/random_hybrid_3d/0424/67/1"}, "leaf": false, "n_nets": 2}