{"ari": {"min": 0.8300275802612305, "max": 0.8300275802612305, "mean": 0.8300275802612305, "dir": "snapshots/random_hybrid_3d/0418/136/0"}, "miou": {"min": 0.6284557580947876, "max": 0.6284557580947876, "mean": 0.6284557580947876, "dir": "snapshots/random_hybrid_3d/0418/136/0"}, "accuracy": {"min": 0.937562108039856, "max": 0.937562108039856, "mean": 0.937562108039856, "dir": "snapshots/random_hybrid_3d/0418/136/0"}, "n_params": {"min": 2881624, "max": 2881624, "mean": 2881624.0, "dir": "snapshots/random_hybrid_3d/0418/136/0"}, "leaf": false, "n_nets": 1}