{"ari": {"min": 0.8275586366653442, "max": 0.8285855054855347, "mean": 0.8280720710754395, "dir": "snapshots/random_hybrid_3d/0424/278/1"}, "miou": {"min": 0.48749685287475586, "max": 0.6175737380981445, "mean": 0.5525352954864502, "dir": "snapshots/random_hybrid_3d/0424/278/1"}, "accuracy": {"min": 0.9359920024871826, "max": 0.9364221692085266, "mean": 0.9362070858478546, "dir": "snapshots/random_hybrid_3d/0424/278/1"}, "n_params": {"min": 1854603, "max": 1856808, "mean": 1855705.5, "dir": "snapshots/random_hybrid_3d/0424/278/0"}, "leaf": false, "n_nets": 2}