{"leaf": true, "dir": "snapshots/random_2d_ed/1210/90/1", "n_nets": 1, "name": "RandomUnet2D_90_4", "ari": [0.6992340087890625], "miou": [0.32588180899620056], "accuracy": [0.8633633255958557], "n_params": [436528], "n_iterations": 16000}