{"ari": {"min": 0.2556905150413513, "max": 0.5721216797828674, "mean": 0.41570296287536623, "dir": "snapshots/random_2d_ed/1210/45/0"}, "miou": {"min": 0.19044311344623566, "max": 0.31252819299697876, "mean": 0.23776395618915558, "dir": "snapshots/random_2d_ed/1210/45/0"}, "accuracy": {"min": 0.7749460339546204, "max": 0.8800813555717468, "mean": 0.8356278538703918, "dir": "snapshots/random_2d_ed/1210/45/0"}, "n_params": {"min": 26904529, "max": 26904529, "mean": 26904529.0, "dir": "snapshots/random_2d_ed/1210/45/0"}, "leaf": false, "n_nets": 5}