{"ari": {"min": 0.09484512358903885, "max": 0.6066475510597229, "mean": 0.3507463373243809, "dir": "snapshots/random_2d_ed_dense/0503/45/1"}, "miou": {"min": 0.08376587182283401, "max": 0.28883659839630127, "mean": 0.18630123510956764, "dir": "snapshots/random_2d_ed_dense/0503/45/1"}, "accuracy": {"min": 0.4118979275226593, "max": 0.8517765402793884, "mean": 0.6318372339010239, "dir": "snapshots/random_2d_ed_dense/0503/45/1"}, "n_params": {"min": 666421, "max": 666421, "mean": 666421.0, "dir": "snapshots/random_2d_ed_dense/0503/45/0"}, "leaf": false, "n_nets": 2}