{"leaf": true, "dir": "snapshots/random_2d_ed/1216/89/4", "n_nets": 1, "name": "RandomUnet2D_89_4", "ari": [0.7152131199836731], "miou": [0.3657030463218689], "accuracy": [0.8743909001350403], "n_params": [2514958], "n_iterations": 42720}