{"leaf": true, "dir": "snapshots/random_2d_ed/1216/61/1", "n_nets": 1, "name": "RandomUnet2D_61_1", "ari": [0.78202885389328], "miou": [0.35596370697021484], "accuracy": [0.904118537902832], "n_params": [12713131], "n_iterations": 66750}