{"ari": {"min": -0.007399406749755144, "max": 0.8412430882453918, "mean": 0.41692184074781835, "dir": "snapshots/random_hybrid_3d/0416/155/1"}, "miou": {"min": 0.0748947337269783, "max": 0.45890817046165466, "mean": 0.2669014520943165, "dir": "snapshots/random_hybrid_3d/0416/155/1"}, "accuracy": {"min": 0.4855297803878784, "max": 0.9393726587295532, "mean": 0.7124512195587158, "dir": "snapshots/random_hybrid_3d/0416/155/1"}, "n_params": {"min": 532644, "max": 532791, "mean": 532717.5, "dir": "snapshots/random_hybrid_3d/0416/155/0"}, "leaf": false, "n_nets": 2}