{"ari": {"min": 0.8350783586502075, "max": 0.8393526673316956, "mean": 0.8372155129909515, "dir": "snapshots/random_hybrid_3d/0416/236/0"}, "miou": {"min": 0.4357883036136627, "max": 0.5108248591423035, "mean": 0.4733065813779831, "dir": "snapshots/random_hybrid_3d/0416/236/0"}, "accuracy": {"min": 0.9380934834480286, "max": 0.9425832033157349, "mean": 0.9403383433818817, "dir": "snapshots/random_hybrid_3d/0416/236/0"}, "n_params": {"min": 8652923, "max": 8652923, "mean": 8652923.0, "dir": "snapshots/random_hybrid_3d/0416/236/0"}, "leaf": false, "n_nets": 2}