{"leaf": true, "dir": "snapshots/random_hybrid_3d/0424/56/1", "n_nets": 1, "name": "Hybrid3DCRF_56_0", "ari": [0.8288951516151428], "miou": [0.6148499846458435], "accuracy": [0.9368975758552551], "n_params": [3227612], "n_iterations": 55200}