{"leaf": true, "dir": "snapshots/random_2d_ed/1216/80/0", "n_nets": 1, "name": "RandomUnet2D_80_0", "ari": [0.806948721408844], "miou": [0.5432001352310181], "accuracy": [0.9206081628799438], "n_params": [5283596], "n_iterations": 96120}