{"ari": {"min": 0.6452655792236328, "max": 0.7112429738044739, "mean": 0.6847806453704834, "dir": "snapshots/random_2d_ed/1210/85/0"}, "miou": {"min": 0.23776207864284515, "max": 0.3456948399543762, "mean": 0.3021238297224045, "dir": "snapshots/random_2d_ed/1210/85/1"}, "accuracy": {"min": 0.857979953289032, "max": 0.8762595057487488, "mean": 0.8675496697425842, "dir": "snapshots/random_2d_ed/1210/85/0"}, "n_params": {"min": 985535, "max": 985535, "mean": 985535.0, "dir": "snapshots/random_2d_ed/1210/85/0"}, "leaf": false, "n_nets": 5}