{"ari": {"min": 0.8423265218734741, "max": 0.8426361680030823, "mean": 0.8424813449382782, "dir": "snapshots/random_hybrid_3d/0416/7/1"}, "miou": {"min": 0.5003265142440796, "max": 0.5080660581588745, "mean": 0.504196286201477, "dir": "snapshots/random_hybrid_3d/0416/7/1"}, "accuracy": {"min": 0.9418491721153259, "max": 0.9423969388008118, "mean": 0.9421230554580688, "dir": "snapshots/random_hybrid_3d/0416/7/1"}, "n_params": {"min": 20219625, "max": 20219625, "mean": 20219625.0, "dir": "snapshots/random_hybrid_3d/0416/7/1"}, "leaf": false, "n_nets": 2}