{"leaf": true, "dir": "snapshots/random_hybrid_3d/0424/53/1", "n_nets": 1, "name": "Hybrid3DCRF_53_0", "ari": [0.8306213617324829], "miou": [0.6220967173576355], "accuracy": [0.9377042055130005], "n_params": [14914857], "n_iterations": 55200}