{"leaf": true, "dir": "snapshots/random_2d_ed/1216/17/3", "n_nets": 1, "name": "RandomUnet2D_17_3", "ari": [0.5118086934089661], "miou": [0.20954102277755737], "accuracy": [0.863358736038208], "n_params": [4738752], "n_iterations": 62656}