{"ari": {"min": 0.8415564894676208, "max": 0.8427623510360718, "mean": 0.8421594202518463, "dir": "snapshots/random_hybrid_3d/0416/29/1"}, "miou": {"min": 0.5152339935302734, "max": 0.5488296747207642, "mean": 0.5320318341255188, "dir": "snapshots/random_hybrid_3d/0416/29/1"}, "accuracy": {"min": 0.9428713321685791, "max": 0.9429928064346313, "mean": 0.9429320693016052, "dir": "snapshots/random_hybrid_3d/0416/29/1"}, "n_params": {"min": 3566828, "max": 3566828, "mean": 3566828.0, "dir": "snapshots/random_hybrid_3d/0416/29/0"}, "leaf": false, "n_nets": 2}