{"leaf": true, "dir": "snapshots/random_2d_ed_dense/0410/82/0", "n_nets": 1, "name": "RandomUnet2D_82_0", "ari": [0.48157134652137756], "miou": [0.10324738174676895], "accuracy": [0.37966233491897583], "n_params": [1272904], "n_iterations": 19800}