{"leaf": true, "dir": "snapshots/random_hybrid_3d/0416/241/0", "n_nets": 1, "name": "Hybrid3DCRF_241_1", "ari": [4.8309611884178594e-05], "miou": [0.06612607091665268], "accuracy": [0.46287527680397034], "n_params": [756293], "n_iterations": 368}