{"leaf": true, "dir": "snapshots/random_hybrid_3d/0416/8/1", "n_nets": 1, "name": "Hybrid3DCRF_8_0", "ari": [0.8021772503852844], "miou": [0.41630497574806213], "accuracy": [0.9274111390113831], "n_params": [4351778], "n_iterations": 368}