{"leaf": true, "dir": "snapshots/random_hybrid_3d/0418/30/0", "n_nets": 1, "name": "Hybrid3DCRF_30_0", "ari": [0.8300711512565613], "miou": [0.6246841549873352], "accuracy": [0.9374330639839172], "n_params": [1836880], "n_iterations": 20240}