{"ari": {"min": 0.826589822769165, "max": 0.8287699222564697, "mean": 0.8276798725128174, "dir": "snapshots/random_hybrid_3d/0424/288/1"}, "miou": {"min": 0.489852637052536, "max": 0.6203374862670898, "mean": 0.5550950616598129, "dir": "snapshots/random_hybrid_3d/0424/288/1"}, "accuracy": {"min": 0.9355441927909851, "max": 0.9366676807403564, "mean": 0.9361059367656708, "dir": "snapshots/random_hybrid_3d/0424/288/1"}, "n_params": {"min": 253333, "max": 253333, "mean": 253333.0, "dir": "snapshots/random_hybrid_3d/0424/288/0"}, "leaf": false, "n_nets": 2}