{"leaf": true, "dir": "snapshots/random_hybrid_3d/0418/35/1", "n_nets": 1, "name": "Hybrid3DCRF_35_1", "ari": [0.8284572958946228], "miou": [0.6164929270744324], "accuracy": [0.9366137385368347], "n_params": [2128931], "n_iterations": 44160}