{"ari": {"min": 0.5595333576202393, "max": 0.6013951301574707, "mean": 0.580464243888855, "dir": "snapshots/random_2d_ed_dense/0503/208/0"}, "miou": {"min": 0.23245616257190704, "max": 0.2732984125614166, "mean": 0.25287728756666183, "dir": "snapshots/random_2d_ed_dense/0503/208/0"}, "accuracy": {"min": 0.6688989996910095, "max": 0.8231525421142578, "mean": 0.7460257709026337, "dir": "snapshots/random_2d_ed_dense/0503/208/0"}, "n_params": {"min": 27108965, "max": 27108965, "mean": 27108965.0, "dir": "snapshots/random_2d_ed_dense/0503/208/0"}, "leaf": false, "n_nets": 2}