{"ari": {"min": 0.7842621803283691, "max": 0.7969695925712585, "mean": 0.7906158864498138, "dir": "snapshots/random_2d_ed_dense/0503/181/0"}, "miou": {"min": 0.5405877232551575, "max": 0.5657724738121033, "mean": 0.5531800985336304, "dir": "snapshots/random_2d_ed_dense/0503/181/1"}, "accuracy": {"min": 0.9108094573020935, "max": 0.918505847454071, "mean": 0.9146576523780823, "dir": "snapshots/random_2d_ed_dense/0503/181/0"}, "n_params": {"min": 400753, "max": 400753, "mean": 400753.0, "dir": "snapshots/random_2d_ed_dense/0503/181/0"}, "leaf": false, "n_nets": 2}