{"ari": {"min": 0.22853685915470123, "max": 0.8250789046287537, "mean": 0.5268078818917274, "dir": "snapshots/random_hybrid_3d/0416/178/0"}, "miou": {"min": 0.16854046285152435, "max": 0.42973965406417847, "mean": 0.2991400584578514, "dir": "snapshots/random_hybrid_3d/0416/178/0"}, "accuracy": {"min": 0.72386234998703, "max": 0.9340144395828247, "mean": 0.8289383947849274, "dir": "snapshots/random_hybrid_3d/0416/178/0"}, "n_params": {"min": 1597440, "max": 1597937, "mean": 1597688.5, "dir": "snapshots/random_hybrid_3d/0416/178/1"}, "leaf": false, "n_nets": 2}