{"ari": {"min": 0.6815075874328613, "max": 0.7356370091438293, "mean": 0.7085722982883453, "dir": "snapshots/random_2d_ed_dense/0410/90/0"}, "miou": {"min": 0.37674614787101746, "max": 0.4310648739337921, "mean": 0.4039055109024048, "dir": "snapshots/random_2d_ed_dense/0410/90/0"}, "accuracy": {"min": 0.8548953533172607, "max": 0.8858245611190796, "mean": 0.8703599572181702, "dir": "snapshots/random_2d_ed_dense/0410/90/0"}, "n_params": {"min": 1744603, "max": 1744603, "mean": 1744603.0, "dir": "snapshots/random_2d_ed_dense/0410/90/0"}, "leaf": false, "n_nets": 2}