{"ari": {"min": 0.7902510762214661, "max": 0.8301722407341003, "mean": 0.8102116584777832, "dir": "snapshots/random_hybrid_3d/0424/287/0"}, "miou": {"min": 0.39492300152778625, "max": 0.6228232979774475, "mean": 0.5088731497526169, "dir": "snapshots/random_hybrid_3d/0424/287/0"}, "accuracy": {"min": 0.9193040728569031, "max": 0.9373626708984375, "mean": 0.9283333718776703, "dir": "snapshots/random_hybrid_3d/0424/287/0"}, "n_params": {"min": 325330, "max": 325330, "mean": 325330.0, "dir": "snapshots/random_hybrid_3d/0424/287/1"}, "leaf": false, "n_nets": 2}