{"leaf": true, "dir": "snapshots/random_2d_ed_dense/0410/271/1", "n_nets": 1, "name": "RandomUnet2D_271_0", "ari": [0.7257117033004761], "miou": [0.3840549886226654], "accuracy": [0.8765694499015808], "n_params": [3860250], "n_iterations": 125000}