{"ari": {"min": 0.8162886500358582, "max": 0.8302282691001892, "mean": 0.8232584595680237, "dir": "snapshots/random_hybrid_3d/0418/33/0"}, "miou": {"min": 0.4768635928630829, "max": 0.6295647621154785, "mean": 0.5532141774892807, "dir": "snapshots/random_hybrid_3d/0418/33/0"}, "accuracy": {"min": 0.9305321574211121, "max": 0.9375360012054443, "mean": 0.9340340793132782, "dir": "snapshots/random_hybrid_3d/0418/33/0"}, "n_params": {"min": 11360003, "max": 11361319, "mean": 11360661.0, "dir": "snapshots/random_hybrid_3d/0418/33/0"}, "leaf": false, "n_nets": 2}