{"ari": {"min": 0.8158032894134521, "max": 0.8282081484794617, "mean": 0.8220057189464569, "dir": "snapshots/random_hybrid_3d/0418/33/0"}, "miou": {"min": 0.4756908416748047, "max": 0.6291956305503845, "mean": 0.5524432361125946, "dir": "snapshots/random_hybrid_3d/0418/33/0"}, "accuracy": {"min": 0.9307016134262085, "max": 0.9367073774337769, "mean": 0.9337044954299927, "dir": "snapshots/random_hybrid_3d/0418/33/0"}, "n_params": {"min": 11360003, "max": 11361319, "mean": 11360661.0, "dir": "snapshots/random_hybrid_3d/0418/33/0"}, "leaf": false, "n_nets": 2}