{"leaf": true, "dir": "snapshots/random_2d_ed/1210/93/3", "n_nets": 1, "name": "RandomUnet2D_93_4", "ari": [0.6682107448577881], "miou": [0.30957695841789246], "accuracy": [0.8478012084960938], "n_params": [231687], "n_iterations": 16000}