{"ari": {"min": 0.6311314105987549, "max": 0.8325470685958862, "mean": 0.8260045403089279, "dir": "snapshots/random_hybrid_3d/0418/81/0"}, "miou": {"min": 0.381639689207077, "max": 0.6347564458847046, "mean": 0.602361021643011, "dir": "snapshots/random_hybrid_3d/0418/27/1"}, "accuracy": {"min": 0.8678539991378784, "max": 0.9386899471282959, "mean": 0.9357146763394022, "dir": "snapshots/random_hybrid_3d/0418/32/0"}, "n_params": {"min": 7847, "max": 58518269, "mean": 5543115.777777778, "dir": "snapshots/random_hybrid_3d/0418/36/0"}, "leaf": false, "n_nets": 117}