{"ari": {"min": 0.6311314105987549, "max": 0.8356891870498657, "mean": 0.8264503465903984, "dir": "snapshots/random_hybrid_3d/0418/40/0"}, "miou": {"min": 0.381639689207077, "max": 0.6366586685180664, "mean": 0.5954403651284648, "dir": "snapshots/random_hybrid_3d/0418/49/0"}, "accuracy": {"min": 0.8678539991378784, "max": 0.9399344325065613, "mean": 0.9359287449291774, "dir": "snapshots/random_hybrid_3d/0418/40/0"}, "n_params": {"min": 7847, "max": 58518269, "mean": 6221668.615384615, "dir": "snapshots/random_hybrid_3d/0418/36/0"}, "leaf": false, "n_nets": 91}