{"ari": {"min": 0.8271470665931702, "max": 0.8284572958946228, "mean": 0.8278021812438965, "dir": "snapshots/random_hybrid_3d/0418/35/1"}, "miou": {"min": 0.6164929270744324, "max": 0.6206804513931274, "mean": 0.6185866892337799, "dir": "snapshots/random_hybrid_3d/0418/35/0"}, "accuracy": {"min": 0.9364718794822693, "max": 0.9366137385368347, "mean": 0.936542809009552, "dir": "snapshots/random_hybrid_3d/0418/35/1"}, "n_params": {"min": 2128931, "max": 2128931, "mean": 2128931.0, "dir": "snapshots/random_hybrid_3d/0418/35/1"}, "leaf": false, "n_nets": 2}