{"ari": {"min": 0.8289543390274048, "max": 0.8310877680778503, "mean": 0.8300210535526276, "dir": "snapshots/random_hybrid_3d/0418/35/0"}, "miou": {"min": 0.6176556348800659, "max": 0.6267252564430237, "mean": 0.6221904456615448, "dir": "snapshots/random_hybrid_3d/0418/35/0"}, "accuracy": {"min": 0.9373135566711426, "max": 0.9378202557563782, "mean": 0.9375669062137604, "dir": "snapshots/random_hybrid_3d/0418/35/0"}, "n_params": {"min": 2128931, "max": 2128931, "mean": 2128931.0, "dir": "snapshots/random_hybrid_3d/0418/35/1"}, "leaf": false, "n_nets": 2}