{"ari": {"min": -6.765410968397707e-18, "max": 0.836350679397583, "mean": 0.4181753396987915, "dir": "snapshots/random_hybrid_3d/0416/55/0"}, "miou": {"min": 0.06590643525123596, "max": 0.4499525725841522, "mean": 0.2579295039176941, "dir": "snapshots/random_hybrid_3d/0416/55/0"}, "accuracy": {"min": 0.46134504675865173, "max": 0.93500816822052, "mean": 0.6981766074895859, "dir": "snapshots/random_hybrid_3d/0416/55/0"}, "n_params": {"min": 64893, "max": 65040, "mean": 64966.5, "dir": "snapshots/random_hybrid_3d/0416/55/1"}, "leaf": false, "n_nets": 2}