{"leaf": true, "dir": "snapshots/random_2d_ed_dense/0410/29/1", "n_nets": 1, "name": "RandomUnet2D_29_0", "ari": [0.010663335211575031], "miou": [0.079434335231781], "accuracy": [0.47832682728767395], "n_params": [2701329], "n_iterations": 13750}