{"leaf": true, "dir": "snapshots/random_2d_ed_dense/0503/299/0", "n_nets": 1, "name": "RandomUnet2D_299_0", "ari": [-0.002849851967766881], "miou": [0.08110596984624863], "accuracy": [0.4795302748680115], "n_params": [6529852], "n_iterations": 13750}