{"ari": {"min": 0.7899617552757263, "max": 0.8276127576828003, "mean": 0.8087872564792633, "dir": "snapshots/random_hybrid_3d/0416/211/1"}, "miou": {"min": 0.34733670949935913, "max": 0.4905053973197937, "mean": 0.4189210534095764, "dir": "snapshots/random_hybrid_3d/0416/211/1"}, "accuracy": {"min": 0.9167988300323486, "max": 0.936711311340332, "mean": 0.9267550706863403, "dir": "snapshots/random_hybrid_3d/0416/211/1"}, "n_params": {"min": 1504859, "max": 1505006, "mean": 1504932.5, "dir": "snapshots/random_hybrid_3d/0416/211/1"}, "leaf": false, "n_nets": 2}