{"ari": {"min": 0.03487659618258476, "max": 0.10098803043365479, "mean": 0.06793231330811977, "dir": "snapshots/random_2d_ed_dense/0410/65/0"}, "miou": {"min": 0.04234399273991585, "max": 0.09213616698980331, "mean": 0.06724007986485958, "dir": "snapshots/random_2d_ed_dense/0410/65/0"}, "accuracy": {"min": 0.173192098736763, "max": 0.4907268285751343, "mean": 0.33195946365594864, "dir": "snapshots/random_2d_ed_dense/0410/65/0"}, "n_params": {"min": 10074526, "max": 10074526, "mean": 10074526.0, "dir": "snapshots/random_2d_ed_dense/0410/65/0"}, "leaf": false, "n_nets": 2}