{"ari": {"min": 0.8217476606369019, "max": 0.8430203795433044, "mean": 0.8323840200901031, "dir": "snapshots/random_hybrid_3d/0416/174/1"}, "miou": {"min": 0.4302271902561188, "max": 0.5091421008110046, "mean": 0.4696846455335617, "dir": "snapshots/random_hybrid_3d/0416/174/1"}, "accuracy": {"min": 0.9328641295433044, "max": 0.9428717494010925, "mean": 0.9378679394721985, "dir": "snapshots/random_hybrid_3d/0416/174/1"}, "n_params": {"min": 4578855, "max": 4579002, "mean": 4578928.5, "dir": "snapshots/random_hybrid_3d/0416/174/1"}, "leaf": false, "n_nets": 2}