{"leaf": true, "dir": "snapshots/random_hybrid_3d/0424/293/0", "n_nets": 1, "name": "Hybrid3DCRF_293_0", "ari": [0.8151884078979492], "miou": [0.5455394983291626], "accuracy": [0.9293898344039917], "n_params": [1576073], "n_iterations": 55200}