{"ari": {"min": 0.8248615860939026, "max": 0.835689902305603, "mean": 0.8302757441997528, "dir": "snapshots/random_hybrid_3d/0416/243/1"}, "miou": {"min": 0.42023807764053345, "max": 0.5604174733161926, "mean": 0.49032777547836304, "dir": "snapshots/random_hybrid_3d/0416/243/1"}, "accuracy": {"min": 0.932267963886261, "max": 0.9396793842315674, "mean": 0.9359736740589142, "dir": "snapshots/random_hybrid_3d/0416/243/1"}, "n_params": {"min": 14451324, "max": 14453263, "mean": 14452293.5, "dir": "snapshots/random_hybrid_3d/0416/243/1"}, "leaf": false, "n_nets": 2}