{"leaf": true, "dir": "snapshots/hybrid_3d_crf/0316/0/3", "n_nets": 1, "name": "Hybrid3DCRF_0_0", "ari": [0.8362035751342773], "miou": [0.6471851468086243], "accuracy": [0.9393300414085388], "n_params": [691951], "n_iterations": 32400}