{"ari": {"min": 0.8273627758026123, "max": 0.8288731575012207, "mean": 0.8279191553592682, "dir": "snapshots/hybrid_3d_crf/0404/5/2"}, "miou": {"min": 0.6349115371704102, "max": 0.6417957544326782, "mean": 0.6382553577423096, "dir": "snapshots/hybrid_3d_crf/0404/5/1"}, "accuracy": {"min": 0.9363232254981995, "max": 0.9369162321090698, "mean": 0.9365452527999878, "dir": "snapshots/hybrid_3d_crf/0404/5/2"}, "n_params": {"min": 1743930, "max": 1743930, "mean": 1743930.0, "dir": "snapshots/hybrid_3d_crf/0404/5/0"}, "leaf": false, "n_nets": 4}