{"ari": {"min": 0.6530473828315735, "max": 0.773604154586792, "mean": 0.7040414094924927, "dir": "snapshots/random_2d_ed/1210/36/3"}, "miou": {"min": 0.23719164729118347, "max": 0.44720444083213806, "mean": 0.3351670473814011, "dir": "snapshots/random_2d_ed/1210/36/3"}, "accuracy": {"min": 0.8639850616455078, "max": 0.9027517437934875, "mean": 0.8809496998786926, "dir": "snapshots/random_2d_ed/1210/36/3"}, "n_params": {"min": 499114, "max": 499114, "mean": 499114.0, "dir": "snapshots/random_2d_ed/1210/36/0"}, "leaf": false, "n_nets": 5}