{"ari": {"min": 0.8418933153152466, "max": 0.8423579931259155, "mean": 0.842125654220581, "dir": "snapshots/random_hybrid_3d/0416/257/0"}, "miou": {"min": 0.49370595812797546, "max": 0.508355975151062, "mean": 0.5010309666395187, "dir": "snapshots/random_hybrid_3d/0416/257/0"}, "accuracy": {"min": 0.9412649869918823, "max": 0.9424110651016235, "mean": 0.9418380260467529, "dir": "snapshots/random_hybrid_3d/0416/257/0"}, "n_params": {"min": 477855, "max": 477855, "mean": 477855.0, "dir": "snapshots/random_hybrid_3d/0416/257/0"}, "leaf": false, "n_nets": 2}