{"leaf": true, "dir": "snapshots/random_hybrid_3d/0424/125/1", "n_nets": 1, "name": "Hybrid3DCRF_125_1", "ari": [0.8047248721122742], "miou": [0.4719221591949463], "accuracy": [0.9270212054252625], "n_params": [716007], "n_iterations": 55200}