{"leaf": true, "dir": "snapshots/random_hybrid_3d/0424/125/1", "n_nets": 1, "name": "Hybrid3DCRF_125_1", "ari": [0.796054482460022], "miou": [0.4177035987377167], "accuracy": [0.9242761731147766], "n_params": [716007], "n_iterations": 7360}