{"ari": {"min": -0.010652702301740646, "max": 0.8299891352653503, "mean": 0.5232548776827484, "dir": "snapshots/random_2d_ed_dense/0410/0/1"}, "miou": {"min": 0.00024170498363673687, "max": 0.6109998822212219, "mean": 0.28579712932009643, "dir": "snapshots/random_2d_ed_dense/0410/0/1"}, "accuracy": {"min": 0.0009175898157991469, "max": 0.9378202557563782, "mean": 0.7260639574642652, "dir": "snapshots/random_2d_ed_dense/0410/0/0"}, "n_params": {"min": 52600, "max": 49701896, "mean": 4908946.881987577, "dir": "snapshots/random_2d_ed_dense/0410/227/1"}, "leaf": false, "n_nets": 161}