{"ari": {"min": 0.2643063962459564, "max": 0.7796776294708252, "mean": 0.6396682901041848, "dir": "snapshots/random_2d_ed_dense/0306/13"}, "miou": {"min": 0.00024170498363673687, "max": 0.4086589217185974, "mean": 0.2776384024681257, "dir": "snapshots/random_2d_ed_dense/0408/0/0"}, "accuracy": {"min": 0.0009175898157991469, "max": 0.9153043627738953, "mean": 0.7620611156952302, "dir": "snapshots/random_2d_ed_dense/0306/13"}, "n_params": {"min": 198864, "max": 8237315, "mean": 3166679.714285714, "dir": "snapshots/random_2d_ed_dense/0408/1/0"}, "leaf": false, "n_nets": 7}