{"ari": {"min": -0.010652702301740646, "max": 0.8299891352653503, "mean": 0.5104679299211479, "dir": "snapshots/random_2d_ed_dense/0410/0/1"}, "miou": {"min": 0.003937064204365015, "max": 0.6382377743721008, "mean": 0.3055193941418426, "dir": "snapshots/random_2d_ed_dense/0503/163/1"}, "accuracy": {"min": 0.01898324489593506, "max": 0.9378202557563782, "mean": 0.7136653283223338, "dir": "snapshots/random_2d_ed_dense/0410/0/0"}, "n_params": {"min": 52581, "max": 49701896, "mean": 5169026.098265896, "dir": "snapshots/random_2d_ed_dense/0410/227/1"}, "leaf": false, "n_nets": 346}