{"ari": {"min": 0.2643063962459564, "max": 0.7796776294708252, "mean": 0.5799013003706932, "dir": "snapshots/random_2d_ed_dense/0306/13"}, "miou": {"min": 0.00024170498363673687, "max": 0.38553568720817566, "mean": 0.227371784101706, "dir": "snapshots/random_2d_ed_dense/0306/13"}, "accuracy": {"min": 0.0009175898157991469, "max": 0.9153043627738953, "mean": 0.6682127803942421, "dir": "snapshots/random_2d_ed_dense/0306/13"}, "n_params": {"min": 661767, "max": 6357218, "mean": 3382928.75, "dir": "snapshots/random_2d_ed_dense/0306/13"}, "leaf": false, "n_nets": 4}