{"ari": {"min": -0.010652702301740646, "max": 0.8299891352653503, "mean": 0.511261454154857, "dir": "snapshots/random_2d_ed_dense/0410/0/1"}, "miou": {"min": 0.00024170498363673687, "max": 0.6382377743721008, "mean": 0.30462627859852676, "dir": "snapshots/random_2d_ed_dense/0503/163/1"}, "accuracy": {"min": 0.0009175898157991469, "max": 0.9378202557563782, "mean": 0.713145870631727, "dir": "snapshots/random_2d_ed_dense/0410/0/0"}, "n_params": {"min": 52581, "max": 49701896, "mean": 5148613.557142857, "dir": "snapshots/random_2d_ed_dense/0410/227/1"}, "leaf": false, "n_nets": 350}