{"ari": {"min": 0.829439103603363, "max": 0.829439103603363, "mean": 0.829439103603363, "dir": "snapshots/random_hybrid_3d/0424/57/1"}, "miou": {"min": 0.6268610954284668, "max": 0.6268610954284668, "mean": 0.6268610954284668, "dir": "snapshots/random_hybrid_3d/0424/57/1"}, "accuracy": {"min": 0.9370925426483154, "max": 0.9370925426483154, "mean": 0.9370925426483154, "dir": "snapshots/random_hybrid_3d/0424/57/1"}, "n_params": {"min": 935095, "max": 935095, "mean": 935095.0, "dir": "snapshots/random_hybrid_3d/0424/57/1"}, "leaf": false, "n_nets": 1}