{"ari": {"min": 0.41692137718200684, "max": 0.6048843860626221, "mean": 0.5109028816223145, "dir": "snapshots/random_2d_ed_dense/0410/172/0"}, "miou": {"min": 0.11672763526439667, "max": 0.2864256501197815, "mean": 0.20157664269208908, "dir": "snapshots/random_2d_ed_dense/0410/172/0"}, "accuracy": {"min": 0.4399481415748596, "max": 0.8495469093322754, "mean": 0.6447475254535675, "dir": "snapshots/random_2d_ed_dense/0410/172/0"}, "n_params": {"min": 2702581, "max": 2702581, "mean": 2702581.0, "dir": "snapshots/random_2d_ed_dense/0410/172/0"}, "leaf": false, "n_nets": 2}