{"leaf": true, "dir": "snapshots/random_hybrid_3d/0424/79/1", "n_nets": 1, "name": "Hybrid3DCRF_79_1", "ari": [0.8286384344100952], "miou": [0.6218387484550476], "accuracy": [0.9368846416473389], "n_params": [16337661], "n_iterations": 46000}