{"leaf": true, "dir": "snapshots/random_hybrid_3d/0424/79/1", "n_nets": 1, "name": "Hybrid3DCRF_79_1", "ari": [0.8316011428833008], "miou": [0.6249790787696838], "accuracy": [0.9385061860084534], "n_params": [16337661], "n_iterations": 55200}