{"ari": {"min": 0.48443424701690674, "max": 0.5384002923965454, "mean": 0.5154221892356873, "dir": "snapshots/random_2d_ed/1216/65/4"}, "miou": {"min": 0.2023628056049347, "max": 0.24743607640266418, "mean": 0.2225360780954361, "dir": "snapshots/random_2d_ed/1216/65/4"}, "accuracy": {"min": 0.8471366167068481, "max": 0.8659264445304871, "mean": 0.856434452533722, "dir": "snapshots/random_2d_ed/1216/65/4"}, "n_params": {"min": 11451947, "max": 11451947, "mean": 11451947.0, "dir": "snapshots/random_2d_ed/1216/65/0"}, "leaf": false, "n_nets": 5}