{"ari": {"min": 0.47842249274253845, "max": 0.47842249274253845, "mean": 0.47842249274253845, "dir": "snapshots/random_2d_ed/1216/65/0"}, "miou": {"min": 0.20189066231250763, "max": 0.20189066231250763, "mean": 0.20189066231250763, "dir": "snapshots/random_2d_ed/1216/65/0"}, "accuracy": {"min": 0.8459727764129639, "max": 0.8459727764129639, "mean": 0.8459727764129639, "dir": "snapshots/random_2d_ed/1216/65/0"}, "n_params": {"min": 11451947, "max": 11451947, "mean": 11451947.0, "dir": "snapshots/random_2d_ed/1216/65/0"}, "leaf": false, "n_nets": 1}