{"ari": {"min": 0.8284547328948975, "max": 0.8298189043998718, "mean": 0.8291368186473846, "dir": "snapshots/random_hybrid_3d/0424/176/1"}, "miou": {"min": 0.4899897873401642, "max": 0.6235231161117554, "mean": 0.5567564517259598, "dir": "snapshots/random_hybrid_3d/0424/176/1"}, "accuracy": {"min": 0.9365633130073547, "max": 0.9374546408653259, "mean": 0.9370089769363403, "dir": "snapshots/random_hybrid_3d/0424/176/1"}, "n_params": {"min": 32691500, "max": 32693075, "mean": 32692287.5, "dir": "snapshots/random_hybrid_3d/0424/176/1"}, "leaf": false, "n_nets": 2}