{"ari": {"min": 0.8270142674446106, "max": 0.8307083249092102, "mean": 0.8288612961769104, "dir": "snapshots/random_hybrid_3d/0424/194/1"}, "miou": {"min": 0.6056810021400452, "max": 0.6207744479179382, "mean": 0.6132277250289917, "dir": "snapshots/random_hybrid_3d/0424/194/1"}, "accuracy": {"min": 0.9360353350639343, "max": 0.9377846717834473, "mean": 0.9369100034236908, "dir": "snapshots/random_hybrid_3d/0424/194/1"}, "n_params": {"min": 10526929, "max": 10528588, "mean": 10527758.5, "dir": "snapshots/random_hybrid_3d/0424/194/1"}, "leaf": false, "n_nets": 2}