{"ari": {"min": 0.8252255916595459, "max": 0.8253810405731201, "mean": 0.825303316116333, "dir": "snapshots/random_2d_ed_dense/0410/73/0"}, "miou": {"min": 0.5290233492851257, "max": 0.5295329093933105, "mean": 0.5292781293392181, "dir": "snapshots/random_2d_ed_dense/0410/73/0"}, "accuracy": {"min": 0.9356502890586853, "max": 0.9366064071655273, "mean": 0.9361283481121063, "dir": "snapshots/random_2d_ed_dense/0410/73/0"}, "n_params": {"min": 19969413, "max": 19969413, "mean": 19969413.0, "dir": "snapshots/random_2d_ed_dense/0410/73/0"}, "leaf": false, "n_nets": 2}