{"leaf": true, "dir": "snapshots/random_2d_ed_dense/0503/64/1", "n_nets": 1, "name": "RandomUnet2D_64_1", "ari": [0.07384853810071945], "miou": [0.14624717831611633], "accuracy": [0.5599824786186218], "n_params": [1587336], "n_iterations": 8800}