{"leaf": true, "dir": "snapshots/random_2d_ed/1216/17/1", "n_nets": 1, "name": "RandomUnet2D_17_0", "ari": [0.5245163440704346], "miou": [0.2274578958749771], "accuracy": [0.8622528910636902], "n_params": [4738752], "n_iterations": 62656}