{"ari": {"min": 0.8204694390296936, "max": 0.8426622152328491, "mean": 0.8315658271312714, "dir": "snapshots/random_hybrid_3d/0416/66/1"}, "miou": {"min": 0.4191570580005646, "max": 0.5715407133102417, "mean": 0.49534888565540314, "dir": "snapshots/random_hybrid_3d/0416/66/1"}, "accuracy": {"min": 0.9342377185821533, "max": 0.9432435631752014, "mean": 0.9387406408786774, "dir": "snapshots/random_hybrid_3d/0416/66/1"}, "n_params": {"min": 5809387, "max": 5809534, "mean": 5809460.5, "dir": "snapshots/random_hybrid_3d/0416/66/1"}, "leaf": false, "n_nets": 2}