{"leaf": true, "dir": "snapshots/random_hybrid_3d/0424/15/1", "n_nets": 1, "name": "Hybrid3DCRF_15_0", "ari": [0.8282410502433777], "miou": [0.5672590732574463], "accuracy": [0.9361729025840759], "n_params": [7512578], "n_iterations": 55200}