{"ari": {"min": 0.8044943809509277, "max": 0.8380244970321655, "mean": 0.8212594389915466, "dir": "snapshots/random_hybrid_3d/0416/151/0"}, "miou": {"min": 0.42162275314331055, "max": 0.5429868698120117, "mean": 0.48230481147766113, "dir": "snapshots/random_hybrid_3d/0416/151/0"}, "accuracy": {"min": 0.9257806539535522, "max": 0.941548764705658, "mean": 0.9336647093296051, "dir": "snapshots/random_hybrid_3d/0416/151/0"}, "n_params": {"min": 422940, "max": 423087, "mean": 423013.5, "dir": "snapshots/random_hybrid_3d/0416/151/0"}, "leaf": false, "n_nets": 2}