{"ari": {"min": 0.8119378089904785, "max": 0.823395848274231, "mean": 0.8176668286323547, "dir": "snapshots/random_2d_ed_dense/0503/73/1"}, "miou": {"min": 0.4835139513015747, "max": 0.6150789260864258, "mean": 0.5492964386940002, "dir": "snapshots/random_2d_ed_dense/0503/73/1"}, "accuracy": {"min": 0.9289910197257996, "max": 0.9354216456413269, "mean": 0.9322063326835632, "dir": "snapshots/random_2d_ed_dense/0503/73/1"}, "n_params": {"min": 19969290, "max": 19969290, "mean": 19969290.0, "dir": "snapshots/random_2d_ed_dense/0503/73/1"}, "leaf": false, "n_nets": 2}