{"ari": {"min": 0.6105911135673523, "max": 0.7344608902931213, "mean": 0.6682949185371398, "dir": "snapshots/random_2d_ed/1216/56/2"}, "miou": {"min": 0.22222493588924408, "max": 0.391279399394989, "mean": 0.3097208946943283, "dir": "snapshots/random_2d_ed/1216/56/2"}, "accuracy": {"min": 0.8332099318504333, "max": 0.8769276142120361, "mean": 0.8541283130645752, "dir": "snapshots/random_2d_ed/1216/56/2"}, "n_params": {"min": 1127592, "max": 1127592, "mean": 1127592.0, "dir": "snapshots/random_2d_ed/1216/56/0"}, "leaf": false, "n_nets": 5}