{"ari": {"min": 0.6105911135673523, "max": 0.7346362471580505, "mean": 0.6678091287612915, "dir": "snapshots/random_2d_ed/1216/56/2"}, "miou": {"min": 0.22222493588924408, "max": 0.3941041827201843, "mean": 0.31060302555561065, "dir": "snapshots/random_2d_ed/1216/56/2"}, "accuracy": {"min": 0.8332099318504333, "max": 0.8776854276657104, "mean": 0.8542092442512512, "dir": "snapshots/random_2d_ed/1216/56/2"}, "n_params": {"min": 1127592, "max": 1127592, "mean": 1127592.0, "dir": "snapshots/random_2d_ed/1216/56/0"}, "leaf": false, "n_nets": 5}