{"ari": {"min": 0.5038502812385559, "max": 0.6348678469657898, "mean": 0.5693590641021729, "dir": "snapshots/random_2d_ed_dense/0503/99/1"}, "miou": {"min": 0.24733777344226837, "max": 0.28288766741752625, "mean": 0.2651127204298973, "dir": "snapshots/random_2d_ed_dense/0503/99/1"}, "accuracy": {"min": 0.8124138116836548, "max": 0.8527876138687134, "mean": 0.8326007127761841, "dir": "snapshots/random_2d_ed_dense/0503/99/1"}, "n_params": {"min": 334659, "max": 334659, "mean": 334659.0, "dir": "snapshots/random_2d_ed_dense/0503/99/0"}, "leaf": false, "n_nets": 2}