{"ari": {"min": 0.6013912558555603, "max": 0.748071014881134, "mean": 0.6753619074821472, "dir": "snapshots/random_2d_ed/1216/28/0"}, "miou": {"min": 0.2412310093641281, "max": 0.39880964159965515, "mean": 0.31015683710575104, "dir": "snapshots/random_2d_ed/1216/28/0"}, "accuracy": {"min": 0.8602432608604431, "max": 0.9016183018684387, "mean": 0.8789312720298768, "dir": "snapshots/random_2d_ed/1216/28/0"}, "n_params": {"min": 2168126, "max": 2168126, "mean": 2168126.0, "dir": "snapshots/random_2d_ed/1216/28/0"}, "leaf": false, "n_nets": 5}