{"leaf": true, "dir": "snapshots/random_2d_ed/1216/85/0", "n_nets": 1, "name": "RandomUnet2D_85_1", "ari": [0.7783389687538147], "miou": [0.4421180784702301], "accuracy": [0.903314471244812], "n_params": [8768049], "n_iterations": 96120}