{"ari": {"min": 0.8275670409202576, "max": 0.8297021389007568, "mean": 0.8286345899105072, "dir": "snapshots/random_hybrid_3d/0424/283/0"}, "miou": {"min": 0.6168953776359558, "max": 0.6176594495773315, "mean": 0.6172774136066437, "dir": "snapshots/random_hybrid_3d/0424/283/0"}, "accuracy": {"min": 0.9360723495483398, "max": 0.9367836713790894, "mean": 0.9364280104637146, "dir": "snapshots/random_hybrid_3d/0424/283/0"}, "n_params": {"min": 1867827, "max": 1870116, "mean": 1868971.5, "dir": "snapshots/random_hybrid_3d/0424/283/0"}, "leaf": false, "n_nets": 2}