{"leaf": true, "dir": "snapshots/random_hybrid_3d/0424/3/1", "n_nets": 1, "name": "Hybrid3DCRF_3_0", "ari": [0.8305463790893555], "miou": [0.6195666193962097], "accuracy": [0.9376044869422913], "n_params": [2222476], "n_iterations": 55200}