{"ari": {"min": 0.7796855568885803, "max": 0.8309720158576965, "mean": 0.8053287863731384, "dir": "snapshots/random_hybrid_3d/0424/268/1"}, "miou": {"min": 0.32659026980400085, "max": 0.6185215711593628, "mean": 0.4725559204816818, "dir": "snapshots/random_hybrid_3d/0424/268/1"}, "accuracy": {"min": 0.9139295816421509, "max": 0.9378989338874817, "mean": 0.9259142577648163, "dir": "snapshots/random_hybrid_3d/0424/268/1"}, "n_params": {"min": 2618816, "max": 2618816, "mean": 2618816.0, "dir": "snapshots/random_hybrid_3d/0424/268/0"}, "leaf": false, "n_nets": 2}