{"ari": {"min": 4.0079328453292034e-18, "max": 0.8127641081809998, "mean": 0.4063820540904999, "dir": "snapshots/random_2d_ed_dense/0410/110/0"}, "miou": {"min": 0.0688043013215065, "max": 0.5437889695167542, "mean": 0.3062966354191303, "dir": "snapshots/random_2d_ed_dense/0410/110/0"}, "accuracy": {"min": 0.4816301167011261, "max": 0.9257118701934814, "mean": 0.7036709934473038, "dir": "snapshots/random_2d_ed_dense/0410/110/0"}, "n_params": {"min": 14344583, "max": 14344583, "mean": 14344583.0, "dir": "snapshots/random_2d_ed_dense/0410/110/1"}, "leaf": false, "n_nets": 2}