{"ari": {"min": 0.8284838199615479, "max": 0.8287815451622009, "mean": 0.8286326825618744, "dir": "snapshots/random_hybrid_3d/0424/215/1"}, "miou": {"min": 0.6122808456420898, "max": 0.6227594017982483, "mean": 0.6175201237201691, "dir": "snapshots/random_hybrid_3d/0424/215/1"}, "accuracy": {"min": 0.9365837574005127, "max": 0.9370546340942383, "mean": 0.9368191957473755, "dir": "snapshots/random_hybrid_3d/0424/215/0"}, "n_params": {"min": 13238186, "max": 13238963, "mean": 13238574.5, "dir": "snapshots/random_hybrid_3d/0424/215/0"}, "leaf": false, "n_nets": 2}