{"ari": {"min": 0.259745717048645, "max": 0.8407284021377563, "mean": 0.5502370595932007, "dir": "snapshots/random_hybrid_3d/0416/108/0"}, "miou": {"min": 0.16950681805610657, "max": 0.6621116995811462, "mean": 0.4158092588186264, "dir": "snapshots/random_hybrid_3d/0416/108/0"}, "accuracy": {"min": 0.665465235710144, "max": 0.9429860711097717, "mean": 0.8042256534099579, "dir": "snapshots/random_hybrid_3d/0416/108/0"}, "n_params": {"min": 7399, "max": 7399, "mean": 7399.0, "dir": "snapshots/random_hybrid_3d/0416/108/0"}, "leaf": false, "n_nets": 2}