{"ari": {"min": 0.8283771276473999, "max": 0.82903653383255, "mean": 0.828706830739975, "dir": "snapshots/random_hybrid_3d/0424/34/1"}, "miou": {"min": 0.5149542689323425, "max": 0.5391467809677124, "mean": 0.5270505249500275, "dir": "snapshots/random_hybrid_3d/0424/34/1"}, "accuracy": {"min": 0.9362838864326477, "max": 0.9370286464691162, "mean": 0.936656266450882, "dir": "snapshots/random_hybrid_3d/0424/34/1"}, "n_params": {"min": 5045157, "max": 5045157, "mean": 5045157.0, "dir": "snapshots/random_hybrid_3d/0424/34/0"}, "leaf": false, "n_nets": 2}