{"ari": {"min": 0.8266623616218567, "max": 0.829201340675354, "mean": 0.8279318511486053, "dir": "snapshots/random_hybrid_3d/0424/34/1"}, "miou": {"min": 0.5109054446220398, "max": 0.5375432968139648, "mean": 0.5242243707180023, "dir": "snapshots/random_hybrid_3d/0424/34/1"}, "accuracy": {"min": 0.9350038766860962, "max": 0.9370331168174744, "mean": 0.9360184967517853, "dir": "snapshots/random_hybrid_3d/0424/34/1"}, "n_params": {"min": 5045157, "max": 5045157, "mean": 5045157.0, "dir": "snapshots/random_hybrid_3d/0424/34/0"}, "leaf": false, "n_nets": 2}