{"ari": {"min": 0.8273524045944214, "max": 0.8293324112892151, "mean": 0.8283424079418182, "dir": "snapshots/random_hybrid_3d/0424/34/1"}, "miou": {"min": 0.5212543606758118, "max": 0.5364294052124023, "mean": 0.5288418829441071, "dir": "snapshots/random_hybrid_3d/0424/34/1"}, "accuracy": {"min": 0.9362740516662598, "max": 0.937107264995575, "mean": 0.9366906583309174, "dir": "snapshots/random_hybrid_3d/0424/34/1"}, "n_params": {"min": 5045157, "max": 5045157, "mean": 5045157.0, "dir": "snapshots/random_hybrid_3d/0424/34/0"}, "leaf": false, "n_nets": 2}