{"leaf": true, "dir": "snapshots/random_hybrid_3d/0418/49/0", "n_nets": 1, "name": "Hybrid3DCRF_49_0", "ari": [0.8295202255249023], "miou": [0.6213805079460144], "accuracy": [0.9367486238479614], "n_params": [712749], "n_iterations": 55200}