{"ari": {"min": 0.8298556804656982, "max": 0.8298556804656982, "mean": 0.8298556804656982, "dir": "snapshots/random_hybrid_3d/0418/237/0"}, "miou": {"min": 0.6240512728691101, "max": 0.6240512728691101, "mean": 0.6240512728691101, "dir": "snapshots/random_hybrid_3d/0418/237/0"}, "accuracy": {"min": 0.9373067617416382, "max": 0.9373067617416382, "mean": 0.9373067617416382, "dir": "snapshots/random_hybrid_3d/0418/237/0"}, "n_params": {"min": 609800, "max": 609800, "mean": 609800.0, "dir": "snapshots/random_hybrid_3d/0418/237/0"}, "leaf": false, "n_nets": 1}