{"ari": {"min": 0.8288776874542236, "max": 0.843479335308075, "mean": 0.8361785113811493, "dir": "snapshots/random_hybrid_3d/0416/168/1"}, "miou": {"min": 0.49432292580604553, "max": 0.5085631608963013, "mean": 0.5014430433511734, "dir": "snapshots/random_hybrid_3d/0416/168/1"}, "accuracy": {"min": 0.9369631409645081, "max": 0.9426688551902771, "mean": 0.9398159980773926, "dir": "snapshots/random_hybrid_3d/0416/168/1"}, "n_params": {"min": 1939318, "max": 1939318, "mean": 1939318.0, "dir": "snapshots/random_hybrid_3d/0416/168/0"}, "leaf": false, "n_nets": 2}