{"ari": {"min": 0.6098316311836243, "max": 0.7783083319664001, "mean": 0.6914995789527894, "dir": "snapshots/random_2d_ed/1216/63/2"}, "miou": {"min": 0.20680224895477295, "max": 0.4995695650577545, "mean": 0.33689560890197756, "dir": "snapshots/random_2d_ed/1216/63/2"}, "accuracy": {"min": 0.8417869806289673, "max": 0.9010619521141052, "mean": 0.8670412182807923, "dir": "snapshots/random_2d_ed/1216/63/2"}, "n_params": {"min": 1427077, "max": 1427077, "mean": 1427077.0, "dir": "snapshots/random_2d_ed/1216/63/0"}, "leaf": false, "n_nets": 5}