{"ari": {"min": 0.8293431401252747, "max": 0.8295896649360657, "mean": 0.8294664025306702, "dir": "snapshots/random_hybrid_3d/0424/252/1"}, "miou": {"min": 0.6260666847229004, "max": 0.627437949180603, "mean": 0.6267523169517517, "dir": "snapshots/random_hybrid_3d/0424/252/0"}, "accuracy": {"min": 0.9369783997535706, "max": 0.9370715022087097, "mean": 0.9370249509811401, "dir": "snapshots/random_hybrid_3d/0424/252/0"}, "n_params": {"min": 1256707, "max": 1256707, "mean": 1256707.0, "dir": "snapshots/random_hybrid_3d/0424/252/0"}, "leaf": false, "n_nets": 2}