{"ari": {"min": 0.03883000835776329, "max": 0.5815050005912781, "mean": 0.3101675044745207, "dir": "snapshots/random_2d_ed_dense/0410/207/1"}, "miou": {"min": 0.08579156547784805, "max": 0.271666020154953, "mean": 0.17872879281640053, "dir": "snapshots/random_2d_ed_dense/0410/207/1"}, "accuracy": {"min": 0.5190093517303467, "max": 0.8361097574234009, "mean": 0.6775595545768738, "dir": "snapshots/random_2d_ed_dense/0410/207/1"}, "n_params": {"min": 915357, "max": 915357, "mean": 915357.0, "dir": "snapshots/random_2d_ed_dense/0410/207/0"}, "leaf": false, "n_nets": 2}