{"ari": {"min": -5.039513416704722e-05, "max": 0.5468668341636658, "mean": 0.27340821951474936, "dir": "snapshots/random_2d_ed_dense/0503/207/0"}, "miou": {"min": 0.07079378515481949, "max": 0.2597244679927826, "mean": 0.16525912657380104, "dir": "snapshots/random_2d_ed_dense/0503/207/0"}, "accuracy": {"min": 0.41480156779289246, "max": 0.8355352282524109, "mean": 0.6251683980226517, "dir": "snapshots/random_2d_ed_dense/0503/207/0"}, "n_params": {"min": 915268, "max": 915268, "mean": 915268.0, "dir": "snapshots/random_2d_ed_dense/0503/207/0"}, "leaf": false, "n_nets": 2}