{"ari": {"min": 0.8408647179603577, "max": 0.845966100692749, "mean": 0.8434154093265533, "dir": "snapshots/random_hybrid_3d/0416/69/0"}, "miou": {"min": 0.570724368095398, "max": 0.5829957723617554, "mean": 0.5768600702285767, "dir": "snapshots/random_hybrid_3d/0416/69/0"}, "accuracy": {"min": 0.9429050087928772, "max": 0.9446901679039001, "mean": 0.9437975883483887, "dir": "snapshots/random_hybrid_3d/0416/69/0"}, "n_params": {"min": 45309, "max": 45456, "mean": 45382.5, "dir": "snapshots/random_hybrid_3d/0416/69/0"}, "leaf": false, "n_nets": 2}