{"leaf": true, "dir": "snapshots/random_hybrid_3d/0424/122/0", "n_nets": 1, "name": "Hybrid3DCRF_122_0", "ari": [0.8273856043815613], "miou": [0.615356981754303], "accuracy": [0.936396598815918], "n_params": [3853086], "n_iterations": 20240}