{"leaf": true, "dir": "snapshots/random_hybrid_3d/0424/217/0", "n_nets": 1, "name": "Hybrid3DCRF_217_0", "ari": [0.8294149041175842], "miou": [0.6194297671318054], "accuracy": [0.937316358089447], "n_params": [5413904], "n_iterations": 55200}