{"leaf": true, "dir": "snapshots/random_2d_ed/1216/49/2", "n_nets": 1, "name": "RandomUnet2D_49_2", "ari": [0.5961254239082336], "miou": [0.2035951316356659], "accuracy": [0.8342025876045227], "n_params": [383782], "n_iterations": 15664}