{"leaf": true, "dir": "snapshots/random_2d_ed/1216/6/3", "n_nets": 1, "name": "RandomUnet2D_6_3", "ari": [0.630149781703949], "miou": [0.2357742190361023], "accuracy": [0.8420215249061584], "n_params": [197039], "n_iterations": 15664}