{"leaf": true, "dir": "snapshots/hybrid_3d_crf/0404/3/2", "n_nets": 1, "name": "Hybrid3DCRF_3_0", "ari": [0.8275477886199951], "miou": [0.6366340517997742], "accuracy": [0.9364133477210999], "n_params": [1743930], "n_iterations": 44160}