{"ari": {"min": 0.8287128210067749, "max": 0.8290361762046814, "mean": 0.8288744986057281, "dir": "snapshots/random_hybrid_3d/0418/9/0"}, "miou": {"min": 0.6206240057945251, "max": 0.623285174369812, "mean": 0.6219545900821686, "dir": "snapshots/random_hybrid_3d/0418/9/1"}, "accuracy": {"min": 0.9366263747215271, "max": 0.9368814826011658, "mean": 0.9367539286613464, "dir": "snapshots/random_hybrid_3d/0418/9/1"}, "n_params": {"min": 9191, "max": 9191, "mean": 9191.0, "dir": "snapshots/random_hybrid_3d/0418/9/1"}, "leaf": false, "n_nets": 2}