{"ari": {"min": -0.010329180397093296, "max": 0.8285583257675171, "mean": 0.5010448341125793, "dir": "snapshots/random_2d_ed_dense/0503/54/1"}, "miou": {"min": 0.003937064204365015, "max": 0.6382377743721008, "mean": 0.3206659242801526, "dir": "snapshots/random_2d_ed_dense/0503/163/1"}, "accuracy": {"min": 0.01898324489593506, "max": 0.936843991279602, "mean": 0.7021415744410463, "dir": "snapshots/random_2d_ed_dense/0503/54/1"}, "n_params": {"min": 52581, "max": 49701782, "mean": 5352774.058201058, "dir": "snapshots/random_2d_ed_dense/0503/227/1"}, "leaf": false, "n_nets": 189}