{"ari": {"min": 0.8288606405258179, "max": 0.8297362327575684, "mean": 0.8292984366416931, "dir": "snapshots/random_hybrid_3d/0424/5/0"}, "miou": {"min": 0.6225493550300598, "max": 0.6257799863815308, "mean": 0.6241646707057953, "dir": "snapshots/random_hybrid_3d/0424/5/0"}, "accuracy": {"min": 0.9374058246612549, "max": 0.9376429319381714, "mean": 0.9375243782997131, "dir": "snapshots/random_hybrid_3d/0424/5/0"}, "n_params": {"min": 9994161, "max": 9996450, "mean": 9995305.5, "dir": "snapshots/random_hybrid_3d/0424/5/0"}, "leaf": false, "n_nets": 2}