{"ari": {"min": 0.8287124633789062, "max": 0.8310816287994385, "mean": 0.8298970460891724, "dir": "snapshots/random_hybrid_3d/0424/5/0"}, "miou": {"min": 0.6174135208129883, "max": 0.6260868310928345, "mean": 0.6217501759529114, "dir": "snapshots/random_hybrid_3d/0424/5/0"}, "accuracy": {"min": 0.9370284676551819, "max": 0.937970757484436, "mean": 0.937499612569809, "dir": "snapshots/random_hybrid_3d/0424/5/0"}, "n_params": {"min": 9994161, "max": 9996450, "mean": 9995305.5, "dir": "snapshots/random_hybrid_3d/0424/5/0"}, "leaf": false, "n_nets": 2}