{"ari": {"min": 0.8288574814796448, "max": 0.8305463790893555, "mean": 0.8297019302845001, "dir": "snapshots/random_hybrid_3d/0424/3/1"}, "miou": {"min": 0.6177538633346558, "max": 0.6195666193962097, "mean": 0.6186602413654327, "dir": "snapshots/random_hybrid_3d/0424/3/1"}, "accuracy": {"min": 0.9365796446800232, "max": 0.9376044869422913, "mean": 0.9370920658111572, "dir": "snapshots/random_hybrid_3d/0424/3/1"}, "n_params": {"min": 2222476, "max": 2222476, "mean": 2222476.0, "dir": "snapshots/random_hybrid_3d/0424/3/0"}, "leaf": false, "n_nets": 2}