{"leaf": true, "dir": "snapshots/random_2d_ed/1210/33/3", "n_nets": 1, "name": "RandomUnet2D_33_3", "ari": [0.8165056705474854], "miou": [0.5109712481498718], "accuracy": [0.9295675158500671], "n_params": [44963904], "n_iterations": 25000}