{"leaf": true, "dir": "snapshots/random_hybrid_3d/0418/43/0", "n_nets": 1, "name": "Hybrid3DCRF_43_0", "ari": [0.8299315571784973], "miou": [0.6163384318351746], "accuracy": [0.9374076128005981], "n_params": [7847], "n_iterations": 18400}