{"leaf": true, "dir": "snapshots/random_hybrid_3d/0416/185/1", "n_nets": 1, "name": "Hybrid3DCRF_185_1", "ari": [0.8340305685997009], "miou": [0.4305100440979004], "accuracy": [0.9345625638961792], "n_params": [6270285], "n_iterations": 368}