{"ari": {"min": 0.2816266119480133, "max": 0.841412365436554, "mean": 0.5615194886922836, "dir": "snapshots/random_hybrid_3d/0416/150/1"}, "miou": {"min": 0.1825530081987381, "max": 0.5721041560173035, "mean": 0.3773285821080208, "dir": "snapshots/random_hybrid_3d/0416/150/1"}, "accuracy": {"min": 0.7472279667854309, "max": 0.9429583549499512, "mean": 0.845093160867691, "dir": "snapshots/random_hybrid_3d/0416/150/1"}, "n_params": {"min": 320042, "max": 320042, "mean": 320042.0, "dir": "snapshots/random_hybrid_3d/0416/150/1"}, "leaf": false, "n_nets": 2}