{"ari": {"min": 0.24893079698085785, "max": 0.8408448100090027, "mean": 0.5448878034949303, "dir": "snapshots/random_hybrid_3d/0416/157/1"}, "miou": {"min": 0.17856189608573914, "max": 0.6462214589118958, "mean": 0.41239167749881744, "dir": "snapshots/random_hybrid_3d/0416/157/1"}, "accuracy": {"min": 0.7226911783218384, "max": 0.9429470300674438, "mean": 0.8328191041946411, "dir": "snapshots/random_hybrid_3d/0416/157/1"}, "n_params": {"min": 3762738, "max": 3764110, "mean": 3763424.0, "dir": "snapshots/random_hybrid_3d/0416/157/1"}, "leaf": false, "n_nets": 2}