{"leaf": true, "dir": "snapshots/random_hybrid_3d/0416/254/0", "n_nets": 1, "name": "Hybrid3DCRF_254_1", "ari": [0.8397698998451233], "miou": [0.5081840753555298], "accuracy": [0.9402846693992615], "n_params": [4228938], "n_iterations": 368}