{"ari": {"min": 0.8124398589134216, "max": 0.820946991443634, "mean": 0.8166934251785278, "dir": "snapshots/random_2d_ed_dense/0503/146/0"}, "miou": {"min": 0.5432385802268982, "max": 0.6204967498779297, "mean": 0.5818676650524139, "dir": "snapshots/random_2d_ed_dense/0503/146/0"}, "accuracy": {"min": 0.9274994730949402, "max": 0.9322577714920044, "mean": 0.9298786222934723, "dir": "snapshots/random_2d_ed_dense/0503/146/0"}, "n_params": {"min": 2069441, "max": 2069441, "mean": 2069441.0, "dir": "snapshots/random_2d_ed_dense/0503/146/0"}, "leaf": false, "n_nets": 2}