{"leaf": true, "dir": "snapshots/random_2d_ed_dense/0503/9/1", "n_nets": 1, "name": "RandomUnet2D_9_1", "ari": [0.5900176167488098], "miou": [0.29940009117126465], "accuracy": [0.8290311694145203], "n_params": [1881922], "n_iterations": 8800}