{"leaf": true, "dir": "snapshots/random_2d_ed/1216/55/4", "n_nets": 1, "name": "RandomUnet2D_55_4", "ari": [0.6717073917388916], "miou": [0.29149866104125977], "accuracy": [0.8591835498809814], "n_params": [40497], "n_iterations": 15664}