{"ari": {"min": 0.8287664651870728, "max": 0.8297112584114075, "mean": 0.8292388617992401, "dir": "snapshots/random_hybrid_3d/0424/248/0"}, "miou": {"min": 0.619059681892395, "max": 0.6217533349990845, "mean": 0.6204065084457397, "dir": "snapshots/random_hybrid_3d/0424/248/0"}, "accuracy": {"min": 0.9362142086029053, "max": 0.937380313873291, "mean": 0.9367972612380981, "dir": "snapshots/random_hybrid_3d/0424/248/0"}, "n_params": {"min": 10339889, "max": 10341044, "mean": 10340466.5, "dir": "snapshots/random_hybrid_3d/0424/248/1"}, "leaf": false, "n_nets": 2}