{"ari": {"min": 0.8379380702972412, "max": 0.8401722311973572, "mean": 0.8390551507472992, "dir": "snapshots/random_hybrid_3d/0416/294/1"}, "miou": {"min": 0.46252351999282837, "max": 0.5095373392105103, "mean": 0.4860304296016693, "dir": "snapshots/random_hybrid_3d/0416/294/0"}, "accuracy": {"min": 0.9391297101974487, "max": 0.9412149786949158, "mean": 0.9401723444461823, "dir": "snapshots/random_hybrid_3d/0416/294/0"}, "n_params": {"min": 82795039, "max": 82797454, "mean": 82796246.5, "dir": "snapshots/random_hybrid_3d/0416/294/0"}, "leaf": false, "n_nets": 2}