{"ari": {"min": 0.37704014778137207, "max": 0.7089729905128479, "mean": 0.54300656914711, "dir": "snapshots/random_hybrid_3d/0416/93/1"}, "miou": {"min": 0.1975066363811493, "max": 0.2468884289264679, "mean": 0.2221975326538086, "dir": "snapshots/random_hybrid_3d/0416/93/1"}, "accuracy": {"min": 0.7905775904655457, "max": 0.8957479596138, "mean": 0.8431627750396729, "dir": "snapshots/random_hybrid_3d/0416/93/1"}, "n_params": {"min": 3197120, "max": 3197120, "mean": 3197120.0, "dir": "snapshots/random_hybrid_3d/0416/93/0"}, "leaf": false, "n_nets": 2}