{"leaf": true, "dir": "snapshots/random_hybrid_3d/0424/117/0", "n_nets": 1, "name": "Hybrid3DCRF_117_0", "ari": [0.8292005658149719], "miou": [0.6170687079429626], "accuracy": [0.9366210103034973], "n_params": [33908725], "n_iterations": 55200}