{"leaf": true, "dir": "snapshots/random_hybrid_3d/0424/117/0", "n_nets": 1, "name": "Hybrid3DCRF_117_0", "ari": [0.8292573690414429], "miou": [0.6177366971969604], "accuracy": [0.9366626143455505], "n_params": [33908725], "n_iterations": 34960}