{"ari": {"min": 0.8414528965950012, "max": 0.8423242568969727, "mean": 0.8418885767459869, "dir": "snapshots/random_hybrid_3d/0416/45/0"}, "miou": {"min": 0.48276180028915405, "max": 0.5920130610466003, "mean": 0.5373874306678772, "dir": "snapshots/random_hybrid_3d/0416/45/0"}, "accuracy": {"min": 0.9358057975769043, "max": 0.9430911540985107, "mean": 0.9394484758377075, "dir": "snapshots/random_hybrid_3d/0416/45/0"}, "n_params": {"min": 24199, "max": 24346, "mean": 24272.5, "dir": "snapshots/random_hybrid_3d/0416/45/1"}, "leaf": false, "n_nets": 2}