{"ari": {"min": 0.8058639764785767, "max": 0.84404057264328, "mean": 0.8249522745609283, "dir": "snapshots/random_hybrid_3d/0416/106/1"}, "miou": {"min": 0.3933010995388031, "max": 0.4238969385623932, "mean": 0.40859901905059814, "dir": "snapshots/random_hybrid_3d/0416/106/1"}, "accuracy": {"min": 0.9273909330368042, "max": 0.9383867383003235, "mean": 0.9328888356685638, "dir": "snapshots/random_hybrid_3d/0416/106/1"}, "n_params": {"min": 25333936, "max": 25335245, "mean": 25334590.5, "dir": "snapshots/random_hybrid_3d/0416/106/0"}, "leaf": false, "n_nets": 2}