{"ari": {"min": 0.8182185888290405, "max": 0.8295005559921265, "mean": 0.8238595724105835, "dir": "snapshots/random_hybrid_3d/0424/230/0"}, "miou": {"min": 0.5535253882408142, "max": 0.6242331266403198, "mean": 0.588879257440567, "dir": "snapshots/random_hybrid_3d/0424/230/0"}, "accuracy": {"min": 0.9311061501502991, "max": 0.9371984004974365, "mean": 0.9341522753238678, "dir": "snapshots/random_hybrid_3d/0424/230/0"}, "n_params": {"min": 10983, "max": 10983, "mean": 10983.0, "dir": "snapshots/random_hybrid_3d/0424/230/0"}, "leaf": false, "n_nets": 2}